[11:20:39] [main/INFO] (FabricLoader/GameProvider) Loading Minecraft 1.20.1 with Fabric Loader 0.15.11
[11:20:39] [main/DEBUG] (FabricLoader/GamePatch) Found game constructor: net.minecraft.client.main.Main -> net.minecraft.client.MinecraftClient
[11:20:39] [main/DEBUG] (FabricLoader/GamePatch) Patching game constructor <init>(Lnet/minecraft/client/RunArgs;)V
[11:20:39] [main/DEBUG] (FabricLoader/GamePatch) Run directory field is thought to be net/minecraft/client/MinecraftClient/runDirectory
[11:20:39] [main/DEBUG] (FabricLoader/GamePatch) Applying brand name hook to net/minecraft/client/ClientBrandRetriever::getClientModName
[11:20:39] [main/DEBUG] (FabricLoader/GamePatch) Applying brand name hook to net/minecraft/server/MinecraftServer::getServerModName
[11:20:40] [main/DEBUG] (FabricLoader/Mappings) Loading mappings took 535 ms
[11:20:40] [main/DEBUG] (FabricLoader/GamePatch) Patched 3 classs
[11:20:40] [main/DEBUG] (FabricLoader/Discovery) Mod discovery time: 190.2 ms
[11:20:40] [main/DEBUG] (FabricLoader/Resolution) Mod resolution time: 256.9 ms
[11:20:40] [main/INFO] (FabricLoader) Loading 60 mods:
	- fabric-api 0.92.2+1.20.1
	- fabric-api-base 0.4.31+1802ada577
	- fabric-api-lookup-api-v1 1.6.36+1802ada577
	- fabric-biome-api-v1 13.0.13+1802ada577
	- fabric-block-api-v1 1.0.11+1802ada577
	- fabric-block-view-api-v2 1.0.1+1802ada577
	- fabric-blockrenderlayer-v1 1.1.41+1802ada577
	- fabric-client-tags-api-v1 1.1.2+1802ada577
	- fabric-command-api-v1 1.2.34+f71b366f77
	- fabric-command-api-v2 2.2.13+1802ada577
	- fabric-commands-v0 0.2.51+df3654b377
	- fabric-containers-v0 0.1.64+df3654b377
	- fabric-content-registries-v0 4.0.11+1802ada577
	- fabric-convention-tags-v1 1.5.5+1802ada577
	- fabric-crash-report-info-v1 0.2.19+1802ada577
	- fabric-data-attachment-api-v1 1.0.0+de0fd6d177
	- fabric-data-generation-api-v1 12.3.4+1802ada577
	- fabric-dimensions-v1 2.1.54+1802ada577
	- fabric-entity-events-v1 1.6.0+1c78457f77
	- fabric-events-interaction-v0 0.6.2+1802ada577
	- fabric-events-lifecycle-v0 0.2.63+df3654b377
	- fabric-game-rule-api-v1 1.0.40+1802ada577
	- fabric-gametest-api-v1 1.2.13+1802ada577
	- fabric-item-api-v1 2.1.28+1802ada577
	- fabric-item-group-api-v1 4.0.12+1802ada577
	- fabric-key-binding-api-v1 1.0.37+1802ada577
	- fabric-keybindings-v0 0.2.35+df3654b377
	- fabric-lifecycle-events-v1 2.2.22+1802ada577
	- fabric-loot-api-v2 1.2.1+1802ada577
	- fabric-loot-tables-v1 1.1.45+9e7660c677
	- fabric-message-api-v1 5.1.9+1802ada577
	- fabric-mining-level-api-v1 2.1.50+1802ada577
	- fabric-model-loading-api-v1 1.0.3+1802ada577
	- fabric-models-v0 0.4.2+9386d8a777
	- fabric-networking-api-v1 1.3.11+1802ada577
	- fabric-networking-v0 0.3.51+df3654b377
	- fabric-object-builder-api-v1 11.1.3+1802ada577
	- fabric-particles-v1 1.1.2+1802ada577
	- fabric-recipe-api-v1 1.0.21+1802ada577
	- fabric-registry-sync-v0 2.3.3+1802ada577
	- fabric-renderer-api-v1 3.2.1+1802ada577
	- fabric-renderer-indigo 1.5.2+85287f9f77
	- fabric-renderer-registries-v1 3.2.46+df3654b377
	- fabric-rendering-data-attachment-v1 0.3.37+92a0d36777
	- fabric-rendering-fluids-v1 3.0.28+1802ada577
	- fabric-rendering-v0 1.1.49+df3654b377
	- fabric-rendering-v1 3.0.8+1802ada577
	- fabric-resource-conditions-api-v1 2.3.8+1802ada577
	- fabric-resource-loader-v0 0.11.10+1802ada577
	- fabric-screen-api-v1 2.0.8+1802ada577
	- fabric-screen-handler-api-v1 1.3.30+1802ada577
	- fabric-sound-api-v1 1.0.13+1802ada577
	- fabric-transfer-api-v1 3.3.5+8dd72ea377
	- fabric-transitive-access-wideners-v1 4.3.1+1802ada577
	- fabricloader 0.15.11
	- java 21
	- minecraft 1.20.1
	- mixinextras 0.3.5
	- modmenu 7.2.2
	- nebula 0.1.0
[11:20:40] [main/DEBUG] (FabricLoader/Knot) Adding /home/silvaxguilhermezl03/nebula-mod-projeto/nebula-mod/.gradle/loom-cache/remapped_mods/net_fabricmc_yarn_1_20_1_1_20_1_build_10_v2/net/fabricmc/fabric-api/fabric-rendering-v0/1.1.49+df3654b377/fabric-rendering-v0-1.1.49+df3654b377.jar to classpath.
[11:20:40] [main/DEBUG] (FabricLoader/Knot) Adding /home/silvaxguilhermezl03/nebula-mod-projeto/nebula-mod/.gradle/loom-cache/remapped_mods/net_fabricmc_yarn_1_20_1_1_20_1_build_10_v2/net/fabricmc/fabric-api/fabric-renderer-indigo/1.5.2+85287f9f77/fabric-renderer-indigo-1.5.2+85287f9f77.jar to classpath.
[11:20:40] [main/DEBUG] (FabricLoader/Knot) Adding /home/silvaxguilhermezl03/nebula-mod-projeto/nebula-mod/.gradle/loom-cache/remapped_mods/net_fabricmc_yarn_1_20_1_1_20_1_build_10_v2/net/fabricmc/fabric-api/fabric-loot-api-v2/1.2.1+1802ada577/fabric-loot-api-v2-1.2.1+1802ada577.jar to classpath.
[11:20:40] [main/DEBUG] (FabricLoader/Knot) Adding /home/silvaxguilhermezl03/nebula-mod-projeto/nebula-mod/.gradle/loom-cache/remapped_mods/net_fabricmc_yarn_1_20_1_1_20_1_build_10_v2/net/fabricmc/fabric-api/fabric-screen-api-v1/2.0.8+1802ada577/fabric-screen-api-v1-2.0.8+1802ada577.jar to classpath.
[11:20:40] [main/DEBUG] (FabricLoader/Knot) Adding /home/silvaxguilhermezl03/nebula-mod-projeto/nebula-mod/.gradle/loom-cache/remapped_mods/net_fabricmc_yarn_1_20_1_1_20_1_build_10_v2/net/fabricmc/fabric-api/fabric-rendering-data-attachment-v1/0.3.37+92a0d36777/fabric-rendering-data-attachment-v1-0.3.37+92a0d36777.jar to classpath.
[11:20:40] [main/DEBUG] (FabricLoader/Knot) Adding /home/silvaxguilhermezl03/nebula-mod-projeto/nebula-mod/.gradle/loom-cache/remapped_mods/net_fabricmc_yarn_1_20_1_1_20_1_build_10_v2/net/fabricmc/fabric-api/fabric-gametest-api-v1/1.2.13+1802ada577/fabric-gametest-api-v1-1.2.13+1802ada577.jar to classpath.
[11:20:40] [main/DEBUG] (FabricLoader/Knot) Adding /home/silvaxguilhermezl03/nebula-mod-projeto/nebula-mod/.gradle/loom-cache/remapped_mods/net_fabricmc_yarn_1_20_1_1_20_1_build_10_v2/net/fabricmc/fabric-api/fabric-events-lifecycle-v0/0.2.63+df3654b377/fabric-events-lifecycle-v0-0.2.63+df3654b377.jar to classpath.
[11:20:40] [main/DEBUG] (FabricLoader/Knot) Adding /home/silvaxguilhermezl03/nebula-mod-projeto/nebula-mod/.gradle/loom-cache/remapped_mods/net_fabricmc_yarn_1_20_1_1_20_1_build_10_v2/net/fabricmc/fabric-api/fabric-transitive-access-wideners-v1/4.3.1+1802ada577/fabric-transitive-access-wideners-v1-4.3.1+1802ada577.jar to classpath.
[11:20:40] [main/DEBUG] (FabricLoader/Knot) Adding /home/silvaxguilhermezl03/nebula-mod-projeto/nebula-mod/.gradle/loom-cache/remapped_mods/net_fabricmc_yarn_1_20_1_1_20_1_build_10_v2/net/fabricmc/fabric-api/fabric-api-base/0.4.31+1802ada577/fabric-api-base-0.4.31+1802ada577.jar to classpath.
[11:20:40] [main/DEBUG] (FabricLoader/Knot) Adding /home/silvaxguilhermezl03/nebula-mod-projeto/nebula-mod/.gradle/loom-cache/remapped_mods/net_fabricmc_yarn_1_20_1_1_20_1_build_10_v2/net/fabricmc/fabric-api/fabric-commands-v0/0.2.51+df3654b377/fabric-commands-v0-0.2.51+df3654b377.jar to classpath.
[11:20:40] [main/DEBUG] (FabricLoader/Knot) Adding /home/silvaxguilhermezl03/nebula-mod-projeto/nebula-mod/.gradle/loom-cache/remapped_mods/net_fabricmc_yarn_1_20_1_1_20_1_build_10_v2/com/terraformersmc/modmenu/7.2.2/modmenu-7.2.2.jar to classpath.
[11:20:40] [main/DEBUG] (FabricLoader/Knot) Adding /home/silvaxguilhermezl03/nebula-mod-projeto/nebula-mod/.gradle/loom-cache/remapped_mods/net_fabricmc_yarn_1_20_1_1_20_1_build_10_v2/net/fabricmc/fabric-api/fabric-networking-v0/0.3.51+df3654b377/fabric-networking-v0-0.3.51+df3654b377.jar to classpath.
[11:20:40] [main/DEBUG] (FabricLoader/Knot) Adding /home/silvaxguilhermezl03/nebula-mod-projeto/nebula-mod/.gradle/loom-cache/remapped_mods/net_fabricmc_yarn_1_20_1_1_20_1_build_10_v2/net/fabricmc/fabric-api/fabric-client-tags-api-v1/1.1.2+1802ada577/fabric-client-tags-api-v1-1.1.2+1802ada577.jar to classpath.
[11:20:40] [main/DEBUG] (FabricLoader/Knot) Adding /home/silvaxguilhermezl03/nebula-mod-projeto/nebula-mod/.gradle/loom-cache/remapped_mods/net_fabricmc_yarn_1_20_1_1_20_1_build_10_v2/net/fabricmc/fabric-api/fabric-item-api-v1/2.1.28+1802ada577/fabric-item-api-v1-2.1.28+1802ada577.jar to classpath.
[11:20:40] [main/DEBUG] (FabricLoader/Knot) Adding /home/silvaxguilhermezl03/nebula-mod-projeto/nebula-mod/build/resources/main to classpath.
[11:20:40] [main/DEBUG] (FabricLoader/Knot) Adding /home/silvaxguilhermezl03/nebula-mod-projeto/nebula-mod/.gradle/loom-cache/remapped_mods/net_fabricmc_yarn_1_20_1_1_20_1_build_10_v2/net/fabricmc/fabric-api/fabric-object-builder-api-v1/11.1.3+1802ada577/fabric-object-builder-api-v1-11.1.3+1802ada577.jar to classpath.
[11:20:40] [main/DEBUG] (FabricLoader/Knot) Adding /home/silvaxguilhermezl03/nebula-mod-projeto/nebula-mod/.gradle/loom-cache/remapped_mods/net_fabricmc_yarn_1_20_1_1_20_1_build_10_v2/net/fabricmc/fabric-api/fabric-loot-tables-v1/1.1.45+9e7660c677/fabric-loot-tables-v1-1.1.45+9e7660c677.jar to classpath.
[11:20:40] [main/DEBUG] (FabricLoader/Knot) Adding /home/silvaxguilhermezl03/nebula-mod-projeto/nebula-mod/.gradle/loom-cache/remapped_mods/net_fabricmc_yarn_1_20_1_1_20_1_build_10_v2/net/fabricmc/fabric-api/fabric-renderer-registries-v1/3.2.46+df3654b377/fabric-renderer-registries-v1-3.2.46+df3654b377.jar to classpath.
[11:20:40] [main/DEBUG] (FabricLoader/Knot) Adding /home/silvaxguilhermezl03/nebula-mod-projeto/nebula-mod/.gradle/loom-cache/remapped_mods/net_fabricmc_yarn_1_20_1_1_20_1_build_10_v2/net/fabricmc/fabric-api/fabric-models-v0/0.4.2+9386d8a777/fabric-models-v0-0.4.2+9386d8a777.jar to classpath.
[11:20:40] [main/DEBUG] (FabricLoader/Knot) Adding /home/silvaxguilhermezl03/nebula-mod-projeto/nebula-mod/.gradle/loom-cache/remapped_mods/net_fabricmc_yarn_1_20_1_1_20_1_build_10_v2/net/fabricmc/fabric-api/fabric-command-api-v2/2.2.13+1802ada577/fabric-command-api-v2-2.2.13+1802ada577.jar to classpath.
[11:20:40] [main/DEBUG] (FabricLoader/Knot) Adding /home/silvaxguilhermezl03/nebula-mod-projeto/nebula-mod/.gradle/loom-cache/remapped_mods/net_fabricmc_yarn_1_20_1_1_20_1_build_10_v2/net/fabricmc/fabric-api/fabric-key-binding-api-v1/1.0.37+1802ada577/fabric-key-binding-api-v1-1.0.37+1802ada577.jar to classpath.
[11:20:40] [main/DEBUG] (FabricLoader/Knot) Adding /home/silvaxguilhermezl03/nebula-mod-projeto/nebula-mod/.gradle/loom-cache/remapped_mods/net_fabricmc_yarn_1_20_1_1_20_1_build_10_v2/net/fabricmc/fabric-api/fabric-model-loading-api-v1/1.0.3+1802ada577/fabric-model-loading-api-v1-1.0.3+1802ada577.jar to classpath.
[11:20:40] [main/DEBUG] (FabricLoader/Knot) Adding /home/silvaxguilhermezl03/nebula-mod-projeto/nebula-mod/.gradle/loom-cache/remapped_mods/net_fabricmc_yarn_1_20_1_1_20_1_build_10_v2/net/fabricmc/fabric-api/fabric-renderer-api-v1/3.2.1+1802ada577/fabric-renderer-api-v1-3.2.1+1802ada577.jar to classpath.
[11:20:40] [main/DEBUG] (FabricLoader/Knot) Adding /home/silvaxguilhermezl03/nebula-mod-projeto/nebula-mod/.gradle/loom-cache/remapped_mods/net_fabricmc_yarn_1_20_1_1_20_1_build_10_v2/net/fabricmc/fabric-api/fabric-mining-level-api-v1/2.1.50+1802ada577/fabric-mining-level-api-v1-2.1.50+1802ada577.jar to classpath.
[11:20:40] [main/DEBUG] (FabricLoader/Knot) Adding /home/silvaxguilhermezl03/nebula-mod-projeto/nebula-mod/.gradle/loom-cache/remapped_mods/net_fabricmc_yarn_1_20_1_1_20_1_build_10_v2/net/fabricmc/fabric-api/fabric-convention-tags-v1/1.5.5+1802ada577/fabric-convention-tags-v1-1.5.5+1802ada577.jar to classpath.
[11:20:40] [main/DEBUG] (FabricLoader/Knot) Adding /home/silvaxguilhermezl03/nebula-mod-projeto/nebula-mod/.gradle/loom-cache/remapped_mods/net_fabricmc_yarn_1_20_1_1_20_1_build_10_v2/net/fabricmc/fabric-api/fabric-item-group-api-v1/4.0.12+1802ada577/fabric-item-group-api-v1-4.0.12+1802ada577.jar to classpath.
[11:20:40] [main/DEBUG] (FabricLoader/Knot) Adding /home/silvaxguilhermezl03/nebula-mod-projeto/nebula-mod/.gradle/loom-cache/remapped_mods/net_fabricmc_yarn_1_20_1_1_20_1_build_10_v2/net/fabricmc/fabric-api/fabric-resource-loader-v0/0.11.10+1802ada577/fabric-resource-loader-v0-0.11.10+1802ada577.jar to classpath.
[11:20:40] [main/DEBUG] (FabricLoader/Knot) Adding /home/silvaxguilhermezl03/nebula-mod-projeto/nebula-mod/.gradle/loom-cache/remapped_mods/net_fabricmc_yarn_1_20_1_1_20_1_build_10_v2/net/fabricmc/fabric-api/fabric-containers-v0/0.1.64+df3654b377/fabric-containers-v0-0.1.64+df3654b377.jar to classpath.
[11:20:40] [main/DEBUG] (FabricLoader/Knot) Adding /home/silvaxguilhermezl03/nebula-mod-projeto/nebula-mod/.gradle/loom-cache/remapped_mods/net_fabricmc_yarn_1_20_1_1_20_1_build_10_v2/net/fabricmc/fabric-api/fabric-entity-events-v1/1.6.0+1c78457f77/fabric-entity-events-v1-1.6.0+1c78457f77.jar to classpath.
[11:20:40] [main/DEBUG] (FabricLoader/Knot) Adding /home/silvaxguilhermezl03/nebula-mod-projeto/nebula-mod/.gradle/loom-cache/remapped_mods/net_fabricmc_yarn_1_20_1_1_20_1_build_10_v2/net/fabricmc/fabric-api/fabric-data-generation-api-v1/12.3.4+1802ada577/fabric-data-generation-api-v1-12.3.4+1802ada577.jar to classpath.
[11:20:40] [main/DEBUG] (FabricLoader/Knot) Adding /home/silvaxguilhermezl03/nebula-mod-projeto/nebula-mod/.gradle/loom-cache/remapped_mods/net_fabricmc_yarn_1_20_1_1_20_1_build_10_v2/net/fabricmc/fabric-api/fabric-lifecycle-events-v1/2.2.22+1802ada577/fabric-lifecycle-events-v1-2.2.22+1802ada577.jar to classpath.
[11:20:40] [main/DEBUG] (FabricLoader/Knot) Adding /home/silvaxguilhermezl03/nebula-mod-projeto/nebula-mod/.gradle/loom-cache/remapped_mods/net_fabricmc_yarn_1_20_1_1_20_1_build_10_v2/net/fabricmc/fabric-api/fabric-rendering-v1/3.0.8+1802ada577/fabric-rendering-v1-3.0.8+1802ada577.jar to classpath.
[11:20:40] [main/DEBUG] (FabricLoader/Knot) Adding /home/silvaxguilhermezl03/nebula-mod-projeto/nebula-mod/.gradle/loom-cache/remapped_mods/net_fabricmc_yarn_1_20_1_1_20_1_build_10_v2/net/fabricmc/fabric-api/fabric-networking-api-v1/1.3.11+1802ada577/fabric-networking-api-v1-1.3.11+1802ada577.jar to classpath.
[11:20:40] [main/DEBUG] (FabricLoader/Knot) Adding /home/silvaxguilhermezl03/nebula-mod-projeto/nebula-mod/.gradle/loom-cache/remapped_mods/net_fabricmc_yarn_1_20_1_1_20_1_build_10_v2/net/fabricmc/fabric-api/fabric-message-api-v1/5.1.9+1802ada577/fabric-message-api-v1-5.1.9+1802ada577.jar to classpath.
[11:20:40] [main/DEBUG] (FabricLoader/Knot) Adding /home/silvaxguilhermezl03/nebula-mod-projeto/nebula-mod/.gradle/loom-cache/remapped_mods/net_fabricmc_yarn_1_20_1_1_20_1_build_10_v2/net/fabricmc/fabric-api/fabric-particles-v1/1.1.2+1802ada577/fabric-particles-v1-1.1.2+1802ada577.jar to classpath.
[11:20:40] [main/DEBUG] (FabricLoader/Knot) Adding /home/silvaxguilhermezl03/nebula-mod-projeto/nebula-mod/.gradle/loom-cache/remapped_mods/net_fabricmc_yarn_1_20_1_1_20_1_build_10_v2/net/fabricmc/fabric-api/fabric-resource-conditions-api-v1/2.3.8+1802ada577/fabric-resource-conditions-api-v1-2.3.8+1802ada577.jar to classpath.
[11:20:40] [main/DEBUG] (FabricLoader/Knot) Adding /home/silvaxguilhermezl03/nebula-mod-projeto/nebula-mod/.gradle/loom-cache/remapped_mods/net_fabricmc_yarn_1_20_1_1_20_1_build_10_v2/net/fabricmc/fabric-api/fabric-recipe-api-v1/1.0.21+1802ada577/fabric-recipe-api-v1-1.0.21+1802ada577.jar to classpath.
[11:20:40] [main/DEBUG] (FabricLoader/Knot) Adding /home/silvaxguilhermezl03/nebula-mod-projeto/nebula-mod/.gradle/loom-cache/remapped_mods/net_fabricmc_yarn_1_20_1_1_20_1_build_10_v2/net/fabricmc/fabric-api/fabric-sound-api-v1/1.0.13+1802ada577/fabric-sound-api-v1-1.0.13+1802ada577.jar to classpath.
[11:20:40] [main/DEBUG] (FabricLoader/Knot) Adding /home/silvaxguilhermezl03/nebula-mod-projeto/nebula-mod/.gradle/loom-cache/remapped_mods/net_fabricmc_yarn_1_20_1_1_20_1_build_10_v2/net/fabricmc/fabric-api/fabric-crash-report-info-v1/0.2.19+1802ada577/fabric-crash-report-info-v1-0.2.19+1802ada577.jar to classpath.
[11:20:40] [main/DEBUG] (FabricLoader/Knot) Adding /home/silvaxguilhermezl03/nebula-mod-projeto/nebula-mod/.gradle/loom-cache/remapped_mods/net_fabricmc_yarn_1_20_1_1_20_1_build_10_v2/net/fabricmc/fabric-api/fabric-transfer-api-v1/3.3.5+8dd72ea377/fabric-transfer-api-v1-3.3.5+8dd72ea377.jar to classpath.
[11:20:40] [main/DEBUG] (FabricLoader/Knot) Adding /home/silvaxguilhermezl03/nebula-mod-projeto/nebula-mod/.gradle/loom-cache/remapped_mods/net_fabricmc_yarn_1_20_1_1_20_1_build_10_v2/net/fabricmc/fabric-api/fabric-screen-handler-api-v1/1.3.30+1802ada577/fabric-screen-handler-api-v1-1.3.30+1802ada577.jar to classpath.
[11:20:40] [main/DEBUG] (FabricLoader/Knot) Adding /home/silvaxguilhermezl03/nebula-mod-projeto/nebula-mod/.gradle/loom-cache/remapped_mods/net_fabricmc_yarn_1_20_1_1_20_1_build_10_v2/net/fabricmc/fabric-api/fabric-game-rule-api-v1/1.0.40+1802ada577/fabric-game-rule-api-v1-1.0.40+1802ada577.jar to classpath.
[11:20:40] [main/DEBUG] (FabricLoader/Knot) Adding /home/silvaxguilhermezl03/nebula-mod-projeto/nebula-mod/.gradle/loom-cache/remapped_mods/net_fabricmc_yarn_1_20_1_1_20_1_build_10_v2/net/fabricmc/fabric-api/fabric-keybindings-v0/0.2.35+df3654b377/fabric-keybindings-v0-0.2.35+df3654b377.jar to classpath.
[11:20:40] [main/DEBUG] (FabricLoader/Knot) Adding /home/silvaxguilhermezl03/nebula-mod-projeto/nebula-mod/.gradle/loom-cache/remapped_mods/net_fabricmc_yarn_1_20_1_1_20_1_build_10_v2/net/fabricmc/fabric-api/fabric-blockrenderlayer-v1/1.1.41+1802ada577/fabric-blockrenderlayer-v1-1.1.41+1802ada577.jar to classpath.
[11:20:40] [main/DEBUG] (FabricLoader/Knot) Adding /home/silvaxguilhermezl03/nebula-mod-projeto/nebula-mod/.gradle/loom-cache/remapped_mods/net_fabricmc_yarn_1_20_1_1_20_1_build_10_v2/net/fabricmc/fabric-api/fabric-command-api-v1/1.2.34+f71b366f77/fabric-command-api-v1-1.2.34+f71b366f77.jar to classpath.
[11:20:40] [main/DEBUG] (FabricLoader/Knot) Adding /home/silvaxguilhermezl03/nebula-mod-projeto/nebula-mod/.gradle/loom-cache/remapped_mods/net_fabricmc_yarn_1_20_1_1_20_1_build_10_v2/net/fabricmc/fabric-api/fabric-block-api-v1/1.0.11+1802ada577/fabric-block-api-v1-1.0.11+1802ada577.jar to classpath.
[11:20:40] [main/DEBUG] (FabricLoader/Knot) Adding /home/silvaxguilhermezl03/nebula-mod-projeto/nebula-mod/.gradle/loom-cache/remapped_mods/net_fabricmc_yarn_1_20_1_1_20_1_build_10_v2/net/fabricmc/fabric-api/fabric-api/0.92.2+1.20.1/fabric-api-0.92.2+1.20.1.jar to classpath.
[11:20:40] [main/DEBUG] (FabricLoader/Knot) Adding /home/silvaxguilhermezl03/nebula-mod-projeto/nebula-mod/.gradle/loom-cache/remapped_mods/net_fabricmc_yarn_1_20_1_1_20_1_build_10_v2/net/fabricmc/fabric-api/fabric-block-view-api-v2/1.0.1+1802ada577/fabric-block-view-api-v2-1.0.1+1802ada577.jar to classpath.
[11:20:40] [main/DEBUG] (FabricLoader/Knot) Adding /home/silvaxguilhermezl03/nebula-mod-projeto/nebula-mod/.gradle/loom-cache/remapped_mods/net_fabricmc_yarn_1_20_1_1_20_1_build_10_v2/net/fabricmc/fabric-api/fabric-api-lookup-api-v1/1.6.36+1802ada577/fabric-api-lookup-api-v1-1.6.36+1802ada577.jar to classpath.
[11:20:40] [main/DEBUG] (FabricLoader/Knot) Adding /home/silvaxguilhermezl03/nebula-mod-projeto/nebula-mod/.gradle/loom-cache/remapped_mods/net_fabricmc_yarn_1_20_1_1_20_1_build_10_v2/net/fabricmc/fabric-api/fabric-registry-sync-v0/2.3.3+1802ada577/fabric-registry-sync-v0-2.3.3+1802ada577.jar to classpath.
[11:20:40] [main/DEBUG] (FabricLoader/Knot) Adding /home/silvaxguilhermezl03/nebula-mod-projeto/nebula-mod/.gradle/loom-cache/remapped_mods/net_fabricmc_yarn_1_20_1_1_20_1_build_10_v2/net/fabricmc/fabric-api/fabric-rendering-fluids-v1/3.0.28+1802ada577/fabric-rendering-fluids-v1-3.0.28+1802ada577.jar to classpath.
[11:20:40] [main/DEBUG] (FabricLoader/Knot) Adding /home/silvaxguilhermezl03/nebula-mod-projeto/nebula-mod/.gradle/loom-cache/remapped_mods/net_fabricmc_yarn_1_20_1_1_20_1_build_10_v2/net/fabricmc/fabric-api/fabric-biome-api-v1/13.0.13+1802ada577/fabric-biome-api-v1-13.0.13+1802ada577.jar to classpath.
[11:20:40] [main/DEBUG] (FabricLoader/Knot) Adding /home/silvaxguilhermezl03/.gradle/caches/modules-2/files-2.1/io.github.llamalad7/mixinextras-fabric/0.3.5/3b577be20ea942610b3045e4f0cd909fa415a9d3/mixinextras-fabric-0.3.5.jar to classpath.
[11:20:40] [main/DEBUG] (FabricLoader/Knot) Adding /home/silvaxguilhermezl03/nebula-mod-projeto/nebula-mod/.gradle/loom-cache/remapped_mods/net_fabricmc_yarn_1_20_1_1_20_1_build_10_v2/net/fabricmc/fabric-api/fabric-events-interaction-v0/0.6.2+1802ada577/fabric-events-interaction-v0-0.6.2+1802ada577.jar to classpath.
[11:20:40] [main/DEBUG] (FabricLoader/Knot) Adding /home/silvaxguilhermezl03/nebula-mod-projeto/nebula-mod/.gradle/loom-cache/remapped_mods/net_fabricmc_yarn_1_20_1_1_20_1_build_10_v2/net/fabricmc/fabric-api/fabric-dimensions-v1/2.1.54+1802ada577/fabric-dimensions-v1-2.1.54+1802ada577.jar to classpath.
[11:20:40] [main/DEBUG] (FabricLoader/Knot) Adding /home/silvaxguilhermezl03/nebula-mod-projeto/nebula-mod/.gradle/loom-cache/remapped_mods/net_fabricmc_yarn_1_20_1_1_20_1_build_10_v2/net/fabricmc/fabric-api/fabric-content-registries-v0/4.0.11+1802ada577/fabric-content-registries-v0-4.0.11+1802ada577.jar to classpath.
[11:20:40] [main/DEBUG] (FabricLoader/Knot) Adding /home/silvaxguilhermezl03/nebula-mod-projeto/nebula-mod/.gradle/loom-cache/remapped_mods/net_fabricmc_yarn_1_20_1_1_20_1_build_10_v2/net/fabricmc/fabric-api/fabric-data-attachment-api-v1/1.0.0+de0fd6d177/fabric-data-attachment-api-v1-1.0.0+de0fd6d177.jar to classpath.
[11:20:40] [main/DEBUG] (FabricLoader/Entrypoint) Registering new-style initializer net.fabricmc.fabric.impl.client.rendering.v0.RenderingCallbackInvoker for mod fabric-rendering-v0 (key client)
[11:20:40] [main/DEBUG] (FabricLoader/Entrypoint) Registering new-style initializer net.fabricmc.fabric.impl.client.indigo.Indigo for mod fabric-renderer-indigo (key client)
[11:20:40] [main/DEBUG] (FabricLoader/Entrypoint) Registering new-style initializer net.fabricmc.fabric.impl.gametest.FabricGameTestModInitializer for mod fabric-gametest-api-v1 (key main)
[11:20:40] [main/DEBUG] (FabricLoader/Entrypoint) Registering new-style initializer net.fabricmc.fabric.impl.event.lifecycle.v0.client.LegacyClientEventInvokers for mod fabric-events-lifecycle-v0 (key client)
[11:20:40] [main/DEBUG] (FabricLoader/Entrypoint) Registering new-style initializer net.fabricmc.fabric.impl.event.lifecycle.v0.LegacyEventInvokers for mod fabric-events-lifecycle-v0 (key main)
[11:20:40] [main/DEBUG] (FabricLoader/Entrypoint) Registering new-style initializer com.terraformersmc.modmenu.ModMenuModMenuCompat for mod modmenu (key modmenu)
[11:20:40] [main/DEBUG] (FabricLoader/Entrypoint) Registering new-style initializer com.terraformersmc.modmenu.ModMenu for mod modmenu (key client)
[11:20:40] [main/DEBUG] (FabricLoader/Entrypoint) Registering new-style initializer net.fabricmc.fabric.impl.client.networking.v0.OldClientNetworkingHooks for mod fabric-networking-v0 (key client)
[11:20:40] [main/DEBUG] (FabricLoader/Entrypoint) Registering new-style initializer net.fabricmc.fabric.impl.networking.v0.OldNetworkingHooks for mod fabric-networking-v0 (key main)
[11:20:40] [main/DEBUG] (FabricLoader/Entrypoint) Registering new-style initializer com.nebula.config.ModMenuIntegration for mod nebula (key modmenu)
[11:20:40] [main/DEBUG] (FabricLoader/Entrypoint) Registering new-style initializer com.nebula.NebulaClient for mod nebula (key client)
[11:20:40] [main/DEBUG] (FabricLoader/Entrypoint) Registering new-style initializer com.nebula.Nebula for mod nebula (key main)
[11:20:40] [main/DEBUG] (FabricLoader/Entrypoint) Registering new-style initializer net.fabricmc.fabric.impl.loot.table.LootTablesV1Init for mod fabric-loot-tables-v1 (key main)
[11:20:40] [main/DEBUG] (FabricLoader/Entrypoint) Registering new-style initializer net.fabricmc.fabric.impl.client.container.ScreenProviderRegistryImpl::init for mod fabric-containers-v0 (key client)
[11:20:40] [main/DEBUG] (FabricLoader/Entrypoint) Registering new-style initializer net.fabricmc.fabric.impl.client.event.lifecycle.ClientLifecycleEventsImpl for mod fabric-lifecycle-events-v1 (key client)
[11:20:40] [main/DEBUG] (FabricLoader/Entrypoint) Registering new-style initializer net.fabricmc.fabric.impl.event.lifecycle.LifecycleEventsImpl for mod fabric-lifecycle-events-v1 (key main)
[11:20:40] [main/DEBUG] (FabricLoader/Entrypoint) Registering new-style initializer net.fabricmc.fabric.impl.networking.client.ClientNetworkingImpl::clientInit for mod fabric-networking-api-v1 (key client)
[11:20:40] [main/DEBUG] (FabricLoader/Entrypoint) Registering new-style initializer net.fabricmc.fabric.impl.networking.NetworkingImpl::init for mod fabric-networking-api-v1 (key main)
[11:20:40] [main/DEBUG] (FabricLoader/Entrypoint) Registering new-style initializer net.fabricmc.fabric.impl.recipe.ingredient.client.CustomIngredientSyncClient for mod fabric-recipe-api-v1 (key client)
[11:20:40] [main/DEBUG] (FabricLoader/Entrypoint) Registering new-style initializer net.fabricmc.fabric.impl.recipe.ingredient.CustomIngredientInit for mod fabric-recipe-api-v1 (key main)
[11:20:40] [main/DEBUG] (FabricLoader/Entrypoint) Registering new-style initializer net.fabricmc.fabric.impl.recipe.ingredient.CustomIngredientSync for mod fabric-recipe-api-v1 (key main)
[11:20:40] [main/DEBUG] (FabricLoader/Entrypoint) Registering new-style initializer net.fabricmc.fabric.impl.screenhandler.client.ClientNetworking for mod fabric-screen-handler-api-v1 (key client)
[11:20:40] [main/DEBUG] (FabricLoader/Entrypoint) Registering new-style initializer net.fabricmc.fabric.impl.command.v1.LegacyHandler for mod fabric-command-api-v1 (key main)
[11:20:40] [main/DEBUG] (FabricLoader/Entrypoint) Registering new-style initializer net.fabricmc.fabric.impl.lookup.ApiLookupImpl for mod fabric-api-lookup-api-v1 (key main)
[11:20:40] [main/DEBUG] (FabricLoader/Entrypoint) Registering new-style initializer net.fabricmc.fabric.impl.client.registry.sync.FabricRegistryClientInit for mod fabric-registry-sync-v0 (key client)
[11:20:40] [main/DEBUG] (FabricLoader/Entrypoint) Registering new-style initializer net.fabricmc.fabric.impl.registry.sync.FabricRegistryInit for mod fabric-registry-sync-v0 (key main)
[11:20:40] [main/DEBUG] (FabricLoader/Entrypoint) Registering new-style initializer net.fabricmc.fabric.impl.event.interaction.InteractionEventsRouterClient for mod fabric-events-interaction-v0 (key client)
[11:20:40] [main/DEBUG] (FabricLoader/Entrypoint) Registering new-style initializer net.fabricmc.fabric.impl.event.interaction.InteractionEventsRouter for mod fabric-events-interaction-v0 (key main)
[11:20:40] [main/DEBUG] (FabricLoader/Entrypoint) Registering new-style initializer net.fabricmc.fabric.impl.attachment.AttachmentEntrypoint for mod fabric-data-attachment-api-v1 (key main)
[11:20:41] [main/INFO] (FabricLoader/Mixin) SpongePowered MIXIN Subsystem Version=0.8.5 Source=file:/home/silvaxguilhermezl03/.gradle/caches/modules-2/files-2.1/net.fabricmc/sponge-mixin/0.13.3+mixin.0.8.5/9527e6b0d2449408958fd1302594dc65ec5ade9c/sponge-mixin-0.13.3+mixin.0.8.5.jar Service=Knot/Fabric Env=CLIENT
[11:20:41] [main/DEBUG] (FabricLoader/Mixin) Error cleaning class output directory: .mixin.out
[11:20:41] [main/DEBUG] (FabricLoader/Mixin) Initialising Mixin Platform Manager
[11:20:41] [main/DEBUG] (FabricLoader/Mixin) Adding mixin platform agents for container ContainerHandleURI(file:///home/silvaxguilhermezl03/.gradle/caches/modules-2/files-2.1/net.fabricmc/fabric-loader/0.15.11/9c2be53d84ec5c4fb58bb5b8d9c8a629047c9ee9/fabric-loader-0.15.11.jar)
[11:20:41] [main/DEBUG] (FabricLoader/Mixin) Instancing new MixinPlatformAgentDefault for ContainerHandleURI(file:///home/silvaxguilhermezl03/.gradle/caches/modules-2/files-2.1/net.fabricmc/fabric-loader/0.15.11/9c2be53d84ec5c4fb58bb5b8d9c8a629047c9ee9/fabric-loader-0.15.11.jar)
[11:20:41] [main/DEBUG] (FabricLoader/Mixin) MixinPlatformAgentDefault accepted container ContainerHandleURI(file:///home/silvaxguilhermezl03/.gradle/caches/modules-2/files-2.1/net.fabricmc/fabric-loader/0.15.11/9c2be53d84ec5c4fb58bb5b8d9c8a629047c9ee9/fabric-loader-0.15.11.jar)
[11:20:41] [main/DEBUG] (FabricLoader/Mixin) Instancing new MixinPlatformAgentDefault for ContainerHandleURI(file:///home/silvaxguilhermezl03/.gradle/caches/modules-2/files-2.1/net.fabricmc/fabric-loader/0.15.11/9c2be53d84ec5c4fb58bb5b8d9c8a629047c9ee9/fabric-loader-0.15.11.jar)
[11:20:41] [main/DEBUG] (FabricLoader/Mixin) MixinPlatformAgentDefault accepted container ContainerHandleURI(file:///home/silvaxguilhermezl03/.gradle/caches/modules-2/files-2.1/net.fabricmc/fabric-loader/0.15.11/9c2be53d84ec5c4fb58bb5b8d9c8a629047c9ee9/fabric-loader-0.15.11.jar)
[11:20:41] [main/DEBUG] (FabricLoader/Mixin) Processing prepare() for PlatformAgent[MixinPlatformAgentDefault:ContainerHandleURI(file:///home/silvaxguilhermezl03/.gradle/caches/modules-2/files-2.1/net.fabricmc/fabric-loader/0.15.11/9c2be53d84ec5c4fb58bb5b8d9c8a629047c9ee9/fabric-loader-0.15.11.jar)]
[11:20:41] [main/DEBUG] (FabricLoader/Mixin) Processing prepare() for PlatformAgent[MixinPlatformAgentDefault:ContainerHandleURI(file:///home/silvaxguilhermezl03/.gradle/caches/modules-2/files-2.1/net.fabricmc/fabric-loader/0.15.11/9c2be53d84ec5c4fb58bb5b8d9c8a629047c9ee9/fabric-loader-0.15.11.jar)]
[11:20:42] [main/INFO] (FabricLoader/Mixin) Loaded Fabric development mappings for mixin remapper!
[11:20:42] [main/DEBUG] (FabricLoader/Mixin) Compatibility level JAVA_16 specified by fabric-renderer-indigo.mixins.json is higher than the maximum level supported by this version of mixin (JAVA_13).
[11:20:42] [main/INFO] (FabricLoader/Mixin) Compatibility level set to JAVA_16
[11:20:42] [main/DEBUG] (FabricLoader/Mixin) Mixin config fabric-renderer-indigo.mixins.json does not specify "minVersion" property
[11:20:42] [main/DEBUG] (FabricLoader/Mixin) Mixin config fabric-loot-api-v2.mixins.json does not specify "minVersion" property
[11:20:42] [main/DEBUG] (FabricLoader/Mixin) Mixin config fabric-screen-api-v1.mixins.json does not specify "minVersion" property
[11:20:42] [main/DEBUG] (FabricLoader/Mixin) Compatibility level JAVA_17 specified by fabric-rendering-data-attachment-v1.mixins.json is higher than the maximum level supported by this version of mixin (JAVA_13).
[11:20:42] [main/INFO] (FabricLoader/Mixin) Compatibility level set to JAVA_17
[11:20:42] [main/DEBUG] (FabricLoader/Mixin) Mixin config fabric-rendering-data-attachment-v1.mixins.json does not specify "minVersion" property
[11:20:42] [main/DEBUG] (FabricLoader/Mixin) Mixin config fabric-rendering-data-attachment-v1.client.mixins.json does not specify "minVersion" property
[11:20:42] [main/DEBUG] (FabricLoader/Mixin) Compatibility level JAVA_16 specified by fabric-gametest-api-v1.mixins.json is higher than the maximum level supported by this version of mixin (JAVA_13).
[11:20:42] [main/DEBUG] (FabricLoader/Mixin) Mixin config fabric-gametest-api-v1.mixins.json does not specify "minVersion" property
[11:20:42] [main/DEBUG] (FabricLoader/Mixin) Compatibility level JAVA_16 specified by mixins.modmenu.json is higher than the maximum level supported by this version of mixin (JAVA_13).
[11:20:42] [main/DEBUG] (FabricLoader/Mixin) Compatibility level JAVA_16 specified by fabric-item-api-v1.mixins.json is higher than the maximum level supported by this version of mixin (JAVA_13).
[11:20:42] [main/DEBUG] (FabricLoader/Mixin) Mixin config fabric-item-api-v1.mixins.json does not specify "minVersion" property
[11:20:42] [main/DEBUG] (FabricLoader/Mixin) Compatibility level JAVA_16 specified by fabric-item-api-v1.client.mixins.json is higher than the maximum level supported by this version of mixin (JAVA_13).
[11:20:42] [main/DEBUG] (FabricLoader/Mixin) Mixin config fabric-item-api-v1.client.mixins.json does not specify "minVersion" property
[11:20:42] [main/DEBUG] (FabricLoader/Mixin) Compatibility level JAVA_16 specified by fabric-object-builder-v1.mixins.json is higher than the maximum level supported by this version of mixin (JAVA_13).
[11:20:42] [main/DEBUG] (FabricLoader/Mixin) Mixin config fabric-object-builder-v1.mixins.json does not specify "minVersion" property
[11:20:42] [main/DEBUG] (FabricLoader/Mixin) Compatibility level JAVA_16 specified by fabric-object-builder-v1.client.mixins.json is higher than the maximum level supported by this version of mixin (JAVA_13).
[11:20:42] [main/DEBUG] (FabricLoader/Mixin) Mixin config fabric-object-builder-v1.client.mixins.json does not specify "minVersion" property
[11:20:42] [main/DEBUG] (FabricLoader/Mixin) Compatibility level JAVA_16 specified by fabric-loot-tables-v1.mixins.json is higher than the maximum level supported by this version of mixin (JAVA_13).
[11:20:42] [main/DEBUG] (FabricLoader/Mixin) Mixin config fabric-loot-tables-v1.mixins.json does not specify "minVersion" property
[11:20:42] [main/DEBUG] (FabricLoader/Mixin) Compatibility level JAVA_16 specified by fabric-command-api-v2.mixins.json is higher than the maximum level supported by this version of mixin (JAVA_13).
[11:20:42] [main/DEBUG] (FabricLoader/Mixin) Mixin config fabric-command-api-v2.mixins.json does not specify "minVersion" property
[11:20:42] [main/DEBUG] (FabricLoader/Mixin) Compatibility level JAVA_16 specified by fabric-command-api-v2.client.mixins.json is higher than the maximum level supported by this version of mixin (JAVA_13).
[11:20:42] [main/DEBUG] (FabricLoader/Mixin) Mixin config fabric-command-api-v2.client.mixins.json does not specify "minVersion" property
[11:20:42] [main/DEBUG] (FabricLoader/Mixin) Compatibility level JAVA_16 specified by fabric-key-binding-api-v1.mixins.json is higher than the maximum level supported by this version of mixin (JAVA_13).
[11:20:42] [main/DEBUG] (FabricLoader/Mixin) Mixin config fabric-key-binding-api-v1.mixins.json does not specify "minVersion" property
[11:20:42] [main/DEBUG] (FabricLoader/Mixin) Mixin config fabric-model-loading-api-v1.mixins.json does not specify "minVersion" property
[11:20:42] [main/DEBUG] (FabricLoader/Mixin) Compatibility level JAVA_16 specified by fabric-renderer-api-v1.mixins.json is higher than the maximum level supported by this version of mixin (JAVA_13).
[11:20:42] [main/DEBUG] (FabricLoader/Mixin) Mixin config fabric-renderer-api-v1.mixins.json does not specify "minVersion" property
[11:20:42] [main/DEBUG] (FabricLoader/Mixin) Compatibility level JAVA_16 specified by fabric-renderer-api-v1.debughud.mixins.json is higher than the maximum level supported by this version of mixin (JAVA_13).
[11:20:42] [main/DEBUG] (FabricLoader/Mixin) Mixin config fabric-renderer-api-v1.debughud.mixins.json does not specify "minVersion" property
[11:20:42] [main/DEBUG] (FabricLoader/Mixin) Compatibility level JAVA_16 specified by fabric-mining-level-api-v1.mixins.json is higher than the maximum level supported by this version of mixin (JAVA_13).
[11:20:42] [main/DEBUG] (FabricLoader/Mixin) Mixin config fabric-mining-level-api-v1.mixins.json does not specify "minVersion" property
[11:20:42] [main/DEBUG] (FabricLoader/Mixin) Mixin config fabric-item-group-api-v1.mixins.json does not specify "minVersion" property
[11:20:42] [main/DEBUG] (FabricLoader/Mixin) Mixin config fabric-item-group-api-v1.client.mixins.json does not specify "minVersion" property
[11:20:42] [main/DEBUG] (FabricLoader/Mixin) Compatibility level JAVA_16 specified by fabric-resource-loader-v0.mixins.json is higher than the maximum level supported by this version of mixin (JAVA_13).
[11:20:42] [main/DEBUG] (FabricLoader/Mixin) Mixin config fabric-resource-loader-v0.mixins.json does not specify "minVersion" property
[11:20:42] [main/DEBUG] (FabricLoader/Mixin) Compatibility level JAVA_16 specified by fabric-resource-loader-v0.client.mixins.json is higher than the maximum level supported by this version of mixin (JAVA_13).
[11:20:42] [main/DEBUG] (FabricLoader/Mixin) Mixin config fabric-resource-loader-v0.client.mixins.json does not specify "minVersion" property
[11:20:42] [main/DEBUG] (FabricLoader/Mixin) Compatibility level JAVA_16 specified by fabric-containers-v0.mixins.json is higher than the maximum level supported by this version of mixin (JAVA_13).
[11:20:42] [main/DEBUG] (FabricLoader/Mixin) Mixin config fabric-containers-v0.mixins.json does not specify "minVersion" property
[11:20:42] [main/DEBUG] (FabricLoader/Mixin) Compatibility level JAVA_16 specified by fabric-containers-v0.accurate.mixins.json is higher than the maximum level supported by this version of mixin (JAVA_13).
[11:20:42] [main/DEBUG] (FabricLoader/Mixin) Mixin config fabric-containers-v0.accurate.mixins.json does not specify "minVersion" property
[11:20:42] [main/DEBUG] (FabricLoader/Mixin) Compatibility level JAVA_16 specified by fabric-entity-events-v1.mixins.json is higher than the maximum level supported by this version of mixin (JAVA_13).
[11:20:42] [main/DEBUG] (FabricLoader/Mixin) Mixin config fabric-entity-events-v1.mixins.json does not specify "minVersion" property
[11:20:42] [main/DEBUG] (FabricLoader/Mixin) Compatibility level JAVA_16 specified by fabric-entity-events-v1.client.mixins.json is higher than the maximum level supported by this version of mixin (JAVA_13).
[11:20:42] [main/DEBUG] (FabricLoader/Mixin) Mixin config fabric-entity-events-v1.client.mixins.json does not specify "minVersion" property
[11:20:42] [main/DEBUG] (FabricLoader/Mixin) Compatibility level JAVA_16 specified by fabric-data-generation-api-v1.mixins.json is higher than the maximum level supported by this version of mixin (JAVA_13).
[11:20:42] [main/DEBUG] (FabricLoader/Mixin) Mixin config fabric-data-generation-api-v1.mixins.json does not specify "minVersion" property
[11:20:42] [main/DEBUG] (FabricLoader/Mixin) Compatibility level JAVA_16 specified by fabric-data-generation-api-v1.client.mixins.json is higher than the maximum level supported by this version of mixin (JAVA_13).
[11:20:42] [main/DEBUG] (FabricLoader/Mixin) Mixin config fabric-data-generation-api-v1.client.mixins.json does not specify "minVersion" property
[11:20:42] [main/DEBUG] (FabricLoader/Mixin) Compatibility level JAVA_16 specified by fabric-lifecycle-events-v1.mixins.json is higher than the maximum level supported by this version of mixin (JAVA_13).
[11:20:42] [main/DEBUG] (FabricLoader/Mixin) Mixin config fabric-lifecycle-events-v1.mixins.json does not specify "minVersion" property
[11:20:42] [main/DEBUG] (FabricLoader/Mixin) Compatibility level JAVA_16 specified by fabric-lifecycle-events-v1.client.mixins.json is higher than the maximum level supported by this version of mixin (JAVA_13).
[11:20:42] [main/DEBUG] (FabricLoader/Mixin) Mixin config fabric-lifecycle-events-v1.client.mixins.json does not specify "minVersion" property
[11:20:42] [main/DEBUG] (FabricLoader/Mixin) Compatibility level JAVA_16 specified by fabric-rendering-v1.mixins.json is higher than the maximum level supported by this version of mixin (JAVA_13).
[11:20:42] [main/DEBUG] (FabricLoader/Mixin) Mixin config fabric-rendering-v1.mixins.json does not specify "minVersion" property
[11:20:42] [main/DEBUG] (FabricLoader/Mixin) Compatibility level JAVA_16 specified by fabric-networking-api-v1.mixins.json is higher than the maximum level supported by this version of mixin (JAVA_13).
[11:20:42] [main/DEBUG] (FabricLoader/Mixin) Mixin config fabric-networking-api-v1.mixins.json does not specify "minVersion" property
[11:20:42] [main/DEBUG] (FabricLoader/Mixin) Compatibility level JAVA_16 specified by fabric-networking-api-v1.client.mixins.json is higher than the maximum level supported by this version of mixin (JAVA_13).
[11:20:42] [main/DEBUG] (FabricLoader/Mixin) Mixin config fabric-networking-api-v1.client.mixins.json does not specify "minVersion" property
[11:20:42] [main/DEBUG] (FabricLoader/Mixin) Compatibility level JAVA_16 specified by fabric-message-api-v1.mixins.json is higher than the maximum level supported by this version of mixin (JAVA_13).
[11:20:42] [main/DEBUG] (FabricLoader/Mixin) Mixin config fabric-message-api-v1.mixins.json does not specify "minVersion" property
[11:20:42] [main/DEBUG] (FabricLoader/Mixin) Mixin config fabric-message-api-v1.client.mixins.json does not specify "minVersion" property
[11:20:42] [main/DEBUG] (FabricLoader/Mixin) Compatibility level JAVA_16 specified by fabric-particles-v1.client.mixins.json is higher than the maximum level supported by this version of mixin (JAVA_13).
[11:20:42] [main/DEBUG] (FabricLoader/Mixin) Mixin config fabric-particles-v1.client.mixins.json does not specify "minVersion" property
[11:20:42] [main/DEBUG] (FabricLoader/Mixin) Compatibility level JAVA_16 specified by fabric-resource-conditions-api-v1.mixins.json is higher than the maximum level supported by this version of mixin (JAVA_13).
[11:20:42] [main/DEBUG] (FabricLoader/Mixin) Mixin config fabric-resource-conditions-api-v1.mixins.json does not specify "minVersion" property
[11:20:42] [main/DEBUG] (FabricLoader/Mixin) Mixin config fabric-recipe-api-v1.mixins.json does not specify "minVersion" property
[11:20:42] [main/DEBUG] (FabricLoader/Mixin) Mixin config fabric-sound-api-v1.mixins.json does not specify "minVersion" property
[11:20:42] [main/DEBUG] (FabricLoader/Mixin) Compatibility level JAVA_16 specified by fabric-crash-report-info-v1.mixins.json is higher than the maximum level supported by this version of mixin (JAVA_13).
[11:20:42] [main/DEBUG] (FabricLoader/Mixin) Mixin config fabric-crash-report-info-v1.mixins.json does not specify "minVersion" property
[11:20:42] [main/DEBUG] (FabricLoader/Mixin) Compatibility level JAVA_16 specified by fabric-transfer-api-v1.mixins.json is higher than the maximum level supported by this version of mixin (JAVA_13).
[11:20:42] [main/DEBUG] (FabricLoader/Mixin) Mixin config fabric-transfer-api-v1.mixins.json does not specify "minVersion" property
[11:20:42] [main/DEBUG] (FabricLoader/Mixin) Compatibility level JAVA_16 specified by fabric-screen-handler-api-v1.mixins.json is higher than the maximum level supported by this version of mixin (JAVA_13).
[11:20:42] [main/DEBUG] (FabricLoader/Mixin) Mixin config fabric-screen-handler-api-v1.mixins.json does not specify "minVersion" property
[11:20:42] [main/DEBUG] (FabricLoader/Mixin) Compatibility level JAVA_16 specified by fabric-game-rule-api-v1.mixins.json is higher than the maximum level supported by this version of mixin (JAVA_13).
[11:20:42] [main/DEBUG] (FabricLoader/Mixin) Mixin config fabric-game-rule-api-v1.mixins.json does not specify "minVersion" property
[11:20:42] [main/DEBUG] (FabricLoader/Mixin) Compatibility level JAVA_16 specified by fabric-game-rule-api-v1.client.mixins.json is higher than the maximum level supported by this version of mixin (JAVA_13).
[11:20:42] [main/DEBUG] (FabricLoader/Mixin) Mixin config fabric-game-rule-api-v1.client.mixins.json does not specify "minVersion" property
[11:20:42] [main/DEBUG] (FabricLoader/Mixin) Compatibility level JAVA_16 specified by fabric-blockrenderlayer-v1.mixins.json is higher than the maximum level supported by this version of mixin (JAVA_13).
[11:20:42] [main/DEBUG] (FabricLoader/Mixin) Mixin config fabric-blockrenderlayer-v1.mixins.json does not specify "minVersion" property
[11:20:42] [main/DEBUG] (FabricLoader/Mixin) Mixin config fabric-block-api-v1.mixins.json does not specify "minVersion" property
[11:20:42] [main/DEBUG] (FabricLoader/Mixin) Mixin config fabric-block-view-api-v2.mixins.json does not specify "minVersion" property
[11:20:42] [main/DEBUG] (FabricLoader/Mixin) Mixin config fabric-block-view-api-v2.client.mixins.json does not specify "minVersion" property
[11:20:42] [main/DEBUG] (FabricLoader/Mixin) Compatibility level JAVA_16 specified by fabric-api-lookup-api-v1.mixins.json is higher than the maximum level supported by this version of mixin (JAVA_13).
[11:20:42] [main/DEBUG] (FabricLoader/Mixin) Mixin config fabric-api-lookup-api-v1.mixins.json does not specify "minVersion" property
[11:20:42] [main/DEBUG] (FabricLoader/Mixin) Compatibility level JAVA_16 specified by fabric-registry-sync-v0.mixins.json is higher than the maximum level supported by this version of mixin (JAVA_13).
[11:20:42] [main/DEBUG] (FabricLoader/Mixin) Mixin config fabric-registry-sync-v0.mixins.json does not specify "minVersion" property
[11:20:42] [main/DEBUG] (FabricLoader/Mixin) Compatibility level JAVA_16 specified by fabric-registry-sync-v0.client.mixins.json is higher than the maximum level supported by this version of mixin (JAVA_13).
[11:20:42] [main/DEBUG] (FabricLoader/Mixin) Mixin config fabric-registry-sync-v0.client.mixins.json does not specify "minVersion" property
[11:20:42] [main/DEBUG] (FabricLoader/Mixin) Compatibility level JAVA_16 specified by fabric-rendering-fluids-v1.mixins.json is higher than the maximum level supported by this version of mixin (JAVA_13).
[11:20:42] [main/DEBUG] (FabricLoader/Mixin) Mixin config fabric-rendering-fluids-v1.mixins.json does not specify "minVersion" property
[11:20:42] [main/DEBUG] (FabricLoader/Mixin) Compatibility level JAVA_16 specified by fabric-biome-api-v1.mixins.json is higher than the maximum level supported by this version of mixin (JAVA_13).
[11:20:42] [main/DEBUG] (FabricLoader/Mixin) Mixin config fabric-biome-api-v1.mixins.json does not specify "minVersion" property
[11:20:42] [main/DEBUG] (FabricLoader/Mixin) Compatibility level JAVA_16 specified by fabric-events-interaction-v0.mixins.json is higher than the maximum level supported by this version of mixin (JAVA_13).
[11:20:42] [main/DEBUG] (FabricLoader/Mixin) Mixin config fabric-events-interaction-v0.mixins.json does not specify "minVersion" property
[11:20:42] [main/DEBUG] (FabricLoader/Mixin) Compatibility level JAVA_16 specified by fabric-events-interaction-v0.client.mixins.json is higher than the maximum level supported by this version of mixin (JAVA_13).
[11:20:42] [main/DEBUG] (FabricLoader/Mixin) Mixin config fabric-events-interaction-v0.client.mixins.json does not specify "minVersion" property
[11:20:42] [main/DEBUG] (FabricLoader/Mixin) Compatibility level JAVA_16 specified by fabric-dimensions-v1.mixins.json is higher than the maximum level supported by this version of mixin (JAVA_13).
[11:20:42] [main/DEBUG] (FabricLoader/Mixin) Mixin config fabric-dimensions-v1.mixins.json does not specify "minVersion" property
[11:20:42] [main/DEBUG] (FabricLoader/Mixin) Compatibility level JAVA_16 specified by fabric-content-registries-v0.mixins.json is higher than the maximum level supported by this version of mixin (JAVA_13).
[11:20:42] [main/DEBUG] (FabricLoader/Mixin) Mixin config fabric-content-registries-v0.mixins.json does not specify "minVersion" property
[11:20:42] [main/DEBUG] (FabricLoader/Mixin) Mixin config fabric-data-attachment-api-v1.mixins.json does not specify "minVersion" property
[11:20:42] [main/DEBUG] (FabricLoader/Mixin) Mixin config fabric-data-attachment-api-v1.client.mixins.json does not specify "minVersion" property
[11:20:42] [main/DEBUG] (FabricLoader/Knot) Adding /home/silvaxguilhermezl03/nebula-mod-projeto/nebula-mod/.gradle/loom-cache/minecraftMaven/net/minecraft/minecraft-merged-7787b014d4/1.20.1-net.fabricmc.yarn.1_20_1.1.20.1+build.10-v2/minecraft-merged-7787b014d4-1.20.1-net.fabricmc.yarn.1_20_1.1.20.1+build.10-v2.jar to classpath.
[11:20:42] [main/DEBUG] (FabricLoader/Knot) Adding /home/silvaxguilhermezl03/nebula-mod-projeto/nebula-mod/build/classes/java/main to classpath.
[11:20:42] [main/DEBUG] (FabricLoader/Knot) Adding /home/silvaxguilhermezl03/nebula-mod-projeto/nebula-mod/build/resources/main to classpath.
[11:20:42] [main/DEBUG] (FabricLoader/Knot) Adding /home/silvaxguilhermezl03/.gradle/caches/fabric-loom/1.20.1/net.fabricmc.yarn.1_20_1.1.20.1+build.10-v2/mappings.jar to classpath.
[11:20:42] [main/DEBUG] (FabricLoader/Knot) Adding /home/silvaxguilhermezl03/.gradle/caches/modules-2/files-2.1/io.github.llamalad7/mixinextras-fabric/0.3.5/3b577be20ea942610b3045e4f0cd909fa415a9d3/mixinextras-fabric-0.3.5.jar to classpath.
[11:20:42] [main/DEBUG] (FabricLoader/Knot) Adding /home/silvaxguilhermezl03/.gradle/caches/modules-2/files-2.1/net.fabricmc/dev-launch-injector/0.2.1+build.8/da8bef7e6e2f952da707f282bdb46882a0fce5e3/dev-launch-injector-0.2.1+build.8.jar to classpath.
[11:20:42] [main/DEBUG] (FabricLoader/Knot) Adding /home/silvaxguilhermezl03/.gradle/caches/modules-2/files-2.1/com.github.oshi/oshi-core/6.2.2/54f5efc19bca95d709d9a37d19ffcbba3d21c1a6/oshi-core-6.2.2.jar to classpath.
[11:20:42] [main/DEBUG] (FabricLoader/Knot) Adding /home/silvaxguilhermezl03/.gradle/caches/modules-2/files-2.1/com.google.guava/failureaccess/1.0.1/1dcf1de382a0bf95a3d8b0849546c88bac1292c9/failureaccess-1.0.1.jar to classpath.
[11:20:42] [main/DEBUG] (FabricLoader/Knot) Adding /home/silvaxguilhermezl03/.gradle/caches/modules-2/files-2.1/com.google.guava/guava/31.1-jre/60458f877d055d0c9114d9e1a2efb737b4bc282c/guava-31.1-jre.jar to classpath.
[11:20:42] [main/DEBUG] (FabricLoader/Knot) Adding /home/silvaxguilhermezl03/.gradle/caches/modules-2/files-2.1/com.ibm.icu/icu4j/71.1/9e7d3304c23f9ba5cb71915f7cce23231a57a445/icu4j-71.1.jar to classpath.
[11:20:42] [main/DEBUG] (FabricLoader/Knot) Adding /home/silvaxguilhermezl03/.gradle/caches/modules-2/files-2.1/com.mojang/blocklist/1.0.10/5c685c5ffa94c4cd39496c7184c1d122e515ecef/blocklist-1.0.10.jar to classpath.
[11:20:42] [main/DEBUG] (FabricLoader/Knot) Adding /home/silvaxguilhermezl03/.gradle/caches/modules-2/files-2.1/com.mojang/brigadier/1.1.8/5244ce82c3337bba4a196a3ce858bfaecc74404a/brigadier-1.1.8.jar to classpath.
[11:20:42] [main/DEBUG] (FabricLoader/Knot) Adding /home/silvaxguilhermezl03/.gradle/caches/modules-2/files-2.1/com.mojang/datafixerupper/6.0.8/3ba4a30557a9b057760af4011f909ba619fc5125/datafixerupper-6.0.8.jar to classpath.
[11:20:42] [main/DEBUG] (FabricLoader/Knot) Adding /home/silvaxguilhermezl03/.gradle/caches/modules-2/files-2.1/com.mojang/patchy/2.2.10/da05971b07cbb379d002cf7eaec6a2048211fefc/patchy-2.2.10.jar to classpath.
[11:20:42] [main/DEBUG] (FabricLoader/Knot) Adding /home/silvaxguilhermezl03/.gradle/caches/modules-2/files-2.1/com.mojang/text2speech/1.17.9/3cad216e3a7f0c19b4b394388bc9ffc446f13b14/text2speech-1.17.9.jar to classpath.
[11:20:42] [main/DEBUG] (FabricLoader/Knot) Adding /home/silvaxguilhermezl03/.gradle/caches/modules-2/files-2.1/commons-codec/commons-codec/1.15/49d94806b6e3dc933dacbd8acb0fdbab8ebd1e5d/commons-codec-1.15.jar to classpath.
[11:20:42] [main/DEBUG] (FabricLoader/Knot) Adding /home/silvaxguilhermezl03/.gradle/caches/modules-2/files-2.1/commons-io/commons-io/2.11.0/a2503f302b11ebde7ebc3df41daebe0e4eea3689/commons-io-2.11.0.jar to classpath.
[11:20:42] [main/DEBUG] (FabricLoader/Knot) Adding /home/silvaxguilhermezl03/.gradle/caches/modules-2/files-2.1/commons-logging/commons-logging/1.2/4bfc12adfe4842bf07b657f0369c4cb522955686/commons-logging-1.2.jar to classpath.
[11:20:42] [main/DEBUG] (FabricLoader/Knot) Adding /home/silvaxguilhermezl03/.gradle/caches/modules-2/files-2.1/io.netty/netty-buffer/4.1.82.Final/a544270cf1ae8b8077082f5036436a9a9971ea71/netty-buffer-4.1.82.Final.jar to classpath.
[11:20:42] [main/DEBUG] (FabricLoader/Knot) Adding /home/silvaxguilhermezl03/.gradle/caches/modules-2/files-2.1/io.netty/netty-codec/4.1.82.Final/b77200379acb345a9ffdece1c605e591ac3e4e0a/netty-codec-4.1.82.Final.jar to classpath.
[11:20:42] [main/DEBUG] (FabricLoader/Knot) Adding /home/silvaxguilhermezl03/.gradle/caches/modules-2/files-2.1/io.netty/netty-common/4.1.82.Final/22d148e85c3f5ebdacc0ce1f5aabb1d420f73f3/netty-common-4.1.82.Final.jar to classpath.
[11:20:42] [main/DEBUG] (FabricLoader/Knot) Adding /home/silvaxguilhermezl03/.gradle/caches/modules-2/files-2.1/io.netty/netty-handler/4.1.82.Final/644041d1fa96a5d3130a29e8978630d716d76e38/netty-handler-4.1.82.Final.jar to classpath.
[11:20:42] [main/DEBUG] (FabricLoader/Knot) Adding /home/silvaxguilhermezl03/.gradle/caches/modules-2/files-2.1/io.netty/netty-resolver/4.1.82.Final/38f665ae8dcd29032eea31245ba7806bed2e0fa8/netty-resolver-4.1.82.Final.jar to classpath.
[11:20:42] [main/DEBUG] (FabricLoader/Knot) Adding /home/silvaxguilhermezl03/.gradle/caches/modules-2/files-2.1/io.netty/netty-transport-classes-epoll/4.1.82.Final/e7c7dd18deac93105797f30057c912651ea76521/netty-transport-classes-epoll-4.1.82.Final.jar to classpath.
[11:20:42] [main/DEBUG] (FabricLoader/Knot) Adding /home/silvaxguilhermezl03/.gradle/caches/modules-2/files-2.1/io.netty/netty-transport-native-epoll/4.1.82.Final/476409d6255001ca53a55f65b01c13822f8dc93a/netty-transport-native-epoll-4.1.82.Final-linux-aarch_64.jar to classpath.
[11:20:42] [main/DEBUG] (FabricLoader/Knot) Adding /home/silvaxguilhermezl03/.gradle/caches/modules-2/files-2.1/io.netty/netty-transport-native-epoll/4.1.82.Final/c7350a71920f3ae9142945e25fed4846cce53374/netty-transport-native-epoll-4.1.82.Final-linux-x86_64.jar to classpath.
[11:20:42] [main/DEBUG] (FabricLoader/Knot) Adding /home/silvaxguilhermezl03/.gradle/caches/modules-2/files-2.1/io.netty/netty-transport-native-unix-common/4.1.82.Final/3e895b35ca1b8a0eca56cacff4c2dde5d2c6abce/netty-transport-native-unix-common-4.1.82.Final.jar to classpath.
[11:20:42] [main/DEBUG] (FabricLoader/Knot) Adding /home/silvaxguilhermezl03/.gradle/caches/modules-2/files-2.1/io.netty/netty-transport/4.1.82.Final/e431a218d91acb6476ccad5f5aafde50aa3945ca/netty-transport-4.1.82.Final.jar to classpath.
[11:20:42] [main/DEBUG] (FabricLoader/Knot) Adding /home/silvaxguilhermezl03/.gradle/caches/modules-2/files-2.1/it.unimi.dsi/fastutil/8.5.9/bb7ea75ecdb216654237830b3a96d87ad91f8cc5/fastutil-8.5.9.jar to classpath.
[11:20:42] [main/DEBUG] (FabricLoader/Knot) Adding /home/silvaxguilhermezl03/.gradle/caches/modules-2/files-2.1/net.java.dev.jna/jna-platform/5.12.1/97406a297c852f4a41e688a176ec675f72e8329/jna-platform-5.12.1.jar to classpath.
[11:20:42] [main/DEBUG] (FabricLoader/Knot) Adding /home/silvaxguilhermezl03/.gradle/caches/modules-2/files-2.1/net.java.dev.jna/jna/5.12.1/b1e93a735caea94f503e95e6fe79bf9cdc1e985d/jna-5.12.1.jar to classpath.
[11:20:42] [main/DEBUG] (FabricLoader/Knot) Adding /home/silvaxguilhermezl03/.gradle/caches/modules-2/files-2.1/net.sf.jopt-simple/jopt-simple/5.0.4/4fdac2fbe92dfad86aa6e9301736f6b4342a3f5c/jopt-simple-5.0.4.jar to classpath.
[11:20:42] [main/DEBUG] (FabricLoader/Knot) Adding /home/silvaxguilhermezl03/.gradle/caches/modules-2/files-2.1/org.apache.commons/commons-compress/1.21/4ec95b60d4e86b5c95a0e919cb172a0af98011ef/commons-compress-1.21.jar to classpath.
[11:20:42] [main/DEBUG] (FabricLoader/Knot) Adding /home/silvaxguilhermezl03/.gradle/caches/modules-2/files-2.1/org.apache.commons/commons-lang3/3.12.0/c6842c86792ff03b9f1d1fe2aab8dc23aa6c6f0e/commons-lang3-3.12.0.jar to classpath.
[11:20:42] [main/DEBUG] (FabricLoader/Knot) Adding /home/silvaxguilhermezl03/.gradle/caches/modules-2/files-2.1/org.apache.httpcomponents/httpclient/4.5.13/e5f6cae5ca7ecaac1ec2827a9e2d65ae2869cada/httpclient-4.5.13.jar to classpath.
[11:20:42] [main/DEBUG] (FabricLoader/Knot) Adding /home/silvaxguilhermezl03/.gradle/caches/modules-2/files-2.1/org.apache.httpcomponents/httpcore/4.4.15/7f2e0c573eaa7a74bac2e89b359e1f73d92a0a1d/httpcore-4.4.15.jar to classpath.
[11:20:42] [main/DEBUG] (FabricLoader/Knot) Adding /home/silvaxguilhermezl03/.gradle/caches/modules-2/files-2.1/org.joml/joml/1.10.5/22566d58af70ad3d72308bab63b8339906deb649/joml-1.10.5.jar to classpath.
[11:20:42] [main/DEBUG] (FabricLoader/Knot) Adding /home/silvaxguilhermezl03/.gradle/caches/modules-2/files-2.1/org.lwjgl/lwjgl-glfw/3.3.2/757920418805fb90bfebb3d46b1d9e7669fca2eb/lwjgl-glfw-3.3.2.jar to classpath.
[11:20:42] [main/DEBUG] (FabricLoader/Knot) Adding /home/silvaxguilhermezl03/.gradle/caches/modules-2/files-2.1/org.lwjgl/lwjgl-glfw/3.3.2/766bb0e8e829598b1c8052fd8173c62af741c52/lwjgl-glfw-3.3.2-natives-linux.jar to classpath.
[11:20:42] [main/DEBUG] (FabricLoader/Knot) Adding /home/silvaxguilhermezl03/.gradle/caches/modules-2/files-2.1/org.lwjgl/lwjgl-jemalloc/3.3.2/877e17e39ebcd58a9c956dc3b5b777813de0873a/lwjgl-jemalloc-3.3.2.jar to classpath.
[11:20:42] [main/DEBUG] (FabricLoader/Knot) Adding /home/silvaxguilhermezl03/.gradle/caches/modules-2/files-2.1/org.lwjgl/lwjgl-jemalloc/3.3.2/2bc33176cdfabf34a63df154b80914e8f433316b/lwjgl-jemalloc-3.3.2-natives-linux.jar to classpath.
[11:20:42] [main/DEBUG] (FabricLoader/Knot) Adding /home/silvaxguilhermezl03/.gradle/caches/modules-2/files-2.1/org.lwjgl/lwjgl-openal/3.3.2/ae5357ed6d934546d3533993ea84c0cfb75eed95/lwjgl-openal-3.3.2.jar to classpath.
[11:20:42] [main/DEBUG] (FabricLoader/Knot) Adding /home/silvaxguilhermezl03/.gradle/caches/modules-2/files-2.1/org.lwjgl/lwjgl-openal/3.3.2/650981780b8bbfb3ce43657b22ec8e77bfb1f37a/lwjgl-openal-3.3.2-natives-linux.jar to classpath.
[11:20:42] [main/DEBUG] (FabricLoader/Knot) Adding /home/silvaxguilhermezl03/.gradle/caches/modules-2/files-2.1/org.lwjgl/lwjgl-opengl/3.3.2/ee8e95be0b438602038bc1f02dc5e3d011b1b216/lwjgl-opengl-3.3.2.jar to classpath.
[11:20:42] [main/DEBUG] (FabricLoader/Knot) Adding /home/silvaxguilhermezl03/.gradle/caches/modules-2/files-2.1/org.lwjgl/lwjgl-opengl/3.3.2/b8368430ef0d91a5acbc6fbfa47b20c3ec083aec/lwjgl-opengl-3.3.2-natives-linux.jar to classpath.
[11:20:42] [main/DEBUG] (FabricLoader/Knot) Adding /home/silvaxguilhermezl03/.gradle/caches/modules-2/files-2.1/org.lwjgl/lwjgl-stb/3.3.2/a2550795014d622b686e9caac50b14baa87d2c70/lwjgl-stb-3.3.2.jar to classpath.
[11:20:42] [main/DEBUG] (FabricLoader/Knot) Adding /home/silvaxguilhermezl03/.gradle/caches/modules-2/files-2.1/org.lwjgl/lwjgl-stb/3.3.2/5c987f43b342d722b54970159040af76f1c87403/lwjgl-stb-3.3.2-natives-linux.jar to classpath.
[11:20:42] [main/DEBUG] (FabricLoader/Knot) Adding /home/silvaxguilhermezl03/.gradle/caches/modules-2/files-2.1/org.lwjgl/lwjgl-tinyfd/3.3.2/9f65c248dd77934105274fcf8351abb75b34327c/lwjgl-tinyfd-3.3.2.jar to classpath.
[11:20:42] [main/DEBUG] (FabricLoader/Knot) Adding /home/silvaxguilhermezl03/.gradle/caches/modules-2/files-2.1/org.lwjgl/lwjgl-tinyfd/3.3.2/5d27fc67172b3fcd8400d61a7cfb75da881f609/lwjgl-tinyfd-3.3.2-natives-linux.jar to classpath.
[11:20:42] [main/DEBUG] (FabricLoader/Knot) Adding /home/silvaxguilhermezl03/.gradle/caches/modules-2/files-2.1/org.lwjgl/lwjgl/3.3.2/4421d94af68e35dcaa31737a6fc59136a1e61b94/lwjgl-3.3.2.jar to classpath.
[11:20:42] [main/DEBUG] (FabricLoader/Knot) Adding /home/silvaxguilhermezl03/.gradle/caches/modules-2/files-2.1/org.lwjgl/lwjgl/3.3.2/767684973f259d97e7dc66a125eb153986f177e7/lwjgl-3.3.2-natives-linux.jar to classpath.
[11:20:42] [main/DEBUG] (FabricLoader/Knot) Adding /home/silvaxguilhermezl03/nebula-mod-projeto/nebula-mod/.gradle/loom-cache/remapped_mods/net_fabricmc_yarn_1_20_1_1_20_1_build_10_v2/com/terraformersmc/modmenu/7.2.2/modmenu-7.2.2.jar to classpath.
[11:20:42] [main/DEBUG] (FabricLoader/Knot) Adding /home/silvaxguilhermezl03/nebula-mod-projeto/nebula-mod/.gradle/loom-cache/remapped_mods/net_fabricmc_yarn_1_20_1_1_20_1_build_10_v2/net/fabricmc/fabric-api/fabric-api/0.92.2+1.20.1/fabric-api-0.92.2+1.20.1.jar to classpath.
[11:20:42] [main/DEBUG] (FabricLoader/Knot) Adding /home/silvaxguilhermezl03/nebula-mod-projeto/nebula-mod/.gradle/loom-cache/remapped_mods/net_fabricmc_yarn_1_20_1_1_20_1_build_10_v2/net/fabricmc/fabric-api/fabric-transfer-api-v1/3.3.5+8dd72ea377/fabric-transfer-api-v1-3.3.5+8dd72ea377.jar to classpath.
[11:20:42] [main/DEBUG] (FabricLoader/Knot) Adding /home/silvaxguilhermezl03/nebula-mod-projeto/nebula-mod/.gradle/loom-cache/remapped_mods/net_fabricmc_yarn_1_20_1_1_20_1_build_10_v2/net/fabricmc/fabric-api/fabric-api-lookup-api-v1/1.6.36+1802ada577/fabric-api-lookup-api-v1-1.6.36+1802ada577.jar to classpath.
[11:20:42] [main/DEBUG] (FabricLoader/Knot) Adding /home/silvaxguilhermezl03/nebula-mod-projeto/nebula-mod/.gradle/loom-cache/remapped_mods/net_fabricmc_yarn_1_20_1_1_20_1_build_10_v2/net/fabricmc/fabric-api/fabric-blockrenderlayer-v1/1.1.41+1802ada577/fabric-blockrenderlayer-v1-1.1.41+1802ada577.jar to classpath.
[11:20:42] [main/DEBUG] (FabricLoader/Knot) Adding /home/silvaxguilhermezl03/nebula-mod-projeto/nebula-mod/.gradle/loom-cache/remapped_mods/net_fabricmc_yarn_1_20_1_1_20_1_build_10_v2/net/fabricmc/fabric-api/fabric-client-tags-api-v1/1.1.2+1802ada577/fabric-client-tags-api-v1-1.1.2+1802ada577.jar to classpath.
[11:20:42] [main/DEBUG] (FabricLoader/Knot) Adding /home/silvaxguilhermezl03/nebula-mod-projeto/nebula-mod/.gradle/loom-cache/remapped_mods/net_fabricmc_yarn_1_20_1_1_20_1_build_10_v2/net/fabricmc/fabric-api/fabric-command-api-v1/1.2.34+f71b366f77/fabric-command-api-v1-1.2.34+f71b366f77.jar to classpath.
[11:20:42] [main/DEBUG] (FabricLoader/Knot) Adding /home/silvaxguilhermezl03/nebula-mod-projeto/nebula-mod/.gradle/loom-cache/remapped_mods/net_fabricmc_yarn_1_20_1_1_20_1_build_10_v2/net/fabricmc/fabric-api/fabric-commands-v0/0.2.51+df3654b377/fabric-commands-v0-0.2.51+df3654b377.jar to classpath.
[11:20:42] [main/DEBUG] (FabricLoader/Knot) Adding /home/silvaxguilhermezl03/nebula-mod-projeto/nebula-mod/.gradle/loom-cache/remapped_mods/net_fabricmc_yarn_1_20_1_1_20_1_build_10_v2/net/fabricmc/fabric-api/fabric-command-api-v2/2.2.13+1802ada577/fabric-command-api-v2-2.2.13+1802ada577.jar to classpath.
[11:20:42] [main/DEBUG] (FabricLoader/Knot) Adding /home/silvaxguilhermezl03/nebula-mod-projeto/nebula-mod/.gradle/loom-cache/remapped_mods/net_fabricmc_yarn_1_20_1_1_20_1_build_10_v2/net/fabricmc/fabric-api/fabric-content-registries-v0/4.0.11+1802ada577/fabric-content-registries-v0-4.0.11+1802ada577.jar to classpath.
[11:20:42] [main/DEBUG] (FabricLoader/Knot) Adding /home/silvaxguilhermezl03/nebula-mod-projeto/nebula-mod/.gradle/loom-cache/remapped_mods/net_fabricmc_yarn_1_20_1_1_20_1_build_10_v2/net/fabricmc/fabric-api/fabric-convention-tags-v1/1.5.5+1802ada577/fabric-convention-tags-v1-1.5.5+1802ada577.jar to classpath.
[11:20:42] [main/DEBUG] (FabricLoader/Knot) Adding /home/silvaxguilhermezl03/nebula-mod-projeto/nebula-mod/.gradle/loom-cache/remapped_mods/net_fabricmc_yarn_1_20_1_1_20_1_build_10_v2/net/fabricmc/fabric-api/fabric-data-attachment-api-v1/1.0.0+de0fd6d177/fabric-data-attachment-api-v1-1.0.0+de0fd6d177.jar to classpath.
[11:20:42] [main/DEBUG] (FabricLoader/Knot) Adding /home/silvaxguilhermezl03/nebula-mod-projeto/nebula-mod/.gradle/loom-cache/remapped_mods/net_fabricmc_yarn_1_20_1_1_20_1_build_10_v2/net/fabricmc/fabric-api/fabric-data-generation-api-v1/12.3.4+1802ada577/fabric-data-generation-api-v1-12.3.4+1802ada577.jar to classpath.
[11:20:42] [main/DEBUG] (FabricLoader/Knot) Adding /home/silvaxguilhermezl03/nebula-mod-projeto/nebula-mod/.gradle/loom-cache/remapped_mods/net_fabricmc_yarn_1_20_1_1_20_1_build_10_v2/net/fabricmc/fabric-api/fabric-dimensions-v1/2.1.54+1802ada577/fabric-dimensions-v1-2.1.54+1802ada577.jar to classpath.
[11:20:42] [main/DEBUG] (FabricLoader/Knot) Adding /home/silvaxguilhermezl03/nebula-mod-projeto/nebula-mod/.gradle/loom-cache/remapped_mods/net_fabricmc_yarn_1_20_1_1_20_1_build_10_v2/net/fabricmc/fabric-api/fabric-entity-events-v1/1.6.0+1c78457f77/fabric-entity-events-v1-1.6.0+1c78457f77.jar to classpath.
[11:20:42] [main/DEBUG] (FabricLoader/Knot) Adding /home/silvaxguilhermezl03/nebula-mod-projeto/nebula-mod/.gradle/loom-cache/remapped_mods/net_fabricmc_yarn_1_20_1_1_20_1_build_10_v2/net/fabricmc/fabric-api/fabric-events-interaction-v0/0.6.2+1802ada577/fabric-events-interaction-v0-0.6.2+1802ada577.jar to classpath.
[11:20:42] [main/DEBUG] (FabricLoader/Knot) Adding /home/silvaxguilhermezl03/nebula-mod-projeto/nebula-mod/.gradle/loom-cache/remapped_mods/net_fabricmc_yarn_1_20_1_1_20_1_build_10_v2/net/fabricmc/fabric-api/fabric-gametest-api-v1/1.2.13+1802ada577/fabric-gametest-api-v1-1.2.13+1802ada577.jar to classpath.
[11:20:42] [main/DEBUG] (FabricLoader/Knot) Adding /home/silvaxguilhermezl03/nebula-mod-projeto/nebula-mod/.gradle/loom-cache/remapped_mods/net_fabricmc_yarn_1_20_1_1_20_1_build_10_v2/net/fabricmc/fabric-api/fabric-events-lifecycle-v0/0.2.63+df3654b377/fabric-events-lifecycle-v0-0.2.63+df3654b377.jar to classpath.
[11:20:42] [main/DEBUG] (FabricLoader/Knot) Adding /home/silvaxguilhermezl03/nebula-mod-projeto/nebula-mod/.gradle/loom-cache/remapped_mods/net_fabricmc_yarn_1_20_1_1_20_1_build_10_v2/net/fabricmc/fabric-api/fabric-item-api-v1/2.1.28+1802ada577/fabric-item-api-v1-2.1.28+1802ada577.jar to classpath.
[11:20:42] [main/DEBUG] (FabricLoader/Knot) Adding /home/silvaxguilhermezl03/nebula-mod-projeto/nebula-mod/.gradle/loom-cache/remapped_mods/net_fabricmc_yarn_1_20_1_1_20_1_build_10_v2/net/fabricmc/fabric-api/fabric-item-group-api-v1/4.0.12+1802ada577/fabric-item-group-api-v1-4.0.12+1802ada577.jar to classpath.
[11:20:42] [main/DEBUG] (FabricLoader/Knot) Adding /home/silvaxguilhermezl03/nebula-mod-projeto/nebula-mod/.gradle/loom-cache/remapped_mods/net_fabricmc_yarn_1_20_1_1_20_1_build_10_v2/net/fabricmc/fabric-api/fabric-mining-level-api-v1/2.1.50+1802ada577/fabric-mining-level-api-v1-2.1.50+1802ada577.jar to classpath.
[11:20:42] [main/DEBUG] (FabricLoader/Knot) Adding /home/silvaxguilhermezl03/nebula-mod-projeto/nebula-mod/.gradle/loom-cache/remapped_mods/net_fabricmc_yarn_1_20_1_1_20_1_build_10_v2/net/fabricmc/fabric-api/fabric-lifecycle-events-v1/2.2.22+1802ada577/fabric-lifecycle-events-v1-2.2.22+1802ada577.jar to classpath.
[11:20:42] [main/DEBUG] (FabricLoader/Knot) Adding /home/silvaxguilhermezl03/nebula-mod-projeto/nebula-mod/.gradle/loom-cache/remapped_mods/net_fabricmc_yarn_1_20_1_1_20_1_build_10_v2/net/fabricmc/fabric-api/fabric-loot-tables-v1/1.1.45+9e7660c677/fabric-loot-tables-v1-1.1.45+9e7660c677.jar to classpath.
[11:20:42] [main/DEBUG] (FabricLoader/Knot) Adding /home/silvaxguilhermezl03/nebula-mod-projeto/nebula-mod/.gradle/loom-cache/remapped_mods/net_fabricmc_yarn_1_20_1_1_20_1_build_10_v2/net/fabricmc/fabric-api/fabric-loot-api-v2/1.2.1+1802ada577/fabric-loot-api-v2-1.2.1+1802ada577.jar to classpath.
[11:20:42] [main/DEBUG] (FabricLoader/Knot) Adding /home/silvaxguilhermezl03/nebula-mod-projeto/nebula-mod/.gradle/loom-cache/remapped_mods/net_fabricmc_yarn_1_20_1_1_20_1_build_10_v2/net/fabricmc/fabric-api/fabric-message-api-v1/5.1.9+1802ada577/fabric-message-api-v1-5.1.9+1802ada577.jar to classpath.
[11:20:42] [main/DEBUG] (FabricLoader/Knot) Adding /home/silvaxguilhermezl03/nebula-mod-projeto/nebula-mod/.gradle/loom-cache/remapped_mods/net_fabricmc_yarn_1_20_1_1_20_1_build_10_v2/net/fabricmc/fabric-api/fabric-models-v0/0.4.2+9386d8a777/fabric-models-v0-0.4.2+9386d8a777.jar to classpath.
[11:20:42] [main/DEBUG] (FabricLoader/Knot) Adding /home/silvaxguilhermezl03/nebula-mod-projeto/nebula-mod/.gradle/loom-cache/remapped_mods/net_fabricmc_yarn_1_20_1_1_20_1_build_10_v2/net/fabricmc/fabric-api/fabric-model-loading-api-v1/1.0.3+1802ada577/fabric-model-loading-api-v1-1.0.3+1802ada577.jar to classpath.
[11:20:42] [main/DEBUG] (FabricLoader/Knot) Adding /home/silvaxguilhermezl03/nebula-mod-projeto/nebula-mod/.gradle/loom-cache/remapped_mods/net_fabricmc_yarn_1_20_1_1_20_1_build_10_v2/net/fabricmc/fabric-api/fabric-recipe-api-v1/1.0.21+1802ada577/fabric-recipe-api-v1-1.0.21+1802ada577.jar to classpath.
[11:20:42] [main/DEBUG] (FabricLoader/Knot) Adding /home/silvaxguilhermezl03/nebula-mod-projeto/nebula-mod/.gradle/loom-cache/remapped_mods/net_fabricmc_yarn_1_20_1_1_20_1_build_10_v2/net/fabricmc/fabric-api/fabric-registry-sync-v0/2.3.3+1802ada577/fabric-registry-sync-v0-2.3.3+1802ada577.jar to classpath.
[11:20:42] [main/DEBUG] (FabricLoader/Knot) Adding /home/silvaxguilhermezl03/nebula-mod-projeto/nebula-mod/.gradle/loom-cache/remapped_mods/net_fabricmc_yarn_1_20_1_1_20_1_build_10_v2/net/fabricmc/fabric-api/fabric-screen-handler-api-v1/1.3.30+1802ada577/fabric-screen-handler-api-v1-1.3.30+1802ada577.jar to classpath.
[11:20:42] [main/DEBUG] (FabricLoader/Knot) Adding /home/silvaxguilhermezl03/nebula-mod-projeto/nebula-mod/.gradle/loom-cache/remapped_mods/net_fabricmc_yarn_1_20_1_1_20_1_build_10_v2/net/fabricmc/fabric-api/fabric-containers-v0/0.1.64+df3654b377/fabric-containers-v0-0.1.64+df3654b377.jar to classpath.
[11:20:42] [main/DEBUG] (FabricLoader/Knot) Adding /home/silvaxguilhermezl03/nebula-mod-projeto/nebula-mod/.gradle/loom-cache/remapped_mods/net_fabricmc_yarn_1_20_1_1_20_1_build_10_v2/net/fabricmc/fabric-api/fabric-networking-v0/0.3.51+df3654b377/fabric-networking-v0-0.3.51+df3654b377.jar to classpath.
[11:20:42] [main/DEBUG] (FabricLoader/Knot) Adding /home/silvaxguilhermezl03/nebula-mod-projeto/nebula-mod/.gradle/loom-cache/remapped_mods/net_fabricmc_yarn_1_20_1_1_20_1_build_10_v2/net/fabricmc/fabric-api/fabric-networking-api-v1/1.3.11+1802ada577/fabric-networking-api-v1-1.3.11+1802ada577.jar to classpath.
[11:20:42] [main/DEBUG] (FabricLoader/Knot) Adding /home/silvaxguilhermezl03/nebula-mod-projeto/nebula-mod/.gradle/loom-cache/remapped_mods/net_fabricmc_yarn_1_20_1_1_20_1_build_10_v2/net/fabricmc/fabric-api/fabric-object-builder-api-v1/11.1.3+1802ada577/fabric-object-builder-api-v1-11.1.3+1802ada577.jar to classpath.
[11:20:42] [main/DEBUG] (FabricLoader/Knot) Adding /home/silvaxguilhermezl03/nebula-mod-projeto/nebula-mod/.gradle/loom-cache/remapped_mods/net_fabricmc_yarn_1_20_1_1_20_1_build_10_v2/net/fabricmc/fabric-api/fabric-particles-v1/1.1.2+1802ada577/fabric-particles-v1-1.1.2+1802ada577.jar to classpath.
[11:20:42] [main/DEBUG] (FabricLoader/Knot) Adding /home/silvaxguilhermezl03/nebula-mod-projeto/nebula-mod/.gradle/loom-cache/remapped_mods/net_fabricmc_yarn_1_20_1_1_20_1_build_10_v2/net/fabricmc/fabric-api/fabric-renderer-indigo/1.5.2+85287f9f77/fabric-renderer-indigo-1.5.2+85287f9f77.jar to classpath.
[11:20:42] [main/DEBUG] (FabricLoader/Knot) Adding /home/silvaxguilhermezl03/nebula-mod-projeto/nebula-mod/.gradle/loom-cache/remapped_mods/net_fabricmc_yarn_1_20_1_1_20_1_build_10_v2/net/fabricmc/fabric-api/fabric-renderer-api-v1/3.2.1+1802ada577/fabric-renderer-api-v1-3.2.1+1802ada577.jar to classpath.
[11:20:42] [main/DEBUG] (FabricLoader/Knot) Adding /home/silvaxguilhermezl03/nebula-mod-projeto/nebula-mod/.gradle/loom-cache/remapped_mods/net_fabricmc_yarn_1_20_1_1_20_1_build_10_v2/net/fabricmc/fabric-api/fabric-rendering-fluids-v1/3.0.28+1802ada577/fabric-rendering-fluids-v1-3.0.28+1802ada577.jar to classpath.
[11:20:42] [main/DEBUG] (FabricLoader/Knot) Adding /home/silvaxguilhermezl03/nebula-mod-projeto/nebula-mod/.gradle/loom-cache/remapped_mods/net_fabricmc_yarn_1_20_1_1_20_1_build_10_v2/net/fabricmc/fabric-api/fabric-renderer-registries-v1/3.2.46+df3654b377/fabric-renderer-registries-v1-3.2.46+df3654b377.jar to classpath.
[11:20:42] [main/DEBUG] (FabricLoader/Knot) Adding /home/silvaxguilhermezl03/nebula-mod-projeto/nebula-mod/.gradle/loom-cache/remapped_mods/net_fabricmc_yarn_1_20_1_1_20_1_build_10_v2/net/fabricmc/fabric-api/fabric-rendering-v0/1.1.49+df3654b377/fabric-rendering-v0-1.1.49+df3654b377.jar to classpath.
[11:20:42] [main/DEBUG] (FabricLoader/Knot) Adding /home/silvaxguilhermezl03/nebula-mod-projeto/nebula-mod/.gradle/loom-cache/remapped_mods/net_fabricmc_yarn_1_20_1_1_20_1_build_10_v2/net/fabricmc/fabric-api/fabric-rendering-v1/3.0.8+1802ada577/fabric-rendering-v1-3.0.8+1802ada577.jar to classpath.
[11:20:42] [main/DEBUG] (FabricLoader/Knot) Adding /home/silvaxguilhermezl03/nebula-mod-projeto/nebula-mod/.gradle/loom-cache/remapped_mods/net_fabricmc_yarn_1_20_1_1_20_1_build_10_v2/net/fabricmc/fabric-api/fabric-screen-api-v1/2.0.8+1802ada577/fabric-screen-api-v1-2.0.8+1802ada577.jar to classpath.
[11:20:42] [main/DEBUG] (FabricLoader/Knot) Adding /home/silvaxguilhermezl03/nebula-mod-projeto/nebula-mod/.gradle/loom-cache/remapped_mods/net_fabricmc_yarn_1_20_1_1_20_1_build_10_v2/net/fabricmc/fabric-api/fabric-api-base/0.4.31+1802ada577/fabric-api-base-0.4.31+1802ada577.jar to classpath.
[11:20:42] [main/DEBUG] (FabricLoader/Knot) Adding /home/silvaxguilhermezl03/nebula-mod-projeto/nebula-mod/.gradle/loom-cache/remapped_mods/net_fabricmc_yarn_1_20_1_1_20_1_build_10_v2/net/fabricmc/fabric-api/fabric-biome-api-v1/13.0.13+1802ada577/fabric-biome-api-v1-13.0.13+1802ada577.jar to classpath.
[11:20:42] [main/DEBUG] (FabricLoader/Knot) Adding /home/silvaxguilhermezl03/nebula-mod-projeto/nebula-mod/.gradle/loom-cache/remapped_mods/net_fabricmc_yarn_1_20_1_1_20_1_build_10_v2/net/fabricmc/fabric-api/fabric-block-api-v1/1.0.11+1802ada577/fabric-block-api-v1-1.0.11+1802ada577.jar to classpath.
[11:20:42] [main/DEBUG] (FabricLoader/Knot) Adding /home/silvaxguilhermezl03/nebula-mod-projeto/nebula-mod/.gradle/loom-cache/remapped_mods/net_fabricmc_yarn_1_20_1_1_20_1_build_10_v2/net/fabricmc/fabric-api/fabric-rendering-data-attachment-v1/0.3.37+92a0d36777/fabric-rendering-data-attachment-v1-0.3.37+92a0d36777.jar to classpath.
[11:20:42] [main/DEBUG] (FabricLoader/Knot) Adding /home/silvaxguilhermezl03/nebula-mod-projeto/nebula-mod/.gradle/loom-cache/remapped_mods/net_fabricmc_yarn_1_20_1_1_20_1_build_10_v2/net/fabricmc/fabric-api/fabric-block-view-api-v2/1.0.1+1802ada577/fabric-block-view-api-v2-1.0.1+1802ada577.jar to classpath.
[11:20:42] [main/DEBUG] (FabricLoader/Knot) Adding /home/silvaxguilhermezl03/nebula-mod-projeto/nebula-mod/.gradle/loom-cache/remapped_mods/net_fabricmc_yarn_1_20_1_1_20_1_build_10_v2/net/fabricmc/fabric-api/fabric-crash-report-info-v1/0.2.19+1802ada577/fabric-crash-report-info-v1-0.2.19+1802ada577.jar to classpath.
[11:20:42] [main/DEBUG] (FabricLoader/Knot) Adding /home/silvaxguilhermezl03/nebula-mod-projeto/nebula-mod/.gradle/loom-cache/remapped_mods/net_fabricmc_yarn_1_20_1_1_20_1_build_10_v2/net/fabricmc/fabric-api/fabric-game-rule-api-v1/1.0.40+1802ada577/fabric-game-rule-api-v1-1.0.40+1802ada577.jar to classpath.
[11:20:42] [main/DEBUG] (FabricLoader/Knot) Adding /home/silvaxguilhermezl03/nebula-mod-projeto/nebula-mod/.gradle/loom-cache/remapped_mods/net_fabricmc_yarn_1_20_1_1_20_1_build_10_v2/net/fabricmc/fabric-api/fabric-keybindings-v0/0.2.35+df3654b377/fabric-keybindings-v0-0.2.35+df3654b377.jar to classpath.
[11:20:42] [main/DEBUG] (FabricLoader/Knot) Adding /home/silvaxguilhermezl03/nebula-mod-projeto/nebula-mod/.gradle/loom-cache/remapped_mods/net_fabricmc_yarn_1_20_1_1_20_1_build_10_v2/net/fabricmc/fabric-api/fabric-key-binding-api-v1/1.0.37+1802ada577/fabric-key-binding-api-v1-1.0.37+1802ada577.jar to classpath.
[11:20:42] [main/DEBUG] (FabricLoader/Knot) Adding /home/silvaxguilhermezl03/nebula-mod-projeto/nebula-mod/.gradle/loom-cache/remapped_mods/net_fabricmc_yarn_1_20_1_1_20_1_build_10_v2/net/fabricmc/fabric-api/fabric-resource-conditions-api-v1/2.3.8+1802ada577/fabric-resource-conditions-api-v1-2.3.8+1802ada577.jar to classpath.
[11:20:42] [main/DEBUG] (FabricLoader/Knot) Adding /home/silvaxguilhermezl03/nebula-mod-projeto/nebula-mod/.gradle/loom-cache/remapped_mods/net_fabricmc_yarn_1_20_1_1_20_1_build_10_v2/net/fabricmc/fabric-api/fabric-resource-loader-v0/0.11.10+1802ada577/fabric-resource-loader-v0-0.11.10+1802ada577.jar to classpath.
[11:20:42] [main/DEBUG] (FabricLoader/Knot) Adding /home/silvaxguilhermezl03/nebula-mod-projeto/nebula-mod/.gradle/loom-cache/remapped_mods/net_fabricmc_yarn_1_20_1_1_20_1_build_10_v2/net/fabricmc/fabric-api/fabric-sound-api-v1/1.0.13+1802ada577/fabric-sound-api-v1-1.0.13+1802ada577.jar to classpath.
[11:20:42] [main/DEBUG] (FabricLoader/Knot) Adding /home/silvaxguilhermezl03/nebula-mod-projeto/nebula-mod/.gradle/loom-cache/remapped_mods/net_fabricmc_yarn_1_20_1_1_20_1_build_10_v2/net/fabricmc/fabric-api/fabric-transitive-access-wideners-v1/4.3.1+1802ada577/fabric-transitive-access-wideners-v1-4.3.1+1802ada577.jar to classpath.
[11:20:42] [main/DEBUG] (FabricLoader/Knot) Adding /home/silvaxguilhermezl03/.gradle/caches/modules-2/files-2.1/org.jline/jline-reader/3.20.0/8f15415b022a25b473e8e16c28ae913186ffb9c4/jline-reader-3.20.0.jar to classpath.
[11:20:42] [main/DEBUG] (FabricLoader/Knot) Adding /home/silvaxguilhermezl03/.gradle/caches/modules-2/files-2.1/org.jline/jline-terminal/3.20.0/d0ddcc708ddf527a3454c941b7b9225cc83a15ff/jline-terminal-3.20.0.jar to classpath.
[11:20:42] [main/DEBUG] (FabricLoader/Entrypoint) No subscribers for entrypoint 'preLaunch'
[11:20:42] [main/DEBUG] (FabricLoader/Mixin) Preparing mixins for MixinEnvironment[DEFAULT]
[11:20:42] [main/DEBUG] (FabricLoader/Mixin) Selecting config fabric-renderer-indigo.mixins.json
[11:20:42] [main/DEBUG] (FabricLoader/Mixin) Remapping refMap client-fabric-renderer-indigo-refmap.json using remapper chain
[11:20:42] [main/DEBUG] (FabricLoader/Mixin) Selecting config fabric-loot-api-v2.mixins.json
[11:20:42] [main/DEBUG] (FabricLoader/Mixin) Remapping refMap fabric-loot-api-v2-refmap.json using remapper chain
[11:20:42] [main/DEBUG] (FabricLoader/Mixin) Selecting config fabric-screen-api-v1.mixins.json
[11:20:42] [main/DEBUG] (FabricLoader/Mixin) Remapping refMap client-fabric-screen-api-v1-refmap.json using remapper chain
[11:20:42] [main/DEBUG] (FabricLoader/Mixin) Selecting config fabric-rendering-data-attachment-v1.mixins.json
[11:20:42] [main/DEBUG] (FabricLoader/Mixin) Remapping refMap fabric-rendering-data-attachment-v1-refmap.json using remapper chain
[11:20:42] [main/DEBUG] (FabricLoader/Mixin) Selecting config fabric-rendering-data-attachment-v1.client.mixins.json
[11:20:42] [main/DEBUG] (FabricLoader/Mixin) Remapping refMap client-fabric-rendering-data-attachment-v1-refmap.json using remapper chain
[11:20:42] [main/DEBUG] (FabricLoader/Mixin) Selecting config fabric-gametest-api-v1.mixins.json
[11:20:42] [main/DEBUG] (FabricLoader/Mixin) Remapping refMap fabric-gametest-api-v1-refmap.json using remapper chain
[11:20:42] [main/DEBUG] (FabricLoader/Mixin) Selecting config mixins.modmenu.json
[11:20:42] [main/DEBUG] (FabricLoader/Mixin) Remapping refMap modmenu-refmap.json using remapper chain
[11:20:42] [main/DEBUG] (FabricLoader/Mixin) Selecting config fabric-item-api-v1.mixins.json
[11:20:42] [main/DEBUG] (FabricLoader/Mixin) Remapping refMap fabric-item-api-v1-refmap.json using remapper chain
[11:20:42] [main/DEBUG] (FabricLoader/Mixin) Selecting config fabric-item-api-v1.client.mixins.json
[11:20:42] [main/DEBUG] (FabricLoader/Mixin) Remapping refMap client-fabric-item-api-v1-refmap.json using remapper chain
[11:20:42] [main/DEBUG] (FabricLoader/Mixin) Selecting config nebula.mixins.json
[11:20:42] [main/DEBUG] (FabricLoader/Mixin) Selecting config fabric-object-builder-v1.mixins.json
[11:20:42] [main/DEBUG] (FabricLoader/Mixin) Remapping refMap fabric-object-builder-api-v1-refmap.json using remapper chain
[11:20:42] [main/DEBUG] (FabricLoader/Mixin) Selecting config fabric-object-builder-v1.client.mixins.json
[11:20:42] [main/DEBUG] (FabricLoader/Mixin) Remapping refMap client-fabric-object-builder-api-v1-refmap.json using remapper chain
[11:20:42] [main/DEBUG] (FabricLoader/Mixin) Selecting config fabric-loot-tables-v1.mixins.json
[11:20:42] [main/DEBUG] (FabricLoader/Mixin) Remapping refMap fabric-loot-tables-v1-refmap.json using remapper chain
[11:20:42] [main/DEBUG] (FabricLoader/Mixin) Selecting config fabric-command-api-v2.mixins.json
[11:20:42] [main/DEBUG] (FabricLoader/Mixin) Remapping refMap fabric-command-api-v2-refmap.json using remapper chain
[11:20:42] [main/DEBUG] (FabricLoader/Mixin) Selecting config fabric-command-api-v2.client.mixins.json
[11:20:42] [main/DEBUG] (FabricLoader/Mixin) Remapping refMap client-fabric-command-api-v2-refmap.json using remapper chain
[11:20:42] [main/DEBUG] (FabricLoader/Mixin) Selecting config fabric-key-binding-api-v1.mixins.json
[11:20:42] [main/DEBUG] (FabricLoader/Mixin) Remapping refMap client-fabric-key-binding-api-v1-refmap.json using remapper chain
[11:20:42] [main/DEBUG] (FabricLoader/Mixin) Selecting config fabric-model-loading-api-v1.mixins.json
[11:20:43] [main/DEBUG] (FabricLoader/Mixin) Remapping refMap client-fabric-model-loading-api-v1-refmap.json using remapper chain
[11:20:43] [main/DEBUG] (FabricLoader/Mixin) Selecting config fabric-renderer-api-v1.mixins.json
[11:20:43] [main/DEBUG] (FabricLoader/Mixin) Remapping refMap client-fabric-renderer-api-v1-refmap.json using remapper chain
[11:20:43] [main/DEBUG] (FabricLoader/Mixin) Selecting config fabric-renderer-api-v1.debughud.mixins.json
[11:20:43] [main/DEBUG] (FabricLoader/Mixin) Remapping refMap client-fabric-renderer-api-v1-refmap.json using remapper chain
[11:20:43] [main/DEBUG] (FabricLoader/Mixin) Selecting config fabric-mining-level-api-v1.mixins.json
[11:20:43] [main/DEBUG] (FabricLoader/Mixin) Remapping refMap fabric-mining-level-api-v1-refmap.json using remapper chain
[11:20:43] [main/DEBUG] (FabricLoader/Mixin) Selecting config fabric-item-group-api-v1.mixins.json
[11:20:43] [main/DEBUG] (FabricLoader/Mixin) Remapping refMap fabric-item-group-api-v1-refmap.json using remapper chain
[11:20:43] [main/DEBUG] (FabricLoader/Mixin) Selecting config fabric-item-group-api-v1.client.mixins.json
[11:20:43] [main/DEBUG] (FabricLoader/Mixin) Remapping refMap client-fabric-item-group-api-v1-refmap.json using remapper chain
[11:20:43] [main/DEBUG] (FabricLoader/Mixin) Selecting config fabric-resource-loader-v0.mixins.json
[11:20:43] [main/DEBUG] (FabricLoader/Mixin) Remapping refMap fabric-resource-loader-v0-refmap.json using remapper chain
[11:20:43] [main/DEBUG] (FabricLoader/Mixin) Selecting config fabric-resource-loader-v0.client.mixins.json
[11:20:43] [main/DEBUG] (FabricLoader/Mixin) Remapping refMap client-fabric-resource-loader-v0-refmap.json using remapper chain
[11:20:43] [main/DEBUG] (FabricLoader/Mixin) Selecting config fabric-containers-v0.mixins.json
[11:20:43] [main/DEBUG] (FabricLoader/Mixin) Remapping refMap fabric-containers-v0-refmap.json using remapper chain
[11:20:43] [main/DEBUG] (FabricLoader/Mixin) Selecting config fabric-containers-v0.accurate.mixins.json
[11:20:43] [main/DEBUG] (FabricLoader/Mixin) Remapping refMap fabric-containers-v0-refmap.json using remapper chain
[11:20:43] [main/DEBUG] (FabricLoader/Mixin) Selecting config fabric-entity-events-v1.mixins.json
[11:20:43] [main/DEBUG] (FabricLoader/Mixin) Remapping refMap fabric-entity-events-v1-refmap.json using remapper chain
[11:20:43] [main/DEBUG] (FabricLoader/Mixin) Selecting config fabric-entity-events-v1.client.mixins.json
[11:20:43] [main/DEBUG] (FabricLoader/Mixin) Remapping refMap client-fabric-entity-events-v1-refmap.json using remapper chain
[11:20:43] [main/DEBUG] (FabricLoader/Mixin) Selecting config fabric-data-generation-api-v1.mixins.json
[11:20:43] [main/DEBUG] (FabricLoader/Mixin) Remapping refMap fabric-data-generation-api-v1-refmap.json using remapper chain
[11:20:43] [main/DEBUG] (FabricLoader/Mixin) Selecting config fabric-data-generation-api-v1.client.mixins.json
[11:20:43] [main/DEBUG] (FabricLoader/Mixin) Remapping refMap client-fabric-data-generation-api-v1-refmap.json using remapper chain
[11:20:43] [main/DEBUG] (FabricLoader/Mixin) Selecting config fabric-lifecycle-events-v1.mixins.json
[11:20:43] [main/DEBUG] (FabricLoader/Mixin) Remapping refMap fabric-lifecycle-events-v1-refmap.json using remapper chain
[11:20:43] [main/DEBUG] (FabricLoader/Mixin) Selecting config fabric-lifecycle-events-v1.client.mixins.json
[11:20:43] [main/DEBUG] (FabricLoader/Mixin) Remapping refMap client-fabric-lifecycle-events-v1-refmap.json using remapper chain
[11:20:43] [main/DEBUG] (FabricLoader/Mixin) Selecting config fabric-rendering-v1.mixins.json
[11:20:43] [main/DEBUG] (FabricLoader/Mixin) Remapping refMap client-fabric-rendering-v1-refmap.json using remapper chain
[11:20:43] [main/DEBUG] (FabricLoader/Mixin) Selecting config fabric-networking-api-v1.mixins.json
[11:20:43] [main/DEBUG] (FabricLoader/Mixin) Remapping refMap fabric-networking-api-v1-refmap.json using remapper chain
[11:20:43] [main/DEBUG] (FabricLoader/Mixin) Selecting config fabric-networking-api-v1.client.mixins.json
[11:20:43] [main/DEBUG] (FabricLoader/Mixin) Remapping refMap client-fabric-networking-api-v1-refmap.json using remapper chain
[11:20:43] [main/DEBUG] (FabricLoader/Mixin) Selecting config fabric-message-api-v1.mixins.json
[11:20:43] [main/DEBUG] (FabricLoader/Mixin) Remapping refMap fabric-message-api-v1-refmap.json using remapper chain
[11:20:43] [main/DEBUG] (FabricLoader/Mixin) Selecting config fabric-message-api-v1.client.mixins.json
[11:20:43] [main/DEBUG] (FabricLoader/Mixin) Remapping refMap client-fabric-message-api-v1-refmap.json using remapper chain
[11:20:43] [main/DEBUG] (FabricLoader/Mixin) Selecting config fabric-particles-v1.client.mixins.json
[11:20:43] [main/DEBUG] (FabricLoader/Mixin) Remapping refMap client-fabric-particles-v1-refmap.json using remapper chain
[11:20:43] [main/DEBUG] (FabricLoader/Mixin) Selecting config fabric-resource-conditions-api-v1.mixins.json
[11:20:43] [main/DEBUG] (FabricLoader/Mixin) Remapping refMap fabric-resource-conditions-api-v1-refmap.json using remapper chain
[11:20:43] [main/DEBUG] (FabricLoader/Mixin) Selecting config fabric-recipe-api-v1.mixins.json
[11:20:43] [main/DEBUG] (FabricLoader/Mixin) Remapping refMap fabric-recipe-api-v1-refmap.json using remapper chain
[11:20:43] [main/DEBUG] (FabricLoader/Mixin) Selecting config fabric-sound-api-v1.mixins.json
[11:20:43] [main/DEBUG] (FabricLoader/Mixin) Remapping refMap client-fabric-sound-api-v1-refmap.json using remapper chain
[11:20:43] [main/DEBUG] (FabricLoader/Mixin) Selecting config fabric-crash-report-info-v1.mixins.json
[11:20:43] [main/DEBUG] (FabricLoader/Mixin) Remapping refMap fabric-crash-report-info-v1-refmap.json using remapper chain
[11:20:43] [main/DEBUG] (FabricLoader/Mixin) Selecting config fabric-transfer-api-v1.mixins.json
[11:20:43] [main/DEBUG] (FabricLoader/Mixin) Remapping refMap fabric-transfer-api-v1-refmap.json using remapper chain
[11:20:43] [main/DEBUG] (FabricLoader/Mixin) Selecting config fabric-screen-handler-api-v1.mixins.json
[11:20:43] [main/DEBUG] (FabricLoader/Mixin) Remapping refMap fabric-screen-handler-api-v1-refmap.json using remapper chain
[11:20:43] [main/DEBUG] (FabricLoader/Mixin) Selecting config fabric-game-rule-api-v1.mixins.json
[11:20:43] [main/DEBUG] (FabricLoader/Mixin) Remapping refMap fabric-game-rule-api-v1-refmap.json using remapper chain
[11:20:43] [main/DEBUG] (FabricLoader/Mixin) Selecting config fabric-game-rule-api-v1.client.mixins.json
[11:20:43] [main/DEBUG] (FabricLoader/Mixin) Remapping refMap client-fabric-game-rule-api-v1-refmap.json using remapper chain
[11:20:43] [main/DEBUG] (FabricLoader/Mixin) Selecting config fabric-blockrenderlayer-v1.mixins.json
[11:20:43] [main/DEBUG] (FabricLoader/Mixin) Remapping refMap client-fabric-blockrenderlayer-v1-refmap.json using remapper chain
[11:20:43] [main/DEBUG] (FabricLoader/Mixin) Selecting config fabric-block-api-v1.mixins.json
[11:20:43] [main/DEBUG] (FabricLoader/Mixin) Remapping refMap fabric-block-api-v1-refmap.json using remapper chain
[11:20:43] [main/DEBUG] (FabricLoader/Mixin) Selecting config fabric-block-view-api-v2.mixins.json
[11:20:43] [main/DEBUG] (FabricLoader/Mixin) Remapping refMap fabric-block-view-api-v2-refmap.json using remapper chain
[11:20:43] [main/DEBUG] (FabricLoader/Mixin) Selecting config fabric-block-view-api-v2.client.mixins.json
[11:20:43] [main/DEBUG] (FabricLoader/Mixin) Remapping refMap client-fabric-block-view-api-v2-refmap.json using remapper chain
[11:20:43] [main/DEBUG] (FabricLoader/Mixin) Selecting config fabric-api-lookup-api-v1.mixins.json
[11:20:43] [main/DEBUG] (FabricLoader/Mixin) Remapping refMap fabric-api-lookup-api-v1-refmap.json using remapper chain
[11:20:43] [main/DEBUG] (FabricLoader/Mixin) Selecting config fabric-registry-sync-v0.mixins.json
[11:20:43] [main/DEBUG] (FabricLoader/Mixin) Remapping refMap fabric-registry-sync-v0-refmap.json using remapper chain
[11:20:43] [main/DEBUG] (FabricLoader/Mixin) Selecting config fabric-registry-sync-v0.client.mixins.json
[11:20:43] [main/DEBUG] (FabricLoader/Mixin) Remapping refMap client-fabric-registry-sync-v0-refmap.json using remapper chain
[11:20:43] [main/DEBUG] (FabricLoader/Mixin) Selecting config fabric-rendering-fluids-v1.mixins.json
[11:20:43] [main/DEBUG] (FabricLoader/Mixin) Remapping refMap client-fabric-rendering-fluids-v1-refmap.json using remapper chain
[11:20:43] [main/DEBUG] (FabricLoader/Mixin) Selecting config fabric-biome-api-v1.mixins.json
[11:20:43] [main/DEBUG] (FabricLoader/Mixin) Remapping refMap fabric-biome-api-v1-refmap.json using remapper chain
[11:20:43] [main/DEBUG] (FabricLoader/Mixin) Selecting config mixinextras.init.mixins.json
[11:20:43] [main/DEBUG] (FabricLoader/MixinExtras|Service) com.llamalad7.mixinextras.service.MixinExtrasServiceImpl(version=0.3.5) is taking over from null
[11:20:43] [main/DEBUG] (FabricLoader/Mixin) Registering new injector for @Inject with org.spongepowered.asm.mixin.injection.struct.CallbackInjectionInfo
[11:20:43] [main/DEBUG] (FabricLoader/Mixin) Registering new injector for @ModifyArg with org.spongepowered.asm.mixin.injection.struct.ModifyArgInjectionInfo
[11:20:43] [main/DEBUG] (FabricLoader/Mixin) Registering new injector for @ModifyArgs with org.spongepowered.asm.mixin.injection.struct.ModifyArgsInjectionInfo
[11:20:43] [main/DEBUG] (FabricLoader/Mixin) Registering new injector for @Redirect with org.spongepowered.asm.mixin.injection.struct.RedirectInjectionInfo
[11:20:43] [main/DEBUG] (FabricLoader/Mixin) Registering new injector for @ModifyVariable with org.spongepowered.asm.mixin.injection.struct.ModifyVariableInjectionInfo
[11:20:43] [main/DEBUG] (FabricLoader/Mixin) Registering new injector for @ModifyConstant with org.spongepowered.asm.mixin.injection.struct.ModifyConstantInjectionInfo
[11:20:43] [main/DEBUG] (FabricLoader/Mixin) Selecting config fabric-events-interaction-v0.mixins.json
[11:20:43] [main/DEBUG] (FabricLoader/Mixin) Remapping refMap fabric-events-interaction-v0-refmap.json using remapper chain
[11:20:43] [main/DEBUG] (FabricLoader/Mixin) Selecting config fabric-events-interaction-v0.client.mixins.json
[11:20:43] [main/DEBUG] (FabricLoader/Mixin) Remapping refMap client-fabric-events-interaction-v0-refmap.json using remapper chain
[11:20:43] [main/DEBUG] (FabricLoader/Mixin) Selecting config fabric-dimensions-v1.mixins.json
[11:20:43] [main/DEBUG] (FabricLoader/Mixin) Remapping refMap fabric-dimensions-v1-refmap.json using remapper chain
[11:20:43] [main/DEBUG] (FabricLoader/Mixin) Selecting config fabric-content-registries-v0.mixins.json
[11:20:43] [main/DEBUG] (FabricLoader/Mixin) Remapping refMap fabric-content-registries-v0-refmap.json using remapper chain
[11:20:43] [main/DEBUG] (FabricLoader/Mixin) Selecting config fabric-data-attachment-api-v1.mixins.json
[11:20:43] [main/DEBUG] (FabricLoader/Mixin) Remapping refMap fabric-data-attachment-api-v1-refmap.json using remapper chain
[11:20:43] [main/DEBUG] (FabricLoader/Mixin) Selecting config fabric-data-attachment-api-v1.client.mixins.json
[11:20:43] [main/DEBUG] (FabricLoader/Mixin) Remapping refMap client-fabric-data-attachment-api-v1-refmap.json using remapper chain
[11:20:43] [main/DEBUG] (FabricLoader/Mixin) Preparing fabric-renderer-indigo.mixins.json (5)
[11:20:43] [main/DEBUG] (FabricLoader/Mixin) Preparing fabric-loot-api-v2.mixins.json (5)
[11:20:43] [main/DEBUG] (FabricLoader/Mixin) Preparing fabric-screen-api-v1.mixins.json (6)
[11:20:43] [main/DEBUG] (FabricLoader/Mixin) Preparing fabric-rendering-data-attachment-v1.mixins.json (2)
[11:20:43] [main/DEBUG] (FabricLoader/Mixin) Preparing fabric-rendering-data-attachment-v1.client.mixins.json (1)
[11:20:43] [main/DEBUG] (FabricLoader/Mixin) Preparing fabric-gametest-api-v1.mixins.json (7)
[11:20:43] [main/DEBUG] (FabricLoader/Mixin) Preparing mixins.modmenu.json (3)
[11:20:43] [main/DEBUG] (FabricLoader/Mixin) Preparing fabric-item-api-v1.mixins.json (7)
[11:20:43] [main/DEBUG] (FabricLoader/Mixin) Preparing fabric-item-api-v1.client.mixins.json (3)
[11:20:43] [main/DEBUG] (FabricLoader/Mixin) Preparing nebula.mixins.json (13)
[11:20:43] [main/DEBUG] (FabricLoader/Mixin) Preparing fabric-object-builder-v1.mixins.json (7)
[11:20:43] [main/DEBUG] (FabricLoader/Mixin) Preparing fabric-object-builder-v1.client.mixins.json (5)
[11:20:44] [main/DEBUG] (FabricLoader/Mixin) Preparing fabric-loot-tables-v1.mixins.json (2)
[11:20:44] [main/DEBUG] (FabricLoader/Mixin) Preparing fabric-command-api-v2.mixins.json (5)
[11:20:44] [main/DEBUG] (FabricLoader/Mixin) Preparing fabric-command-api-v2.client.mixins.json (2)
[11:20:44] [main/DEBUG] (FabricLoader/Mixin) Preparing fabric-key-binding-api-v1.mixins.json (2)
[11:20:44] [main/DEBUG] (FabricLoader/Mixin) Preparing fabric-model-loading-api-v1.mixins.json (3)
[11:20:44] [main/DEBUG] (FabricLoader/Mixin) @Mixin target net/minecraft/client/render/model/ModelLoader$BakerImpl is public in fabric-model-loading-api-v1.mixins.json:ModelLoaderBakerImplMixin from mod fabric-model-loading-api-v1 and should be specified in value
[11:20:44] [main/DEBUG] (FabricLoader/Mixin) Preparing fabric-renderer-api-v1.mixins.json (5)
[11:20:44] [main/DEBUG] (FabricLoader/Mixin) Preparing fabric-renderer-api-v1.debughud.mixins.json (1)
[11:20:44] [main/DEBUG] (FabricLoader/Mixin) Preparing fabric-mining-level-api-v1.mixins.json (3)
[11:20:44] [main/DEBUG] (FabricLoader/Mixin) Preparing fabric-item-group-api-v1.mixins.json (3)
[11:20:44] [main/DEBUG] (FabricLoader/Mixin) Preparing fabric-item-group-api-v1.client.mixins.json (1)
[11:20:44] [main/DEBUG] (FabricLoader/Mixin) Preparing fabric-resource-loader-v0.mixins.json (12)
[11:20:44] [main/DEBUG] (FabricLoader/Mixin) Preparing fabric-resource-loader-v0.client.mixins.json (6)
[11:20:44] [main/DEBUG] (FabricLoader/Mixin) Preparing fabric-containers-v0.mixins.json (1)
[11:20:44] [main/DEBUG] (FabricLoader/Mixin) Preparing fabric-containers-v0.accurate.mixins.json (1)
[11:20:44] [main/DEBUG] (FabricLoader/Mixin) Preparing fabric-entity-events-v1.mixins.json (11)
[11:20:44] [main/DEBUG] (FabricLoader/Mixin) Preparing fabric-entity-events-v1.client.mixins.json (1)
[11:20:44] [main/DEBUG] (FabricLoader/Mixin) Preparing fabric-data-generation-api-v1.mixins.json (6)
[11:20:44] [main/DEBUG] (FabricLoader/Mixin) Preparing fabric-data-generation-api-v1.client.mixins.json (1)
[11:20:44] [main/DEBUG] (FabricLoader/Mixin) Preparing fabric-lifecycle-events-v1.mixins.json (9)
[11:20:44] [main/DEBUG] (FabricLoader/Mixin) @Mixin target net/minecraft/server/world/ServerWorld$ServerEntityHandler is public in fabric-lifecycle-events-v1.mixins.json:ServerWorldServerEntityHandlerMixin from mod fabric-lifecycle-events-v1 and should be specified in value
[11:20:44] [main/DEBUG] (FabricLoader/Mixin) Preparing fabric-lifecycle-events-v1.client.mixins.json (6)
[11:20:44] [main/DEBUG] (FabricLoader/Mixin) @Mixin target net/minecraft/client/world/ClientWorld$ClientEntityHandler is public in fabric-lifecycle-events-v1.client.mixins.json:ClientWorldClientEntityHandlerMixin from mod fabric-lifecycle-events-v1 and should be specified in value
[11:20:44] [main/DEBUG] (FabricLoader/Mixin) Preparing fabric-rendering-v1.mixins.json (17)
[11:20:44] [main/DEBUG] (FabricLoader/Mixin) @Mixin target net/minecraft/client/gl/ShaderProgram$1 is public in fabric-rendering-v1.mixins.json:shader.ShaderProgramImportProcessorMixin from mod fabric-rendering-v1 and should be specified in value
[11:20:44] [main/DEBUG] (FabricLoader/Mixin) Preparing fabric-networking-api-v1.mixins.json (11)
[11:20:44] [main/DEBUG] (FabricLoader/Mixin) @Mixin target net/minecraft/server/world/ThreadedAnvilChunkStorage$EntityTracker is public in fabric-networking-api-v1.mixins.json:accessor.EntityTrackerAccessor from mod fabric-networking-api-v1 and should be specified in value
[11:20:44] [main/DEBUG] (FabricLoader/Mixin) Preparing fabric-networking-api-v1.client.mixins.json (5)
[11:20:44] [main/DEBUG] (FabricLoader/Mixin) Preparing fabric-message-api-v1.mixins.json (2)
[11:20:44] [main/DEBUG] (FabricLoader/Mixin) Preparing fabric-message-api-v1.client.mixins.json (2)
[11:20:44] [main/DEBUG] (FabricLoader/Mixin) Preparing fabric-particles-v1.client.mixins.json (4)
[11:20:44] [main/DEBUG] (FabricLoader/Mixin) Preparing fabric-resource-conditions-api-v1.mixins.json (6)
[11:20:44] [main/DEBUG] (FabricLoader/Mixin) Preparing fabric-recipe-api-v1.mixins.json (3)
[11:20:44] [main/DEBUG] (FabricLoader/Mixin) Preparing fabric-sound-api-v1.mixins.json (2)
[11:20:44] [main/DEBUG] (FabricLoader/Mixin) Preparing fabric-crash-report-info-v1.mixins.json (1)
[11:20:44] [main/DEBUG] (FabricLoader/Mixin) Preparing fabric-transfer-api-v1.mixins.json (12)
[11:20:44] [main/DEBUG] (FabricLoader/Mixin) Preparing fabric-screen-handler-api-v1.mixins.json (2)
[11:20:44] [main/DEBUG] (FabricLoader/Mixin) Preparing fabric-game-rule-api-v1.mixins.json (6)
[11:20:44] [main/DEBUG] (FabricLoader/Mixin) @Mixin target net/minecraft/server/command/GameRuleCommand$1 is public in fabric-game-rule-api-v1.mixins.json:GameRuleCommandVisitorMixin from mod fabric-game-rule-api-v1 and should be specified in value
[11:20:44] [main/DEBUG] (FabricLoader/Mixin) Preparing fabric-game-rule-api-v1.client.mixins.json (3)
[11:20:44] [main/DEBUG] (FabricLoader/Mixin) @Mixin target net/minecraft/client/gui/screen/world/EditGameRulesScreen$RuleListWidget$1 is public in fabric-game-rule-api-v1.client.mixins.json:RuleListWidgetVisitorMixin from mod fabric-game-rule-api-v1 and should be specified in value
[11:20:44] [main/DEBUG] (FabricLoader/Mixin) Preparing fabric-blockrenderlayer-v1.mixins.json (1)
[11:20:44] [main/DEBUG] (FabricLoader/Mixin) Preparing fabric-block-api-v1.mixins.json (2)
[11:20:44] [main/DEBUG] (FabricLoader/Mixin) Preparing fabric-block-view-api-v2.mixins.json (2)
[11:20:44] [main/DEBUG] (FabricLoader/Mixin) Preparing fabric-block-view-api-v2.client.mixins.json (2)
[11:20:44] [main/DEBUG] (FabricLoader/Mixin) Preparing fabric-api-lookup-api-v1.mixins.json (2)
[11:20:44] [main/DEBUG] (FabricLoader/Mixin) Preparing fabric-registry-sync-v0.mixins.json (14)
[11:20:44] [main/DEBUG] (FabricLoader/Mixin) Preparing fabric-registry-sync-v0.client.mixins.json (5)
[11:20:44] [main/DEBUG] (FabricLoader/Mixin) Preparing fabric-rendering-fluids-v1.mixins.json (1)
[11:20:44] [main/DEBUG] (FabricLoader/Mixin) Preparing fabric-biome-api-v1.mixins.json (9)
[11:20:44] [main/DEBUG] (FabricLoader/Mixin) @Mixin target net/minecraft/world/biome/source/MultiNoiseBiomeSourceParameterList$Preset$1 is public in fabric-biome-api-v1.mixins.json:NetherBiomePresetMixin from mod fabric-biome-api-v1 and should be specified in value
[11:20:44] [main/DEBUG] (FabricLoader/Mixin) Preparing mixinextras.init.mixins.json (0)
[11:20:44] [main/DEBUG] (FabricLoader/Mixin) Preparing fabric-events-interaction-v0.mixins.json (5)
[11:20:44] [main/DEBUG] (FabricLoader/Mixin) @Mixin target net/minecraft/server/network/ServerPlayNetworkHandler$1 is public in fabric-events-interaction-v0.mixins.json:ServerPlayNetworkHandlerMixin from mod fabric-events-interaction-v0 and should be specified in value
[11:20:44] [main/DEBUG] (FabricLoader/Mixin) Preparing fabric-events-interaction-v0.client.mixins.json (3)
[11:20:44] [main/DEBUG] (FabricLoader/Mixin) Preparing fabric-dimensions-v1.mixins.json (5)
[11:20:44] [main/DEBUG] (FabricLoader/Mixin) Preparing fabric-content-registries-v0.mixins.json (11)
[11:20:45] [main/DEBUG] (FabricLoader/Mixin) Preparing fabric-data-attachment-api-v1.mixins.json (8)
[11:20:45] [main/DEBUG] (FabricLoader/Mixin) Preparing fabric-data-attachment-api-v1.client.mixins.json (1)
[11:20:45] [main/DEBUG] (FabricLoader/Mixin) Inner class net/fabricmc/fabric/mixin/itemgroup/ItemGroupsMixin$1ItemGroupPosition in net/fabricmc/fabric/mixin/itemgroup/ItemGroupsMixin on net/minecraft/item/ItemGroups gets unique name net/minecraft/item/ItemGroups$1ItemGroupPosition$bfb4ff55c0e3455b99945d5518d638f0
[11:20:45] [main/DEBUG] (FabricLoader/Mixin) Inner class net/fabricmc/fabric/mixin/transfer/ChiseledBookshelfBlockEntityMixin$1 in net/fabricmc/fabric/mixin/transfer/ChiseledBookshelfBlockEntityMixin on net/minecraft/block/entity/ChiseledBookshelfBlockEntity gets unique name net/minecraft/block/entity/ChiseledBookshelfBlockEntity$Anonymous$7c999d448caf49d6a69e84dba4b3449a
[11:20:45] [main/DEBUG] (FabricLoader/Mixin) Prepared 287 mixins in 2.512 sec (8.8ms avg) (0ms load, 0ms transform, 0ms plugin)
[11:20:46] [main/DEBUG] (io.netty.util.internal.logging.InternalLoggerFactory) Using SLF4J as the default logging framework
[11:20:46] [main/DEBUG] (io.netty.util.ResourceLeakDetector) -Dio.netty.leakDetection.level: simple
[11:20:46] [main/DEBUG] (io.netty.util.ResourceLeakDetector) -Dio.netty.leakDetection.targetRecords: 4
[11:20:47] [main/INFO] (FabricLoader/MixinExtras|Service) Initializing MixinExtras via com.llamalad7.mixinextras.service.MixinExtrasServiceImpl(version=0.3.5).
[11:20:47] [main/DEBUG] (FabricLoader/Mixin) Registering new injector for @SugarWrapper with com.llamalad7.mixinextras.sugar.impl.SugarWrapperInjectionInfo
[11:20:47] [main/DEBUG] (FabricLoader/Mixin) Registering new injector for @FactoryRedirectWrapper with com.llamalad7.mixinextras.wrapper.factory.FactoryRedirectWrapperInjectionInfo
[11:20:47] [main/DEBUG] (FabricLoader/Mixin) Mixing SystemDetailsMixin from fabric-crash-report-info-v1.mixins.json into net.minecraft.util.SystemDetails
[11:20:47] [main/DEBUG] (FabricLoader/Mixin) fabric-crash-report-info-v1.mixins.json:SystemDetailsMixin from mod fabric-crash-report-info-v1: Class version 61 required is higher than the class version supported by the current version of Mixin (JAVA_16 supports class version 60)
[11:20:47] [main/DEBUG] (FabricLoader/Mixin) Renaming synthetic method lambda$appendMods$1(Lnet/fabricmc/loader/api/ModContainer;)Ljava/lang/String; to md5ebeb3$fabric-crash-report-info-v1$lambda$appendMods$1$0 in fabric-crash-report-info-v1.mixins.json:SystemDetailsMixin from mod fabric-crash-report-info-v1
[11:20:47] [main/DEBUG] (FabricLoader/Mixin) Renaming synthetic method lambda$fillSystemDetails$0()Ljava/lang/String; to md5ebeb3$fabric-crash-report-info-v1$lambda$fillSystemDetails$0$1 in fabric-crash-report-info-v1.mixins.json:SystemDetailsMixin from mod fabric-crash-report-info-v1
[11:20:48] [main/DEBUG] (FabricLoader/Mixin) fabric-crash-report-info-v1.mixins.json:SystemDetailsMixin from mod fabric-crash-report-info-v1->@Inject::fillSystemDetails(Lorg/spongepowered/asm/mixin/injection/callback/CallbackInfo;)V doesn't use it's CallbackInfo
[11:20:48] [main/DEBUG] (FabricLoader/Mixin) fabric-crash-report-info-v1.mixins.json:SystemDetailsMixin from mod fabric-crash-report-info-v1->@Inject::fillSystemDetails(Lorg/spongepowered/asm/mixin/injection/callback/CallbackInfo;)V has 0 override(s) in child classes
[11:20:48] [main/DEBUG] (FabricLoader/Mixin) fabric-crash-report-info-v1.mixins.json:SystemDetailsMixin from mod fabric-crash-report-info-v1->@Inject::fillSystemDetails(Lorg/spongepowered/asm/mixin/injection/callback/CallbackInfo;)V won't be passed a CallbackInfo as a result
[11:20:49] [main/DEBUG] (oshi.util.FileUtil) Reading file /proc/self/auxv
[11:20:49] [main/DEBUG] (oshi.util.FileUtil) Reading file /proc/self/auxv
[11:20:49] [main/DEBUG] (oshi.util.FileUtil) Reading file /proc/stat
[11:20:49] [main/DEBUG] (oshi.util.FileUtil) Reading file /sys/devices/system/cpu/cpu0/topology/core_id
[11:20:49] [main/DEBUG] (oshi.util.FileUtil) Reading file /sys/devices/system/cpu/cpu0/topology/core_id
[11:20:49] [main/DEBUG] (oshi.util.FileUtil) Reading file /sys/devices/system/cpu/cpu0/topology/physical_package_id
[11:20:49] [main/DEBUG] (oshi.util.FileUtil) Reading file /sys/devices/system/cpu/cpu0/topology/physical_package_id
[11:20:49] [main/DEBUG] (oshi.util.FileUtil) Reading file /sys/devices/system/cpu/cpu0/cpu_capacity
[11:20:49] [main/DEBUG] (oshi.util.FileUtil) Reading file /sys/devices/system/cpu/cpu1/topology/core_id
[11:20:49] [main/DEBUG] (oshi.util.FileUtil) Reading file /sys/devices/system/cpu/cpu1/topology/core_id
[11:20:49] [main/DEBUG] (oshi.util.FileUtil) Reading file /sys/devices/system/cpu/cpu1/topology/physical_package_id
[11:20:49] [main/DEBUG] (oshi.util.FileUtil) Reading file /sys/devices/system/cpu/cpu1/topology/physical_package_id
[11:20:49] [main/DEBUG] (oshi.util.FileUtil) Reading file /sys/devices/system/cpu/cpu1/cpu_capacity
[11:20:49] [main/DEBUG] (oshi.util.FileUtil) Reading file /proc/cpuinfo
[11:20:49] [main/DEBUG] (oshi.util.FileUtil) Reading file /proc/self/auxv
[11:20:49] [main/DEBUG] (oshi.util.FileUtil) Reading file /proc/meminfo
[11:20:49] [main/DEBUG] (oshi.util.FileUtil) Reading file /proc/meminfo
[11:20:49] [main/DEBUG] (FabricLoader/Mixin) Mixing BootstrapMixin from fabric-registry-sync-v0.mixins.json into net.minecraft.Bootstrap
[11:20:49] [main/DEBUG] (FabricLoader/Mixin) fabric-registry-sync-v0.mixins.json:BootstrapMixin from mod fabric-registry-sync-v0: Class version 61 required is higher than the class version supported by the current version of Mixin (JAVA_16 supports class version 60)
[11:20:49] [main/DEBUG] (FabricLoader/Mixin) Renaming synthetic method lambda$initialize$1(Lnet/minecraft/fluid/Fluid;)Ljava/util/Collection; to md5ebeb3$fabric-registry-sync-v0$lambda$initialize$1$0 in fabric-registry-sync-v0.mixins.json:BootstrapMixin from mod fabric-registry-sync-v0
[11:20:49] [main/DEBUG] (FabricLoader/Mixin) Renaming synthetic method lambda$initialize$0(Lnet/minecraft/block/Block;)Ljava/util/Collection; to md5ebeb3$fabric-registry-sync-v0$lambda$initialize$0$1 in fabric-registry-sync-v0.mixins.json:BootstrapMixin from mod fabric-registry-sync-v0
[11:20:49] [main/DEBUG] (FabricLoader/Mixin) fabric-registry-sync-v0.mixins.json:BootstrapMixin from mod fabric-registry-sync-v0->@Inject::initialize(Lorg/spongepowered/asm/mixin/injection/callback/CallbackInfo;)V doesn't use it's CallbackInfo
[11:20:49] [main/DEBUG] (FabricLoader/Mixin) Mixing RegistriesAccessor from fabric-registry-sync-v0.mixins.json into net.minecraft.registry.Registries
[11:20:49] [main/DEBUG] (FabricLoader/Mixin) fabric-registry-sync-v0.mixins.json:RegistriesAccessor from mod fabric-registry-sync-v0: Class version 61 required is higher than the class version supported by the current version of Mixin (JAVA_16 supports class version 60)
[11:20:49] [main/DEBUG] (FabricLoader/Mixin) Renaming @Accessor method getROOT()Lnet/minecraft/registry/MutableRegistry; to getROOT$fabric-registry-sync-v0_$md$5ebeb3$0 in fabric-registry-sync-v0.mixins.json:RegistriesAccessor from mod fabric-registry-sync-v0
[11:20:49] [main/DEBUG] (FabricLoader/Mixin) Mixing RegistriesMixin from fabric-registry-sync-v0.mixins.json into net.minecraft.registry.Registries
[11:20:49] [main/DEBUG] (FabricLoader/Mixin) fabric-registry-sync-v0.mixins.json:RegistriesMixin from mod fabric-registry-sync-v0: Class version 61 required is higher than the class version supported by the current version of Mixin (JAVA_16 supports class version 60)
[11:20:49] [main/DEBUG] (FabricLoader/Mixin) fabric-registry-sync-v0.mixins.json:RegistriesMixin from mod fabric-registry-sync-v0->@Inject::init(Lorg/spongepowered/asm/mixin/injection/callback/CallbackInfo;)V does use it's CallbackInfo
[11:20:49] [main/DEBUG] (FabricLoader/Mixin) Mixing SimpleRegistryMixin from fabric-registry-sync-v0.mixins.json into net.minecraft.registry.SimpleRegistry
[11:20:49] [main/DEBUG] (FabricLoader/Mixin) fabric-registry-sync-v0.mixins.json:SimpleRegistryMixin from mod fabric-registry-sync-v0: Class version 61 required is higher than the class version supported by the current version of Mixin (JAVA_16 supports class version 60)
[11:20:49] [main/DEBUG] (FabricLoader/Mixin) Renaming synthetic method lambda$new$5([Lnet/fabricmc/fabric/api/event/registry/RegistryIdRemapCallback;)Lnet/fabricmc/fabric/api/event/registry/RegistryIdRemapCallback; to md5ebeb3$fabric-registry-sync-v0$lambda$new$5$0 in fabric-registry-sync-v0.mixins.json:SimpleRegistryMixin from mod fabric-registry-sync-v0
[11:20:49] [main/DEBUG] (FabricLoader/Mixin) Renaming synthetic method lambda$new$4([Lnet/fabricmc/fabric/api/event/registry/RegistryIdRemapCallback;Lnet/fabricmc/fabric/api/event/registry/RegistryIdRemapCallback$RemapState;)V to md5ebeb3$fabric-registry-sync-v0$lambda$new$4$1 in fabric-registry-sync-v0.mixins.json:SimpleRegistryMixin from mod fabric-registry-sync-v0
[11:20:49] [main/DEBUG] (FabricLoader/Mixin) Renaming synthetic method lambda$new$3([Lnet/fabricmc/fabric/api/event/registry/RegistryEntryRemovedCallback;)Lnet/fabricmc/fabric/api/event/registry/RegistryEntryRemovedCallback; to md5ebeb3$fabric-registry-sync-v0$lambda$new$3$2 in fabric-registry-sync-v0.mixins.json:SimpleRegistryMixin from mod fabric-registry-sync-v0
[11:20:49] [main/DEBUG] (FabricLoader/Mixin) Renaming synthetic method lambda$new$2([Lnet/fabricmc/fabric/api/event/registry/RegistryEntryRemovedCallback;ILnet/minecraft/util/Identifier;Ljava/lang/Object;)V to md5ebeb3$fabric-registry-sync-v0$lambda$new$2$3 in fabric-registry-sync-v0.mixins.json:SimpleRegistryMixin from mod fabric-registry-sync-v0
[11:20:49] [main/DEBUG] (FabricLoader/Mixin) Renaming synthetic method lambda$new$1([Lnet/fabricmc/fabric/api/event/registry/RegistryEntryAddedCallback;)Lnet/fabricmc/fabric/api/event/registry/RegistryEntryAddedCallback; to md5ebeb3$fabric-registry-sync-v0$lambda$new$1$4 in fabric-registry-sync-v0.mixins.json:SimpleRegistryMixin from mod fabric-registry-sync-v0
[11:20:49] [main/DEBUG] (FabricLoader/Mixin) Renaming synthetic method lambda$new$0([Lnet/fabricmc/fabric/api/event/registry/RegistryEntryAddedCallback;ILnet/minecraft/util/Identifier;Ljava/lang/Object;)V to md5ebeb3$fabric-registry-sync-v0$lambda$new$0$5 in fabric-registry-sync-v0.mixins.json:SimpleRegistryMixin from mod fabric-registry-sync-v0
[11:20:50] [main/DEBUG] (FabricLoader/Mixin) fabric-registry-sync-v0.mixins.json:SimpleRegistryMixin from mod fabric-registry-sync-v0->@Inject::add(Lnet/minecraft/registry/RegistryKey;Ljava/lang/Object;Lcom/mojang/serialization/Lifecycle;Lorg/spongepowered/asm/mixin/injection/callback/CallbackInfoReturnable;)V doesn't use it's CallbackInfoReturnable
[11:20:50] [main/DEBUG] (FabricLoader/Mixin) fabric-registry-sync-v0.mixins.json:SimpleRegistryMixin from mod fabric-registry-sync-v0->@Inject::add(Lnet/minecraft/registry/RegistryKey;Ljava/lang/Object;Lcom/mojang/serialization/Lifecycle;Lorg/spongepowered/asm/mixin/injection/callback/CallbackInfoReturnable;)V has 0 override(s) in child classes
[11:20:50] [main/DEBUG] (FabricLoader/Mixin) fabric-registry-sync-v0.mixins.json:SimpleRegistryMixin from mod fabric-registry-sync-v0->@Inject::add(Lnet/minecraft/registry/RegistryKey;Ljava/lang/Object;Lcom/mojang/serialization/Lifecycle;Lorg/spongepowered/asm/mixin/injection/callback/CallbackInfoReturnable;)V won't be passed a CallbackInfoReturnable as a result
[11:20:50] [main/DEBUG] (FabricLoader/Mixin) fabric-registry-sync-v0.mixins.json:SimpleRegistryMixin from mod fabric-registry-sync-v0->@Inject::set(ILnet/minecraft/registry/RegistryKey;Ljava/lang/Object;Lcom/mojang/serialization/Lifecycle;Lorg/spongepowered/asm/mixin/injection/callback/CallbackInfoReturnable;)V does use it's CallbackInfoReturnable
[11:20:50] [main/DEBUG] (FabricLoader/Mixin) fabric-registry-sync-v0.mixins.json:SimpleRegistryMixin from mod fabric-registry-sync-v0->@Inject::setPre(ILnet/minecraft/registry/RegistryKey;Ljava/lang/Object;Lcom/mojang/serialization/Lifecycle;Lorg/spongepowered/asm/mixin/injection/callback/CallbackInfoReturnable;)V doesn't use it's CallbackInfoReturnable
[11:20:50] [main/DEBUG] (FabricLoader/Mixin) fabric-registry-sync-v0.mixins.json:SimpleRegistryMixin from mod fabric-registry-sync-v0->@Inject::setPre(ILnet/minecraft/registry/RegistryKey;Ljava/lang/Object;Lcom/mojang/serialization/Lifecycle;Lorg/spongepowered/asm/mixin/injection/callback/CallbackInfoReturnable;)V has 0 override(s) in child classes
[11:20:50] [main/DEBUG] (FabricLoader/Mixin) fabric-registry-sync-v0.mixins.json:SimpleRegistryMixin from mod fabric-registry-sync-v0->@Inject::setPre(ILnet/minecraft/registry/RegistryKey;Ljava/lang/Object;Lcom/mojang/serialization/Lifecycle;Lorg/spongepowered/asm/mixin/injection/callback/CallbackInfoReturnable;)V won't be passed a CallbackInfoReturnable as a result
[11:20:50] [main/DEBUG] (FabricLoader/Mixin) fabric-registry-sync-v0.mixins.json:SimpleRegistryMixin from mod fabric-registry-sync-v0->@Inject::setPost(ILnet/minecraft/registry/RegistryKey;Ljava/lang/Object;Lcom/mojang/serialization/Lifecycle;Lorg/spongepowered/asm/mixin/injection/callback/CallbackInfoReturnable;)V doesn't use it's CallbackInfoReturnable
[11:20:50] [main/DEBUG] (FabricLoader/Mixin) fabric-registry-sync-v0.mixins.json:SimpleRegistryMixin from mod fabric-registry-sync-v0->@Inject::setPost(ILnet/minecraft/registry/RegistryKey;Ljava/lang/Object;Lcom/mojang/serialization/Lifecycle;Lorg/spongepowered/asm/mixin/injection/callback/CallbackInfoReturnable;)V has 0 override(s) in child classes
[11:20:50] [main/DEBUG] (FabricLoader/Mixin) fabric-registry-sync-v0.mixins.json:SimpleRegistryMixin from mod fabric-registry-sync-v0->@Inject::setPost(ILnet/minecraft/registry/RegistryKey;Ljava/lang/Object;Lcom/mojang/serialization/Lifecycle;Lorg/spongepowered/asm/mixin/injection/callback/CallbackInfoReturnable;)V won't be passed a CallbackInfoReturnable as a result
[11:20:50] [main/DEBUG] (FabricLoader/Mixin) Mixing FluidMixin from fabric-transfer-api-v1.mixins.json into net.minecraft.fluid.Fluid
[11:20:50] [main/DEBUG] (FabricLoader/Mixin) fabric-transfer-api-v1.mixins.json:FluidMixin from mod fabric-transfer-api-v1: Class version 61 required is higher than the class version supported by the current version of Mixin (JAVA_16 supports class version 60)
[11:20:50] [main/DEBUG] (FabricLoader/Mixin) fabric-transfer-api-v1.mixins.json:FluidMixin from mod fabric-transfer-api-v1->@Inject::hookGetBucketFillSound(Lorg/spongepowered/asm/mixin/injection/callback/CallbackInfoReturnable;)V does use it's CallbackInfoReturnable
[11:20:50] [main/DEBUG] (FabricLoader/Mixin) Mixing BlockMixin from fabric-block-api-v1.mixins.json into net.minecraft.block.Block
[11:20:50] [main/DEBUG] (FabricLoader/Mixin) Mixing AbstractBlockAccessor from fabric-object-builder-v1.mixins.json into net.minecraft.block.AbstractBlock
[11:20:50] [main/DEBUG] (FabricLoader/Mixin) fabric-object-builder-v1.mixins.json:AbstractBlockAccessor from mod fabric-object-builder-api-v1: Class version 61 required is higher than the class version supported by the current version of Mixin (JAVA_16 supports class version 60)
[11:20:50] [main/DEBUG] (FabricLoader/Mixin) Mixing ItemMixin from fabric-item-api-v1.mixins.json into net.minecraft.item.Item
[11:20:50] [main/DEBUG] (FabricLoader/Mixin) fabric-item-api-v1.mixins.json:ItemMixin from mod fabric-item-api-v1: Class version 61 required is higher than the class version supported by the current version of Mixin (JAVA_16 supports class version 60)
[11:20:50] [main/DEBUG] (FabricLoader/Mixin) Mixing ItemMixin from fabric-transfer-api-v1.mixins.json into net.minecraft.item.Item
[11:20:50] [main/DEBUG] (FabricLoader/Mixin) fabric-transfer-api-v1.mixins.json:ItemMixin from mod fabric-transfer-api-v1: Class version 61 required is higher than the class version supported by the current version of Mixin (JAVA_16 supports class version 60)
[11:20:51] [main/DEBUG] (FabricLoader/Mixin) fabric-item-api-v1.mixins.json:ItemMixin from mod fabric-item-api-v1->@Inject::onConstruct(Lnet/minecraft/item/Item$Settings;Lorg/spongepowered/asm/mixin/injection/callback/CallbackInfo;)V doesn't use it's CallbackInfo
[11:20:51] [main/DEBUG] (FabricLoader/Mixin) fabric-item-api-v1.mixins.json:ItemMixin from mod fabric-item-api-v1->@Inject::onConstruct(Lnet/minecraft/item/Item$Settings;Lorg/spongepowered/asm/mixin/injection/callback/CallbackInfo;)V has 0 override(s) in child classes
[11:20:51] [main/DEBUG] (FabricLoader/Mixin) fabric-item-api-v1.mixins.json:ItemMixin from mod fabric-item-api-v1->@Inject::onConstruct(Lnet/minecraft/item/Item$Settings;Lorg/spongepowered/asm/mixin/injection/callback/CallbackInfo;)V won't be passed a CallbackInfo as a result
[11:20:51] [main/DEBUG] (FabricLoader/Mixin) Mixing BlockEntityTypeAccessor from fabric-api-lookup-api-v1.mixins.json into net.minecraft.block.entity.BlockEntityType
[11:20:51] [main/DEBUG] (FabricLoader/Mixin) fabric-api-lookup-api-v1.mixins.json:BlockEntityTypeAccessor from mod fabric-api-lookup-api-v1: Class version 61 required is higher than the class version supported by the current version of Mixin (JAVA_16 supports class version 60)
[11:20:51] [main/DEBUG] (FabricLoader/Mixin) Mixing ArgumentTypesMixin from fabric-gametest-api-v1.mixins.json into net.minecraft.command.argument.ArgumentTypes
[11:20:51] [main/DEBUG] (FabricLoader/Mixin) fabric-gametest-api-v1.mixins.json:ArgumentTypesMixin from mod fabric-gametest-api-v1: Class version 61 required is higher than the class version supported by the current version of Mixin (JAVA_16 supports class version 60)
[11:20:51] [main/DEBUG] (FabricLoader/Mixin) Mixing ArgumentTypesAccessor from fabric-command-api-v2.mixins.json into net.minecraft.command.argument.ArgumentTypes
[11:20:51] [main/DEBUG] (FabricLoader/Mixin) fabric-command-api-v2.mixins.json:ArgumentTypesAccessor from mod fabric-command-api-v2: Class version 61 required is higher than the class version supported by the current version of Mixin (JAVA_16 supports class version 60)
[11:20:51] [main/DEBUG] (FabricLoader/Mixin) Renaming @Accessor method fabric_getClassMap()Ljava/util/Map; to fabric_getClassMap$fabric-command-api-v2_$md$5ebeb3$0 in fabric-command-api-v2.mixins.json:ArgumentTypesAccessor from mod fabric-command-api-v2
[11:20:51] [main/DEBUG] (FabricLoader/Mixin) fabric-gametest-api-v1.mixins.json:ArgumentTypesMixin from mod fabric-gametest-api-v1->@Inject::register(Lnet/minecraft/registry/Registry;Lorg/spongepowered/asm/mixin/injection/callback/CallbackInfoReturnable;)V doesn't use it's CallbackInfoReturnable
[11:20:51] [main/DEBUG] (FabricLoader/Mixin) Mixing ItemGroupsMixin from fabric-item-group-api-v1.mixins.json into net.minecraft.item.ItemGroups
[11:20:51] [main/DEBUG] (FabricLoader/Mixin) fabric-item-group-api-v1.mixins.json:ItemGroupsMixin from mod fabric-item-group-api-v1->@Inject::collect(Lorg/spongepowered/asm/mixin/injection/callback/CallbackInfo;)V does use it's CallbackInfo
[11:20:51] [main/DEBUG] (FabricLoader/Mixin) Mixing ItemGroupAccessor from fabric-item-group-api-v1.mixins.json into net.minecraft.item.ItemGroup
[11:20:51] [main/DEBUG] (FabricLoader/Mixin) Mixing ItemGroupMixin from fabric-item-group-api-v1.mixins.json into net.minecraft.item.ItemGroup
[11:20:51] [main/DEBUG] (FabricLoader/Mixin) Renaming synthetic method lambda$getStacks$0(Lnet/minecraft/item/ItemGroup;)Ljava/lang/IllegalStateException; to md5ebeb3$fabric-item-group-api-v1$lambda$getStacks$0$0 in fabric-item-group-api-v1.mixins.json:ItemGroupMixin from mod fabric-item-group-api-v1
[11:20:51] [main/DEBUG] (FabricLoader/Mixin) fabric-item-group-api-v1.mixins.json:ItemGroupMixin from mod fabric-item-group-api-v1->@Inject::getStacks(Lnet/minecraft/item/ItemGroup$DisplayContext;Lorg/spongepowered/asm/mixin/injection/callback/CallbackInfo;)V doesn't use it's CallbackInfo
[11:20:51] [main/DEBUG] (FabricLoader/Mixin) fabric-item-group-api-v1.mixins.json:ItemGroupMixin from mod fabric-item-group-api-v1->@Inject::getStacks(Lnet/minecraft/item/ItemGroup$DisplayContext;Lorg/spongepowered/asm/mixin/injection/callback/CallbackInfo;)V has 0 override(s) in child classes
[11:20:51] [main/DEBUG] (FabricLoader/Mixin) fabric-item-group-api-v1.mixins.json:ItemGroupMixin from mod fabric-item-group-api-v1->@Inject::getStacks(Lnet/minecraft/item/ItemGroup$DisplayContext;Lorg/spongepowered/asm/mixin/injection/callback/CallbackInfo;)V won't be passed a CallbackInfo as a result
[11:20:51] [main/DEBUG] (FabricLoader/Mixin) Mixing FireBlockMixin from fabric-content-registries-v0.mixins.json into net.minecraft.block.FireBlock
[11:20:51] [main/DEBUG] (FabricLoader/Mixin) fabric-content-registries-v0.mixins.json:FireBlockMixin from mod fabric-content-registries-v0: Class version 61 required is higher than the class version supported by the current version of Mixin (JAVA_16 supports class version 60)
[11:20:51] [main/DEBUG] (FabricLoader/Mixin) fabric-content-registries-v0.mixins.json:FireBlockMixin from mod fabric-content-registries-v0->@Inject::afterConstruct(Lnet/minecraft/block/AbstractBlock$Settings;Lorg/spongepowered/asm/mixin/injection/callback/CallbackInfo;)V doesn't use it's CallbackInfo
[11:20:51] [main/DEBUG] (FabricLoader/Mixin) fabric-content-registries-v0.mixins.json:FireBlockMixin from mod fabric-content-registries-v0->@Inject::afterConstruct(Lnet/minecraft/block/AbstractBlock$Settings;Lorg/spongepowered/asm/mixin/injection/callback/CallbackInfo;)V has 0 override(s) in child classes
[11:20:51] [main/DEBUG] (FabricLoader/Mixin) fabric-content-registries-v0.mixins.json:FireBlockMixin from mod fabric-content-registries-v0->@Inject::afterConstruct(Lnet/minecraft/block/AbstractBlock$Settings;Lorg/spongepowered/asm/mixin/injection/callback/CallbackInfo;)V won't be passed a CallbackInfo as a result
[11:20:51] [main/DEBUG] (FabricLoader/Mixin) fabric-content-registries-v0.mixins.json:FireBlockMixin from mod fabric-content-registries-v0->@Inject::getFabricBurnChance(Lnet/minecraft/block/BlockState;Lorg/spongepowered/asm/mixin/injection/callback/CallbackInfoReturnable;)V does use it's CallbackInfoReturnable
[11:20:51] [main/DEBUG] (FabricLoader/Mixin) fabric-content-registries-v0.mixins.json:FireBlockMixin from mod fabric-content-registries-v0->@Inject::getFabricSpreadChance(Lnet/minecraft/block/BlockState;Lorg/spongepowered/asm/mixin/injection/callback/CallbackInfoReturnable;)V does use it's CallbackInfoReturnable
[11:20:51] [main/DEBUG] (FabricLoader/Mixin) Mixing BlockViewMixin from fabric-block-view-api-v2.mixins.json into net.minecraft.world.BlockView
[11:20:51] [main/DEBUG] (FabricLoader/Mixin) Mixing WorldMixin from fabric-lifecycle-events-v1.mixins.json into net.minecraft.world.World
[11:20:51] [main/DEBUG] (FabricLoader/Mixin) fabric-lifecycle-events-v1.mixins.json:WorldMixin from mod fabric-lifecycle-events-v1: Class version 61 required is higher than the class version supported by the current version of Mixin (JAVA_16 supports class version 60)
[11:20:51] [main/DEBUG] (FabricLoader/Mixin) Mixing AttachmentTargetsMixin from fabric-data-attachment-api-v1.mixins.json into net.minecraft.world.World
[11:20:51] [main/DEBUG] (FabricLoader/Mixin) Mixing WorldViewMixin from fabric-rendering-data-attachment-v1.mixins.json into net.minecraft.world.WorldView
[11:20:51] [main/DEBUG] (FabricLoader/Mixin) Mixing ServerWorldMixin from fabric-lifecycle-events-v1.mixins.json into net.minecraft.server.world.ServerWorld
[11:20:51] [main/DEBUG] (FabricLoader/Mixin) fabric-lifecycle-events-v1.mixins.json:ServerWorldMixin from mod fabric-lifecycle-events-v1: Class version 61 required is higher than the class version supported by the current version of Mixin (JAVA_16 supports class version 60)
[11:20:51] [main/DEBUG] (FabricLoader/Mixin) Mixing ServerWorldMixin from fabric-api-lookup-api-v1.mixins.json into net.minecraft.server.world.ServerWorld
[11:20:51] [main/DEBUG] (FabricLoader/Mixin) fabric-api-lookup-api-v1.mixins.json:ServerWorldMixin from mod fabric-api-lookup-api-v1: Class version 61 required is higher than the class version supported by the current version of Mixin (JAVA_16 supports class version 60)
[11:20:51] [main/DEBUG] (FabricLoader/Mixin) Renaming synthetic method lambda$fabric_invalidateCache$5(Ljava/util/Map$Entry;)Z to md5ebeb3$fabric-api-lookup-api-v1$lambda$fabric_invalidateCache$5$0 in fabric-api-lookup-api-v1.mixins.json:ServerWorldMixin from mod fabric-api-lookup-api-v1
[11:20:51] [main/DEBUG] (FabricLoader/Mixin) Renaming synthetic method lambda$fabric_invalidateCache$4(Ljava/lang/ref/WeakReference;)Z to md5ebeb3$fabric-api-lookup-api-v1$lambda$fabric_invalidateCache$4$1 in fabric-api-lookup-api-v1.mixins.json:ServerWorldMixin from mod fabric-api-lookup-api-v1
[11:20:51] [main/DEBUG] (FabricLoader/Mixin) Renaming synthetic method lambda$fabric_invalidateCache$3(Ljava/lang/ref/WeakReference;)V to md5ebeb3$fabric-api-lookup-api-v1$lambda$fabric_invalidateCache$3$2 in fabric-api-lookup-api-v1.mixins.json:ServerWorldMixin from mod fabric-api-lookup-api-v1
[11:20:51] [main/DEBUG] (FabricLoader/Mixin) Renaming synthetic method lambda$fabric_invalidateCache$2(Ljava/lang/ref/WeakReference;)Z to md5ebeb3$fabric-api-lookup-api-v1$lambda$fabric_invalidateCache$2$3 in fabric-api-lookup-api-v1.mixins.json:ServerWorldMixin from mod fabric-api-lookup-api-v1
[11:20:51] [main/DEBUG] (FabricLoader/Mixin) Renaming synthetic method lambda$fabric_registerCache$1(Ljava/lang/ref/WeakReference;)Z to md5ebeb3$fabric-api-lookup-api-v1$lambda$fabric_registerCache$1$4 in fabric-api-lookup-api-v1.mixins.json:ServerWorldMixin from mod fabric-api-lookup-api-v1
[11:20:51] [main/DEBUG] (FabricLoader/Mixin) Renaming synthetic method lambda$fabric_registerCache$0(Lnet/minecraft/util/math/BlockPos;)Ljava/util/List; to md5ebeb3$fabric-api-lookup-api-v1$lambda$fabric_registerCache$0$5 in fabric-api-lookup-api-v1.mixins.json:ServerWorldMixin from mod fabric-api-lookup-api-v1
[11:20:52] [main/DEBUG] (FabricLoader/Mixin) Mixing ServerWorldMixin from fabric-data-attachment-api-v1.mixins.json into net.minecraft.server.world.ServerWorld
[11:20:52] [main/DEBUG] (FabricLoader/Mixin) Renaming synthetic method lambda$createAttachmentsPersistentState$1(Lnet/minecraft/server/world/ServerWorld;)Lnet/fabricmc/fabric/impl/attachment/AttachmentPersistentState; to md5ebeb3$fabric-data-attachment-api-v1$lambda$createAttachmentsPersistentState$1$6 in fabric-data-attachment-api-v1.mixins.json:ServerWorldMixin from mod fabric-data-attachment-api-v1
[11:20:52] [main/DEBUG] (FabricLoader/Mixin) Renaming synthetic method lambda$createAttachmentsPersistentState$0(Lnet/minecraft/server/world/ServerWorld;Lnet/minecraft/nbt/NbtCompound;)Lnet/fabricmc/fabric/impl/attachment/AttachmentPersistentState; to md5ebeb3$fabric-data-attachment-api-v1$lambda$createAttachmentsPersistentState$0$7 in fabric-data-attachment-api-v1.mixins.json:ServerWorldMixin from mod fabric-data-attachment-api-v1
[11:20:52] [main/DEBUG] (FabricLoader/Mixin) fabric-lifecycle-events-v1.mixins.json:ServerWorldMixin from mod fabric-lifecycle-events-v1->@Inject::startWorldTick(Ljava/util/function/BooleanSupplier;Lorg/spongepowered/asm/mixin/injection/callback/CallbackInfo;)V doesn't use it's CallbackInfo
[11:20:52] [main/DEBUG] (FabricLoader/Mixin) fabric-lifecycle-events-v1.mixins.json:ServerWorldMixin from mod fabric-lifecycle-events-v1->@Inject::startWorldTick(Ljava/util/function/BooleanSupplier;Lorg/spongepowered/asm/mixin/injection/callback/CallbackInfo;)V has 0 override(s) in child classes
[11:20:52] [main/DEBUG] (FabricLoader/Mixin) fabric-lifecycle-events-v1.mixins.json:ServerWorldMixin from mod fabric-lifecycle-events-v1->@Inject::startWorldTick(Ljava/util/function/BooleanSupplier;Lorg/spongepowered/asm/mixin/injection/callback/CallbackInfo;)V won't be passed a CallbackInfo as a result
[11:20:52] [main/DEBUG] (FabricLoader/Mixin) fabric-lifecycle-events-v1.mixins.json:ServerWorldMixin from mod fabric-lifecycle-events-v1->@Inject::endWorldTick(Ljava/util/function/BooleanSupplier;Lorg/spongepowered/asm/mixin/injection/callback/CallbackInfo;)V doesn't use it's CallbackInfo
[11:20:52] [main/DEBUG] (FabricLoader/Mixin) fabric-lifecycle-events-v1.mixins.json:ServerWorldMixin from mod fabric-lifecycle-events-v1->@Inject::endWorldTick(Ljava/util/function/BooleanSupplier;Lorg/spongepowered/asm/mixin/injection/callback/CallbackInfo;)V has 0 override(s) in child classes
[11:20:52] [main/DEBUG] (FabricLoader/Mixin) fabric-lifecycle-events-v1.mixins.json:ServerWorldMixin from mod fabric-lifecycle-events-v1->@Inject::endWorldTick(Ljava/util/function/BooleanSupplier;Lorg/spongepowered/asm/mixin/injection/callback/CallbackInfo;)V won't be passed a CallbackInfo as a result
[11:20:52] [main/DEBUG] (FabricLoader/Mixin) fabric-data-attachment-api-v1.mixins.json:ServerWorldMixin from mod fabric-data-attachment-api-v1->@Inject::createAttachmentsPersistentState(Lorg/spongepowered/asm/mixin/injection/callback/CallbackInfo;)V doesn't use it's CallbackInfo
[11:20:52] [main/DEBUG] (FabricLoader/Mixin) fabric-data-attachment-api-v1.mixins.json:ServerWorldMixin from mod fabric-data-attachment-api-v1->@Inject::createAttachmentsPersistentState(Lorg/spongepowered/asm/mixin/injection/callback/CallbackInfo;)V has 0 override(s) in child classes
[11:20:52] [main/DEBUG] (FabricLoader/Mixin) fabric-data-attachment-api-v1.mixins.json:ServerWorldMixin from mod fabric-data-attachment-api-v1->@Inject::createAttachmentsPersistentState(Lorg/spongepowered/asm/mixin/injection/callback/CallbackInfo;)V won't be passed a CallbackInfo as a result
[11:20:52] [main/DEBUG] (FabricLoader/Mixin) Mixing EntityMixin from fabric-entity-events-v1.mixins.json into net.minecraft.entity.Entity
[11:20:52] [main/DEBUG] (FabricLoader/Mixin) fabric-entity-events-v1.mixins.json:EntityMixin from mod fabric-entity-events-v1: Class version 61 required is higher than the class version supported by the current version of Mixin (JAVA_16 supports class version 60)
[11:20:52] [main/DEBUG] (FabricLoader/Mixin) Mixing EntityMixin from fabric-dimensions-v1.mixins.json into net.minecraft.entity.Entity
[11:20:52] [main/DEBUG] (FabricLoader/Mixin) fabric-dimensions-v1.mixins.json:EntityMixin from mod fabric-dimensions-v1: Class version 61 required is higher than the class version supported by the current version of Mixin (JAVA_16 supports class version 60)
[11:20:52] [main/DEBUG] (FabricLoader/Mixin) Mixing AttachmentTargetsMixin from fabric-data-attachment-api-v1.mixins.json into net.minecraft.entity.Entity
[11:20:52] [main/DEBUG] (FabricLoader/Mixin) Mixing EntityMixin from fabric-data-attachment-api-v1.mixins.json into net.minecraft.entity.Entity
[11:20:52] [main/DEBUG] (FabricLoader/Mixin) fabric-entity-events-v1.mixins.json:EntityMixin from mod fabric-entity-events-v1->@Inject::afterWorldChanged(Lnet/minecraft/server/world/ServerWorld;Lorg/spongepowered/asm/mixin/injection/callback/CallbackInfoReturnable;)V does use it's CallbackInfoReturnable
[11:20:52] [main/DEBUG] (FabricLoader/Mixin) fabric-entity-events-v1.mixins.json:EntityMixin from mod fabric-entity-events-v1->@Inject::afterWorldChanged(Lnet/minecraft/server/world/ServerWorld;Lorg/spongepowered/asm/mixin/injection/callback/CallbackInfoReturnable;)V does use it's CallbackInfoReturnable
[11:20:52] [main/DEBUG] (FabricLoader/Mixin) fabric-entity-events-v1.mixins.json:EntityMixin from mod fabric-entity-events-v1->@Inject::afterWorldChanged(Lnet/minecraft/server/world/ServerWorld;Lorg/spongepowered/asm/mixin/injection/callback/CallbackInfoReturnable;)V does use it's CallbackInfoReturnable
[11:20:52] [main/DEBUG] (FabricLoader/Mixin) fabric-entity-events-v1.mixins.json:EntityMixin from mod fabric-entity-events-v1->@Inject::afterEntityTeleportedToWorld(Lnet/minecraft/server/world/ServerWorld;DDDLjava/util/Set;FFLorg/spongepowered/asm/mixin/injection/callback/CallbackInfoReturnable;FLnet/minecraft/entity/Entity;)V doesn't use it's CallbackInfoReturnable
[11:20:52] [main/DEBUG] (FabricLoader/Mixin) fabric-entity-events-v1.mixins.json:EntityMixin from mod fabric-entity-events-v1->@Inject::afterEntityTeleportedToWorld(Lnet/minecraft/server/world/ServerWorld;DDDLjava/util/Set;FFLorg/spongepowered/asm/mixin/injection/callback/CallbackInfoReturnable;FLnet/minecraft/entity/Entity;)V has 0 override(s) in child classes
[11:20:52] [main/DEBUG] (FabricLoader/Mixin) fabric-entity-events-v1.mixins.json:EntityMixin from mod fabric-entity-events-v1->@Inject::afterEntityTeleportedToWorld(Lnet/minecraft/server/world/ServerWorld;DDDLjava/util/Set;FFLorg/spongepowered/asm/mixin/injection/callback/CallbackInfoReturnable;FLnet/minecraft/entity/Entity;)V won't be passed a CallbackInfoReturnable as a result
[11:20:52] [main/DEBUG] (FabricLoader/Mixin) fabric-dimensions-v1.mixins.json:EntityMixin from mod fabric-dimensions-v1->@Inject::getTeleportTarget(Lnet/minecraft/server/world/ServerWorld;Lorg/spongepowered/asm/mixin/injection/callback/CallbackInfoReturnable;)V does use it's CallbackInfoReturnable
[11:20:52] [main/DEBUG] (FabricLoader/Mixin) fabric-data-attachment-api-v1.mixins.json:EntityMixin from mod fabric-data-attachment-api-v1->@Inject::readEntityAttachments(Lnet/minecraft/nbt/NbtCompound;Lorg/spongepowered/asm/mixin/injection/callback/CallbackInfo;)V doesn't use it's CallbackInfo
[11:20:52] [main/DEBUG] (FabricLoader/Mixin) fabric-data-attachment-api-v1.mixins.json:EntityMixin from mod fabric-data-attachment-api-v1->@Inject::readEntityAttachments(Lnet/minecraft/nbt/NbtCompound;Lorg/spongepowered/asm/mixin/injection/callback/CallbackInfo;)V has 0 override(s) in child classes
[11:20:52] [main/DEBUG] (FabricLoader/Mixin) fabric-data-attachment-api-v1.mixins.json:EntityMixin from mod fabric-data-attachment-api-v1->@Inject::readEntityAttachments(Lnet/minecraft/nbt/NbtCompound;Lorg/spongepowered/asm/mixin/injection/callback/CallbackInfo;)V won't be passed a CallbackInfo as a result
[11:20:52] [main/DEBUG] (FabricLoader/Mixin) fabric-data-attachment-api-v1.mixins.json:EntityMixin from mod fabric-data-attachment-api-v1->@Inject::writeEntityAttachments(Lnet/minecraft/nbt/NbtCompound;Lorg/spongepowered/asm/mixin/injection/callback/CallbackInfoReturnable;)V doesn't use it's CallbackInfoReturnable
[11:20:52] [main/DEBUG] (FabricLoader/Mixin) fabric-data-attachment-api-v1.mixins.json:EntityMixin from mod fabric-data-attachment-api-v1->@Inject::writeEntityAttachments(Lnet/minecraft/nbt/NbtCompound;Lorg/spongepowered/asm/mixin/injection/callback/CallbackInfoReturnable;)V has 0 override(s) in child classes
[11:20:52] [main/DEBUG] (FabricLoader/Mixin) fabric-data-attachment-api-v1.mixins.json:EntityMixin from mod fabric-data-attachment-api-v1->@Inject::writeEntityAttachments(Lnet/minecraft/nbt/NbtCompound;Lorg/spongepowered/asm/mixin/injection/callback/CallbackInfoReturnable;)V won't be passed a CallbackInfoReturnable as a result
[11:20:52] [main/DEBUG] (FabricLoader/Mixin) Mixing PlayerEntityMixin from fabric-entity-events-v1.mixins.json into net.minecraft.entity.player.PlayerEntity
[11:20:52] [main/DEBUG] (FabricLoader/Mixin) fabric-entity-events-v1.mixins.json:PlayerEntityMixin from mod fabric-entity-events-v1: Class version 61 required is higher than the class version supported by the current version of Mixin (JAVA_16 supports class version 60)
[11:20:52] [main/DEBUG] (FabricLoader/Mixin) Mixing elytra.PlayerEntityMixin from fabric-entity-events-v1.mixins.json into net.minecraft.entity.player.PlayerEntity
[11:20:52] [main/DEBUG] (FabricLoader/Mixin) fabric-entity-events-v1.mixins.json:elytra.PlayerEntityMixin from mod fabric-entity-events-v1: Class version 61 required is higher than the class version supported by the current version of Mixin (JAVA_16 supports class version 60)
[11:20:52] [main/DEBUG] (FabricLoader/Mixin) fabric-entity-events-v1.mixins.json:PlayerEntityMixin from mod fabric-entity-events-v1->@Inject::onTrySleep(Lnet/minecraft/util/math/BlockPos;Lorg/spongepowered/asm/mixin/injection/callback/CallbackInfoReturnable;)V does use it's CallbackInfoReturnable
[11:20:52] [main/DEBUG] (FabricLoader/Mixin) fabric-entity-events-v1.mixins.json:PlayerEntityMixin from mod fabric-entity-events-v1->@Inject::onIsSleepingLongEnough(Lorg/spongepowered/asm/mixin/injection/callback/CallbackInfoReturnable;)V does use it's CallbackInfoReturnable
[11:20:52] [main/DEBUG] (FabricLoader/Mixin) fabric-entity-events-v1.mixins.json:elytra.PlayerEntityMixin from mod fabric-entity-events-v1->@Inject::injectElytraCheck(Lorg/spongepowered/asm/mixin/injection/callback/CallbackInfoReturnable;)V does use it's CallbackInfoReturnable
[11:20:52] [main/DEBUG] (FabricLoader/Mixin) Mixing LivingEntityMixin from fabric-item-api-v1.mixins.json into net.minecraft.entity.LivingEntity
[11:20:52] [main/DEBUG] (FabricLoader/Mixin) fabric-item-api-v1.mixins.json:LivingEntityMixin from mod fabric-item-api-v1: Class version 61 required is higher than the class version supported by the current version of Mixin (JAVA_16 supports class version 60)
[11:20:52] [main/DEBUG] (FabricLoader/Mixin) Mixing LivingEntityMixin from fabric-entity-events-v1.mixins.json into net.minecraft.entity.LivingEntity
[11:20:52] [main/DEBUG] (FabricLoader/Mixin) fabric-entity-events-v1.mixins.json:LivingEntityMixin from mod fabric-entity-events-v1: Class version 61 required is higher than the class version supported by the current version of Mixin (JAVA_16 supports class version 60)
[11:20:52] [main/DEBUG] (FabricLoader/Mixin) Mixing elytra.LivingEntityMixin from fabric-entity-events-v1.mixins.json into net.minecraft.entity.LivingEntity
[11:20:52] [main/DEBUG] (FabricLoader/Mixin) fabric-entity-events-v1.mixins.json:elytra.LivingEntityMixin from mod fabric-entity-events-v1: Class version 61 required is higher than the class version supported by the current version of Mixin (JAVA_16 supports class version 60)
[11:20:52] [main/DEBUG] (FabricLoader/Mixin) Mixing LivingEntityMixin from fabric-lifecycle-events-v1.mixins.json into net.minecraft.entity.LivingEntity
[11:20:52] [main/DEBUG] (FabricLoader/Mixin) fabric-lifecycle-events-v1.mixins.json:LivingEntityMixin from mod fabric-lifecycle-events-v1: Class version 61 required is higher than the class version supported by the current version of Mixin (JAVA_16 supports class version 60)
[11:20:52] [main/DEBUG] (FabricLoader/Mixin) fabric-item-api-v1.mixins.json:LivingEntityMixin from mod fabric-item-api-v1->@Inject::onGetPreferredEquipmentSlot(Lnet/minecraft/item/ItemStack;Lorg/spongepowered/asm/mixin/injection/callback/CallbackInfoReturnable;)V does use it's CallbackInfoReturnable
[11:20:52] [main/DEBUG] (FabricLoader/Mixin) fabric-entity-events-v1.mixins.json:LivingEntityMixin from mod fabric-entity-events-v1->@Inject::notifyDeath(Lnet/minecraft/entity/damage/DamageSource;Lorg/spongepowered/asm/mixin/injection/callback/CallbackInfo;)V doesn't use it's CallbackInfo
[11:20:52] [main/DEBUG] (FabricLoader/Mixin) fabric-entity-events-v1.mixins.json:LivingEntityMixin from mod fabric-entity-events-v1->@Inject::notifyDeath(Lnet/minecraft/entity/damage/DamageSource;Lorg/spongepowered/asm/mixin/injection/callback/CallbackInfo;)V has 0 override(s) in child classes
[11:20:52] [main/DEBUG] (FabricLoader/Mixin) fabric-entity-events-v1.mixins.json:LivingEntityMixin from mod fabric-entity-events-v1->@Inject::notifyDeath(Lnet/minecraft/entity/damage/DamageSource;Lorg/spongepowered/asm/mixin/injection/callback/CallbackInfo;)V won't be passed a CallbackInfo as a result
[11:20:52] [main/DEBUG] (FabricLoader/Mixin) fabric-entity-events-v1.mixins.json:LivingEntityMixin from mod fabric-entity-events-v1->@Inject::beforeDamage(Lnet/minecraft/entity/damage/DamageSource;FLorg/spongepowered/asm/mixin/injection/callback/CallbackInfoReturnable;)V does use it's CallbackInfoReturnable
[11:20:52] [main/DEBUG] (FabricLoader/Mixin) fabric-entity-events-v1.mixins.json:LivingEntityMixin from mod fabric-entity-events-v1->@Inject::onSleep(Lnet/minecraft/util/math/BlockPos;Lorg/spongepowered/asm/mixin/injection/callback/CallbackInfo;)V doesn't use it's CallbackInfo
[11:20:52] [main/DEBUG] (FabricLoader/Mixin) fabric-entity-events-v1.mixins.json:LivingEntityMixin from mod fabric-entity-events-v1->@Inject::onSleep(Lnet/minecraft/util/math/BlockPos;Lorg/spongepowered/asm/mixin/injection/callback/CallbackInfo;)V has 0 override(s) in child classes
[11:20:52] [main/DEBUG] (FabricLoader/Mixin) fabric-entity-events-v1.mixins.json:LivingEntityMixin from mod fabric-entity-events-v1->@Inject::onSleep(Lnet/minecraft/util/math/BlockPos;Lorg/spongepowered/asm/mixin/injection/callback/CallbackInfo;)V won't be passed a CallbackInfo as a result
[11:20:52] [main/DEBUG] (FabricLoader/Mixin) fabric-entity-events-v1.mixins.json:LivingEntityMixin from mod fabric-entity-events-v1->@Inject::onWakeUp(Lorg/spongepowered/asm/mixin/injection/callback/CallbackInfo;)V doesn't use it's CallbackInfo
[11:20:52] [main/DEBUG] (FabricLoader/Mixin) fabric-entity-events-v1.mixins.json:LivingEntityMixin from mod fabric-entity-events-v1->@Inject::onWakeUp(Lorg/spongepowered/asm/mixin/injection/callback/CallbackInfo;)V has 0 override(s) in child classes
[11:20:52] [main/DEBUG] (FabricLoader/Mixin) fabric-entity-events-v1.mixins.json:LivingEntityMixin from mod fabric-entity-events-v1->@Inject::onWakeUp(Lorg/spongepowered/asm/mixin/injection/callback/CallbackInfo;)V won't be passed a CallbackInfo as a result
[11:20:52] [main/DEBUG] (FabricLoader/Mixin) fabric-entity-events-v1.mixins.json:LivingEntityMixin from mod fabric-entity-events-v1->@Inject::onIsSleepingInBed(Lnet/minecraft/util/math/BlockPos;Lorg/spongepowered/asm/mixin/injection/callback/CallbackInfoReturnable;)V does use it's CallbackInfoReturnable
[11:20:52] [main/DEBUG] (FabricLoader/Mixin) fabric-entity-events-v1.mixins.json:elytra.LivingEntityMixin from mod fabric-entity-events-v1->@Inject::injectElytraTick(Lorg/spongepowered/asm/mixin/injection/callback/CallbackInfo;)V does use it's CallbackInfo
[11:20:52] [main/DEBUG] (FabricLoader/Mixin) fabric-lifecycle-events-v1.mixins.json:LivingEntityMixin from mod fabric-lifecycle-events-v1->@Inject::getEquipmentChanges(Lorg/spongepowered/asm/mixin/injection/callback/CallbackInfoReturnable;Ljava/util/Map;[Lnet/minecraft/entity/EquipmentSlot;IILnet/minecraft/entity/EquipmentSlot;Lnet/minecraft/item/ItemStack;Lnet/minecraft/item/ItemStack;)V doesn't use it's CallbackInfoReturnable
[11:20:52] [main/DEBUG] (FabricLoader/Mixin) fabric-lifecycle-events-v1.mixins.json:LivingEntityMixin from mod fabric-lifecycle-events-v1->@Inject::getEquipmentChanges(Lorg/spongepowered/asm/mixin/injection/callback/CallbackInfoReturnable;Ljava/util/Map;[Lnet/minecraft/entity/EquipmentSlot;IILnet/minecraft/entity/EquipmentSlot;Lnet/minecraft/item/ItemStack;Lnet/minecraft/item/ItemStack;)V has 0 override(s) in child classes
[11:20:52] [main/DEBUG] (FabricLoader/Mixin) fabric-lifecycle-events-v1.mixins.json:LivingEntityMixin from mod fabric-lifecycle-events-v1->@Inject::getEquipmentChanges(Lorg/spongepowered/asm/mixin/injection/callback/CallbackInfoReturnable;Ljava/util/Map;[Lnet/minecraft/entity/EquipmentSlot;IILnet/minecraft/entity/EquipmentSlot;Lnet/minecraft/item/ItemStack;Lnet/minecraft/item/ItemStack;)V won't be passed a CallbackInfoReturnable as a result
[11:20:53] [main/DEBUG] (FabricLoader/Mixin) Mixing IdListMixin from fabric-registry-sync-v0.mixins.json into net.minecraft.util.collection.IdList
[11:20:53] [main/DEBUG] (FabricLoader/Mixin) fabric-registry-sync-v0.mixins.json:IdListMixin from mod fabric-registry-sync-v0: Class version 61 required is higher than the class version supported by the current version of Mixin (JAVA_16 supports class version 60)
[11:20:53] [main/DEBUG] (FabricLoader/Mixin) Renaming synthetic method lambda$fabric_remapIds$0(Lit/unimi/dsi/fastutil/ints/Int2IntMap;Ljava/lang/Object;Ljava/lang/Integer;)Ljava/lang/Integer; to md5ebeb3$fabric-registry-sync-v0$lambda$fabric_remapIds$0$0 in fabric-registry-sync-v0.mixins.json:IdListMixin from mod fabric-registry-sync-v0
[11:20:53] [main/DEBUG] (FabricLoader/Mixin) Mixing DetectorRailBlockMixin from fabric-object-builder-v1.mixins.json into net.minecraft.block.DetectorRailBlock
[11:20:53] [main/DEBUG] (FabricLoader/Mixin) fabric-object-builder-v1.mixins.json:DetectorRailBlockMixin from mod fabric-object-builder-api-v1: Class version 61 required is higher than the class version supported by the current version of Mixin (JAVA_16 supports class version 60)
[11:20:53] [main/DEBUG] (FabricLoader/Mixin) Renaming synthetic method lambda$getCustomComparatorOutput$0(Lnet/minecraft/entity/Entity;)Z to md5ebeb3$fabric-object-builder-api-v1$lambda$getCustomComparatorOutput$0$0 in fabric-object-builder-v1.mixins.json:DetectorRailBlockMixin from mod fabric-object-builder-api-v1
[11:20:53] [main/DEBUG] (FabricLoader/Mixin) fabric-object-builder-v1.mixins.json:DetectorRailBlockMixin from mod fabric-object-builder-api-v1->@Inject::getCustomComparatorOutput(Lnet/minecraft/block/BlockState;Lnet/minecraft/world/World;Lnet/minecraft/util/math/BlockPos;Lorg/spongepowered/asm/mixin/injection/callback/CallbackInfoReturnable;)V does use it's CallbackInfoReturnable
[11:20:53] [main/DEBUG] (FabricLoader/Mixin) Mixing RedstoneWireMixin from nebula.mixins.json into net.minecraft.block.RedstoneWireBlock
[11:20:53] [main/DEBUG] (FabricLoader/Mixin) nebula.mixins.json:RedstoneWireMixin from mod nebula->@Inject::nebula$cancelRedstoneParticles(Lnet/minecraft/block/BlockState;Lnet/minecraft/world/World;Lnet/minecraft/util/math/BlockPos;Lnet/minecraft/util/math/random/Random;Lorg/spongepowered/asm/mixin/injection/callback/CallbackInfo;)V does use it's CallbackInfo
[11:20:54] [main/DEBUG] (FabricLoader/Mixin) Mixing DropperBlockMixin from fabric-transfer-api-v1.mixins.json into net.minecraft.block.DropperBlock
[11:20:54] [main/DEBUG] (FabricLoader/Mixin) fabric-transfer-api-v1.mixins.json:DropperBlockMixin from mod fabric-transfer-api-v1: Class version 61 required is higher than the class version supported by the current version of Mixin (JAVA_16 supports class version 60)
[11:20:54] [main/DEBUG] (FabricLoader/Mixin) Renaming synthetic method lambda$hookDispense$0(Lnet/fabricmc/fabric/api/transfer/v1/item/ItemVariant;)Z to md5ebeb3$fabric-transfer-api-v1$lambda$hookDispense$0$0 in fabric-transfer-api-v1.mixins.json:DropperBlockMixin from mod fabric-transfer-api-v1
[11:20:54] [main/DEBUG] (FabricLoader/Mixin) fabric-transfer-api-v1.mixins.json:DropperBlockMixin from mod fabric-transfer-api-v1->@Inject::hookDispense(Lnet/minecraft/server/world/ServerWorld;Lnet/minecraft/util/math/BlockPos;Lorg/spongepowered/asm/mixin/injection/callback/CallbackInfo;)V does use it's CallbackInfo
[11:20:54] [main/DEBUG] (FabricLoader/Mixin) Mixing BeehiveBlockMixin from fabric-events-interaction-v0.mixins.json into net.minecraft.block.BeehiveBlock
[11:20:54] [main/DEBUG] (FabricLoader/Mixin) fabric-events-interaction-v0.mixins.json:BeehiveBlockMixin from mod fabric-events-interaction-v0: Class version 61 required is higher than the class version supported by the current version of Mixin (JAVA_16 supports class version 60)
[11:20:54] [main/DEBUG] (FabricLoader/Mixin) fabric-events-interaction-v0.mixins.json:BeehiveBlockMixin from mod fabric-events-interaction-v0->@Inject::afterNearbyBeesPlayers(Lnet/minecraft/world/World;Lnet/minecraft/util/math/BlockPos;Lorg/spongepowered/asm/mixin/injection/callback/CallbackInfo;Ljava/util/List;Ljava/util/List;)V does use it's CallbackInfo
[11:20:54] [main/DEBUG] (FabricLoader/Mixin) Mixing OxidizableMixin from fabric-content-registries-v0.mixins.json into net.minecraft.block.Oxidizable
[11:20:54] [main/DEBUG] (FabricLoader/Mixin) fabric-content-registries-v0.mixins.json:OxidizableMixin from mod fabric-content-registries-v0: Class version 61 required is higher than the class version supported by the current version of Mixin (JAVA_16 supports class version 60)
[11:20:54] [main/DEBUG] (FabricLoader/Mixin) fabric-content-registries-v0.mixins.json:OxidizableMixin from mod fabric-content-registries-v0->@Inject::createOxidationLevelIncreasesMap(Lorg/spongepowered/asm/mixin/injection/callback/CallbackInfoReturnable;)V does use it's CallbackInfoReturnable
[11:20:54] [main/DEBUG] (FabricLoader/Mixin) Mixing AbstractBlockSettingsAccessor from fabric-object-builder-v1.mixins.json into net.minecraft.block.AbstractBlock$Settings
[11:20:54] [main/DEBUG] (FabricLoader/Mixin) fabric-object-builder-v1.mixins.json:AbstractBlockSettingsAccessor from mod fabric-object-builder-api-v1: Class version 61 required is higher than the class version supported by the current version of Mixin (JAVA_16 supports class version 60)
[11:20:54] [main/DEBUG] (FabricLoader/Mixin) Mixing BlockStateMixin from fabric-block-api-v1.mixins.json into net.minecraft.block.BlockState
[11:20:55] [main/DEBUG] (FabricLoader/Mixin) Mixing BlockEntityMixin from fabric-rendering-data-attachment-v1.mixins.json into net.minecraft.block.entity.BlockEntity
[11:20:55] [main/DEBUG] (FabricLoader/Mixin) Mixing BlockEntityMixin from fabric-block-view-api-v2.mixins.json into net.minecraft.block.entity.BlockEntity
[11:20:55] [main/DEBUG] (FabricLoader/Mixin) Mixing AttachmentTargetsMixin from fabric-data-attachment-api-v1.mixins.json into net.minecraft.block.entity.BlockEntity
[11:20:55] [main/DEBUG] (FabricLoader/Mixin) Mixing BlockEntityMixin from fabric-data-attachment-api-v1.mixins.json into net.minecraft.block.entity.BlockEntity
[11:20:55] [main/DEBUG] (FabricLoader/Mixin) fabric-data-attachment-api-v1.mixins.json:BlockEntityMixin from mod fabric-data-attachment-api-v1->@Inject::readBlockEntityAttachments(Lnet/minecraft/nbt/NbtCompound;Ljava/lang/String;Lnet/minecraft/block/entity/BlockEntity;Lorg/spongepowered/asm/mixin/injection/callback/CallbackInfoReturnable;)V doesn't use it's CallbackInfoReturnable
[11:20:55] [main/DEBUG] (FabricLoader/Mixin) fabric-data-attachment-api-v1.mixins.json:BlockEntityMixin from mod fabric-data-attachment-api-v1->@Inject::writeBlockEntityAttachments(Lorg/spongepowered/asm/mixin/injection/callback/CallbackInfoReturnable;)V does use it's CallbackInfoReturnable
[11:20:55] [main/DEBUG] (FabricLoader/Mixin) Mixing NamedScreenHandlerFactoryMixin from fabric-screen-handler-api-v1.mixins.json into net.minecraft.screen.NamedScreenHandlerFactory
[11:20:55] [main/DEBUG] (FabricLoader/Mixin) fabric-screen-handler-api-v1.mixins.json:NamedScreenHandlerFactoryMixin from mod fabric-screen-handler-api-v1: Class version 61 required is higher than the class version supported by the current version of Mixin (JAVA_16 supports class version 60)
[11:20:55] [main/DEBUG] (FabricLoader/Mixin) Mixing LootableContainerBlockEntityMixin from fabric-transfer-api-v1.mixins.json into net.minecraft.block.entity.LootableContainerBlockEntity
[11:20:55] [main/DEBUG] (FabricLoader/Mixin) fabric-transfer-api-v1.mixins.json:LootableContainerBlockEntityMixin from mod fabric-transfer-api-v1: Class version 61 required is higher than the class version supported by the current version of Mixin (JAVA_16 supports class version 60)
[11:20:56] [main/DEBUG] (FabricLoader/Mixin) Mixing ChiseledBookshelfBlockEntityMixin from fabric-transfer-api-v1.mixins.json into net.minecraft.block.entity.ChiseledBookshelfBlockEntity
[11:20:56] [main/DEBUG] (FabricLoader/Mixin) fabric-transfer-api-v1.mixins.json:ChiseledBookshelfBlockEntityMixin from mod fabric-transfer-api-v1: Class version 61 required is higher than the class version supported by the current version of Mixin (JAVA_16 supports class version 60)
[11:20:56] [main/DEBUG] (FabricLoader/Mixin) fabric-transfer-api-v1.mixins.json:ChiseledBookshelfBlockEntityMixin from mod fabric-transfer-api-v1->@Inject::setStackBypass(ILnet/minecraft/item/ItemStack;Lorg/spongepowered/asm/mixin/injection/callback/CallbackInfo;)V does use it's CallbackInfo
[11:20:56] [main/DEBUG] (FabricLoader/Mixin) Mixing AbstractFurnaceBlockEntityMixin from fabric-item-api-v1.mixins.json into net.minecraft.block.entity.AbstractFurnaceBlockEntity
[11:20:56] [main/DEBUG] (FabricLoader/Mixin) fabric-item-api-v1.mixins.json:AbstractFurnaceBlockEntityMixin from mod fabric-item-api-v1: Class version 61 required is higher than the class version supported by the current version of Mixin (JAVA_16 supports class version 60)
[11:20:56] [main/DEBUG] (FabricLoader/Mixin) Mixing AbstractFurnaceBlockEntityMixin from fabric-transfer-api-v1.mixins.json into net.minecraft.block.entity.AbstractFurnaceBlockEntity
[11:20:56] [main/DEBUG] (FabricLoader/Mixin) fabric-transfer-api-v1.mixins.json:AbstractFurnaceBlockEntityMixin from mod fabric-transfer-api-v1: Class version 61 required is higher than the class version supported by the current version of Mixin (JAVA_16 supports class version 60)
[11:20:56] [main/DEBUG] (FabricLoader/Mixin) Mixing AbstractFurnaceBlockEntityMixin from fabric-content-registries-v0.mixins.json into net.minecraft.block.entity.AbstractFurnaceBlockEntity
[11:20:56] [main/DEBUG] (FabricLoader/Mixin) fabric-content-registries-v0.mixins.json:AbstractFurnaceBlockEntityMixin from mod fabric-content-registries-v0: Class version 61 required is higher than the class version supported by the current version of Mixin (JAVA_16 supports class version 60)
[11:20:56] [main/DEBUG] (FabricLoader/Mixin) fabric-item-api-v1.mixins.json:AbstractFurnaceBlockEntityMixin from mod fabric-item-api-v1->@Inject::getStackRemainder(Lnet/minecraft/world/World;Lnet/minecraft/util/math/BlockPos;Lnet/minecraft/block/BlockState;Lnet/minecraft/block/entity/AbstractFurnaceBlockEntity;Lorg/spongepowered/asm/mixin/injection/callback/CallbackInfo;ZZLnet/minecraft/item/ItemStack;ZZLnet/minecraft/recipe/Recipe;I)V doesn't use it's CallbackInfo
[11:20:56] [main/DEBUG] (FabricLoader/Mixin) fabric-transfer-api-v1.mixins.json:AbstractFurnaceBlockEntityMixin from mod fabric-transfer-api-v1->@Inject::setStackSuppressUpdate(ILnet/minecraft/item/ItemStack;Lorg/spongepowered/asm/mixin/injection/callback/CallbackInfo;)V does use it's CallbackInfo
[11:20:56] [main/DEBUG] (FabricLoader/Mixin) fabric-content-registries-v0.mixins.json:AbstractFurnaceBlockEntityMixin from mod fabric-content-registries-v0->@Inject::fuelTimeMapHook(Lorg/spongepowered/asm/mixin/injection/callback/CallbackInfoReturnable;)V does use it's CallbackInfoReturnable
[11:20:57] [main/DEBUG] (FabricLoader/Mixin) Mixing JukeboxBlockEntityMixin from fabric-transfer-api-v1.mixins.json into net.minecraft.block.entity.JukeboxBlockEntity
[11:20:57] [main/DEBUG] (FabricLoader/Mixin) fabric-transfer-api-v1.mixins.json:JukeboxBlockEntityMixin from mod fabric-transfer-api-v1: Class version 61 required is higher than the class version supported by the current version of Mixin (JAVA_16 supports class version 60)
[11:20:57] [main/DEBUG] (FabricLoader/Mixin) fabric-transfer-api-v1.mixins.json:JukeboxBlockEntityMixin from mod fabric-transfer-api-v1->@Inject::setStackBypass(ILnet/minecraft/item/ItemStack;Lorg/spongepowered/asm/mixin/injection/callback/CallbackInfo;)V does use it's CallbackInfo
[11:20:57] [main/DEBUG] (FabricLoader/Mixin) Mixing MobEntityCullerMixin from nebula.mixins.json into net.minecraft.entity.mob.MobEntity
[11:20:57] [main/DEBUG] (FabricLoader/Mixin) Mixing MobEntityMixin from fabric-entity-events-v1.mixins.json into net.minecraft.entity.mob.MobEntity
[11:20:57] [main/DEBUG] (FabricLoader/Mixin) fabric-entity-events-v1.mixins.json:MobEntityMixin from mod fabric-entity-events-v1: Class version 61 required is higher than the class version supported by the current version of Mixin (JAVA_16 supports class version 60)
[11:20:57] [main/DEBUG] (FabricLoader/Mixin) nebula.mixins.json:MobEntityCullerMixin from mod nebula->@Inject::nebula$freezeMobAi(Lorg/spongepowered/asm/mixin/injection/callback/CallbackInfo;)V does use it's CallbackInfo
[11:20:58] [main/DEBUG] (FabricLoader/Mixin) Mixing BrewingStandBlockEntityMixin from fabric-item-api-v1.mixins.json into net.minecraft.block.entity.BrewingStandBlockEntity
[11:20:58] [main/DEBUG] (FabricLoader/Mixin) fabric-item-api-v1.mixins.json:BrewingStandBlockEntityMixin from mod fabric-item-api-v1: Class version 61 required is higher than the class version supported by the current version of Mixin (JAVA_16 supports class version 60)
[11:20:58] [main/DEBUG] (FabricLoader/Mixin) fabric-item-api-v1.mixins.json:BrewingStandBlockEntityMixin from mod fabric-item-api-v1->@Inject::captureItemStack(Lnet/minecraft/world/World;Lnet/minecraft/util/math/BlockPos;Lnet/minecraft/util/collection/DefaultedList;Lorg/spongepowered/asm/mixin/injection/callback/CallbackInfo;Lnet/minecraft/item/ItemStack;)V doesn't use it's CallbackInfo
[11:20:58] [main/DEBUG] (FabricLoader/Mixin) Mixing ItemStackMixin from fabric-item-api-v1.mixins.json into net.minecraft.item.ItemStack
[11:20:58] [main/DEBUG] (FabricLoader/Mixin) fabric-item-api-v1.mixins.json:ItemStackMixin from mod fabric-item-api-v1: Class version 61 required is higher than the class version supported by the current version of Mixin (JAVA_16 supports class version 60)
[11:20:58] [main/DEBUG] (FabricLoader/Mixin) Mixing ItemStackMixin from fabric-item-api-v1.client.mixins.json into net.minecraft.item.ItemStack
[11:20:58] [main/DEBUG] (FabricLoader/Mixin) fabric-item-api-v1.client.mixins.json:ItemStackMixin from mod fabric-item-api-v1: Class version 61 required is higher than the class version supported by the current version of Mixin (JAVA_16 supports class version 60)
[11:20:58] [main/DEBUG] (FabricLoader/Mixin) fabric-item-api-v1.mixins.json:ItemStackMixin from mod fabric-item-api-v1->@Inject::saveDamager(ILnet/minecraft/entity/LivingEntity;Ljava/util/function/Consumer;Lorg/spongepowered/asm/mixin/injection/callback/CallbackInfo;)V doesn't use it's CallbackInfo
[11:20:58] [main/DEBUG] (FabricLoader/Mixin) fabric-item-api-v1.mixins.json:ItemStackMixin from mod fabric-item-api-v1->@Inject::clearDamage(ILnet/minecraft/entity/LivingEntity;Ljava/util/function/Consumer;Lorg/spongepowered/asm/mixin/injection/callback/CallbackInfo;)V doesn't use it's CallbackInfo
[11:20:58] [main/DEBUG] (FabricLoader/Mixin) fabric-item-api-v1.mixins.json:ItemStackMixin from mod fabric-item-api-v1->@Inject::clearDamage(ILnet/minecraft/entity/LivingEntity;Ljava/util/function/Consumer;Lorg/spongepowered/asm/mixin/injection/callback/CallbackInfo;)V doesn't use it's CallbackInfo
[11:20:58] [main/DEBUG] (FabricLoader/Mixin) fabric-item-api-v1.mixins.json:ItemStackMixin from mod fabric-item-api-v1->@Inject::clearDamage(ILnet/minecraft/entity/LivingEntity;Ljava/util/function/Consumer;Lorg/spongepowered/asm/mixin/injection/callback/CallbackInfo;)V doesn't use it's CallbackInfo
[11:20:58] [main/DEBUG] (FabricLoader/Mixin) fabric-item-api-v1.client.mixins.json:ItemStackMixin from mod fabric-item-api-v1->@Inject::getTooltip(Lnet/minecraft/entity/player/PlayerEntity;Lnet/minecraft/client/item/TooltipContext;Lorg/spongepowered/asm/mixin/injection/callback/CallbackInfoReturnable;)V does use it's CallbackInfoReturnable
[11:20:58] [main/DEBUG] (FabricLoader/Mixin) Mixing HopperBlockEntityMixin from fabric-transfer-api-v1.mixins.json into net.minecraft.block.entity.HopperBlockEntity
[11:20:58] [main/DEBUG] (FabricLoader/Mixin) fabric-transfer-api-v1.mixins.json:HopperBlockEntityMixin from mod fabric-transfer-api-v1: Class version 61 required is higher than the class version supported by the current version of Mixin (JAVA_16 supports class version 60)
[11:20:58] [main/DEBUG] (FabricLoader/Mixin) Renaming synthetic method lambda$hookExtract$1(Lnet/fabricmc/fabric/api/transfer/v1/item/ItemVariant;)Z to md5ebeb3$fabric-transfer-api-v1$lambda$hookExtract$1$0 in fabric-transfer-api-v1.mixins.json:HopperBlockEntityMixin from mod fabric-transfer-api-v1
[11:20:58] [main/DEBUG] (FabricLoader/Mixin) Renaming synthetic method lambda$hookInsert$0(Lnet/fabricmc/fabric/api/transfer/v1/item/ItemVariant;)Z to md5ebeb3$fabric-transfer-api-v1$lambda$hookInsert$0$1 in fabric-transfer-api-v1.mixins.json:HopperBlockEntityMixin from mod fabric-transfer-api-v1
[11:20:58] [main/DEBUG] (FabricLoader/Mixin) fabric-transfer-api-v1.mixins.json:HopperBlockEntityMixin from mod fabric-transfer-api-v1->@Inject::hookInsert(Lnet/minecraft/world/World;Lnet/minecraft/util/math/BlockPos;Lnet/minecraft/block/BlockState;Lnet/minecraft/inventory/Inventory;Lorg/spongepowered/asm/mixin/injection/callback/CallbackInfoReturnable;Lnet/minecraft/inventory/Inventory;)V does use it's CallbackInfoReturnable
[11:20:58] [main/DEBUG] (FabricLoader/Mixin) fabric-transfer-api-v1.mixins.json:HopperBlockEntityMixin from mod fabric-transfer-api-v1->@Inject::hookExtract(Lnet/minecraft/world/World;Lnet/minecraft/block/entity/Hopper;Lorg/spongepowered/asm/mixin/injection/callback/CallbackInfoReturnable;Lnet/minecraft/inventory/Inventory;)V does use it's CallbackInfoReturnable
[11:21:01] [main/DEBUG] (FabricLoader/Mixin) Mixing TadpoleEntityMixin from fabric-entity-events-v1.mixins.json into net.minecraft.entity.passive.TadpoleEntity
[11:21:01] [main/DEBUG] (FabricLoader/Mixin) fabric-entity-events-v1.mixins.json:TadpoleEntityMixin from mod fabric-entity-events-v1: Class version 61 required is higher than the class version supported by the current version of Mixin (JAVA_16 supports class version 60)
[11:21:03] [main/DEBUG] (FabricLoader/Mixin) Mixing ArmorItemMixin from fabric-item-api-v1.mixins.json into net.minecraft.item.ArmorItem
[11:21:03] [main/DEBUG] (FabricLoader/Mixin) fabric-item-api-v1.mixins.json:ArmorItemMixin from mod fabric-item-api-v1: Class version 61 required is higher than the class version supported by the current version of Mixin (JAVA_16 supports class version 60)
[11:21:03] [main/DEBUG] (FabricLoader/Mixin) Mixing SwordItemMixin from fabric-mining-level-api-v1.mixins.json into net.minecraft.item.SwordItem
[11:21:03] [main/DEBUG] (FabricLoader/Mixin) fabric-mining-level-api-v1.mixins.json:SwordItemMixin from mod fabric-mining-level-api-v1: Class version 61 required is higher than the class version supported by the current version of Mixin (JAVA_16 supports class version 60)
[11:21:03] [main/DEBUG] (FabricLoader/Mixin) fabric-mining-level-api-v1.mixins.json:SwordItemMixin from mod fabric-mining-level-api-v1->@Inject::fabric$onIsSuitableFor(Lnet/minecraft/block/BlockState;Lorg/spongepowered/asm/mixin/injection/callback/CallbackInfoReturnable;)V does use it's CallbackInfoReturnable
[11:21:03] [main/DEBUG] (FabricLoader/Mixin) fabric-mining-level-api-v1.mixins.json:SwordItemMixin from mod fabric-mining-level-api-v1->@Inject::fabric$onGetMiningSpeedMultiplier(Lnet/minecraft/item/ItemStack;Lnet/minecraft/block/BlockState;Lorg/spongepowered/asm/mixin/injection/callback/CallbackInfoReturnable;)V does use it's CallbackInfoReturnable
[11:21:03] [main/DEBUG] (FabricLoader/Mixin) fabric-mining-level-api-v1.mixins.json:SwordItemMixin from mod fabric-mining-level-api-v1->@Inject::fabric$onGetMiningSpeedMultiplier(Lnet/minecraft/item/ItemStack;Lnet/minecraft/block/BlockState;Lorg/spongepowered/asm/mixin/injection/callback/CallbackInfoReturnable;)V does use it's CallbackInfoReturnable
[11:21:03] [main/DEBUG] (FabricLoader/Mixin) Mixing ShovelItemAccessor from fabric-content-registries-v0.mixins.json into net.minecraft.item.ShovelItem
[11:21:03] [main/DEBUG] (FabricLoader/Mixin) fabric-content-registries-v0.mixins.json:ShovelItemAccessor from mod fabric-content-registries-v0: Class version 61 required is higher than the class version supported by the current version of Mixin (JAVA_16 supports class version 60)
[11:21:03] [main/DEBUG] (FabricLoader/Mixin) Renaming @Accessor method getPathStates()Ljava/util/Map; to getPathStates$fabric-content-registries-v0_$md$5ebeb3$0 in fabric-content-registries-v0.mixins.json:ShovelItemAccessor from mod fabric-content-registries-v0
[11:21:03] [main/DEBUG] (FabricLoader/Mixin) Mixing MiningToolItemMixin from fabric-mining-level-api-v1.mixins.json into net.minecraft.item.MiningToolItem
[11:21:03] [main/DEBUG] (FabricLoader/Mixin) fabric-mining-level-api-v1.mixins.json:MiningToolItemMixin from mod fabric-mining-level-api-v1: Class version 61 required is higher than the class version supported by the current version of Mixin (JAVA_16 supports class version 60)
[11:21:03] [main/DEBUG] (FabricLoader/Mixin) fabric-mining-level-api-v1.mixins.json:MiningToolItemMixin from mod fabric-mining-level-api-v1->@Inject::fabric$onIsSuitableFor(Lnet/minecraft/block/BlockState;Lorg/spongepowered/asm/mixin/injection/callback/CallbackInfoReturnable;I)V does use it's CallbackInfoReturnable
[11:21:03] [main/DEBUG] (FabricLoader/Mixin) Mixing AxeItemAccessor from fabric-content-registries-v0.mixins.json into net.minecraft.item.AxeItem
[11:21:03] [main/DEBUG] (FabricLoader/Mixin) fabric-content-registries-v0.mixins.json:AxeItemAccessor from mod fabric-content-registries-v0: Class version 61 required is higher than the class version supported by the current version of Mixin (JAVA_16 supports class version 60)
[11:21:03] [main/DEBUG] (FabricLoader/Mixin) Renaming @Accessor method getStrippedBlocks()Ljava/util/Map; to getStrippedBlocks$fabric-content-registries-v0_$md$5ebeb3$0 in fabric-content-registries-v0.mixins.json:AxeItemAccessor from mod fabric-content-registries-v0
[11:21:03] [main/DEBUG] (FabricLoader/Mixin) Renaming @Accessor method setStrippedBlocks(Ljava/util/Map;)V to setStrippedBlocks$fabric-content-registries-v0_$md$5ebeb3$1 in fabric-content-registries-v0.mixins.json:AxeItemAccessor from mod fabric-content-registries-v0
[11:21:03] [main/DEBUG] (FabricLoader/Mixin) Mixing HoeItemAccessor from fabric-content-registries-v0.mixins.json into net.minecraft.item.HoeItem
[11:21:03] [main/DEBUG] (FabricLoader/Mixin) fabric-content-registries-v0.mixins.json:HoeItemAccessor from mod fabric-content-registries-v0: Class version 61 required is higher than the class version supported by the current version of Mixin (JAVA_16 supports class version 60)
[11:21:03] [main/DEBUG] (FabricLoader/Mixin) Renaming @Accessor method getTillingActions()Ljava/util/Map; to getTillingActions$fabric-content-registries-v0_$md$5ebeb3$0 in fabric-content-registries-v0.mixins.json:HoeItemAccessor from mod fabric-content-registries-v0
[11:21:03] [main/DEBUG] (FabricLoader/Mixin) Mixing BucketItemAccessor from fabric-transfer-api-v1.mixins.json into net.minecraft.item.BucketItem
[11:21:03] [main/DEBUG] (FabricLoader/Mixin) fabric-transfer-api-v1.mixins.json:BucketItemAccessor from mod fabric-transfer-api-v1: Class version 61 required is higher than the class version supported by the current version of Mixin (JAVA_16 supports class version 60)
[11:21:03] [main/DEBUG] (FabricLoader/Mixin) Mixing BucketItemMixin from fabric-transfer-api-v1.mixins.json into net.minecraft.item.BucketItem
[11:21:03] [main/DEBUG] (FabricLoader/Mixin) fabric-transfer-api-v1.mixins.json:BucketItemMixin from mod fabric-transfer-api-v1: Class version 61 required is higher than the class version supported by the current version of Mixin (JAVA_16 supports class version 60)
[11:21:03] [main/DEBUG] (FabricLoader/Mixin) Mixing ShearsItemMixin from fabric-mining-level-api-v1.mixins.json into net.minecraft.item.ShearsItem
[11:21:03] [main/DEBUG] (FabricLoader/Mixin) fabric-mining-level-api-v1.mixins.json:ShearsItemMixin from mod fabric-mining-level-api-v1: Class version 61 required is higher than the class version supported by the current version of Mixin (JAVA_16 supports class version 60)
[11:21:03] [main/DEBUG] (FabricLoader/Mixin) fabric-mining-level-api-v1.mixins.json:ShearsItemMixin from mod fabric-mining-level-api-v1->@Inject::fabric$onIsSuitableFor(Lnet/minecraft/block/BlockState;Lorg/spongepowered/asm/mixin/injection/callback/CallbackInfoReturnable;)V does use it's CallbackInfoReturnable
[11:21:03] [main/DEBUG] (FabricLoader/Mixin) fabric-mining-level-api-v1.mixins.json:ShearsItemMixin from mod fabric-mining-level-api-v1->@Inject::fabric$onGetMiningSpeedMultiplier(Lnet/minecraft/item/ItemStack;Lnet/minecraft/block/BlockState;Lorg/spongepowered/asm/mixin/injection/callback/CallbackInfoReturnable;)V does use it's CallbackInfoReturnable
[11:21:03] [main/DEBUG] (FabricLoader/Mixin) fabric-mining-level-api-v1.mixins.json:ShearsItemMixin from mod fabric-mining-level-api-v1->@Inject::fabric$onGetMiningSpeedMultiplier(Lnet/minecraft/item/ItemStack;Lnet/minecraft/block/BlockState;Lorg/spongepowered/asm/mixin/injection/callback/CallbackInfoReturnable;)V does use it's CallbackInfoReturnable
[11:21:03] [main/DEBUG] (FabricLoader/Mixin) fabric-mining-level-api-v1.mixins.json:ShearsItemMixin from mod fabric-mining-level-api-v1->@Inject::fabric$onGetMiningSpeedMultiplier(Lnet/minecraft/item/ItemStack;Lnet/minecraft/block/BlockState;Lorg/spongepowered/asm/mixin/injection/callback/CallbackInfoReturnable;)V does use it's CallbackInfoReturnable
[11:21:03] [main/DEBUG] (FabricLoader/Mixin) fabric-mining-level-api-v1.mixins.json:ShearsItemMixin from mod fabric-mining-level-api-v1->@Inject::fabric$onGetMiningSpeedMultiplier(Lnet/minecraft/item/ItemStack;Lnet/minecraft/block/BlockState;Lorg/spongepowered/asm/mixin/injection/callback/CallbackInfoReturnable;)V does use it's CallbackInfoReturnable
[11:21:04] [main/DEBUG] (FabricLoader/Mixin) Mixing HoneycombItemMixin from fabric-content-registries-v0.mixins.json into net.minecraft.item.HoneycombItem
[11:21:04] [main/DEBUG] (FabricLoader/Mixin) fabric-content-registries-v0.mixins.json:HoneycombItemMixin from mod fabric-content-registries-v0: Class version 61 required is higher than the class version supported by the current version of Mixin (JAVA_16 supports class version 60)
[11:21:04] [main/DEBUG] (FabricLoader/Mixin) fabric-content-registries-v0.mixins.json:HoneycombItemMixin from mod fabric-content-registries-v0->@Inject::createUnwaxedToWaxedMap(Lorg/spongepowered/asm/mixin/injection/callback/CallbackInfoReturnable;)V does use it's CallbackInfoReturnable
[11:21:04] [main/DEBUG] (FabricLoader/Mixin) Mixing ClientPlayerMixin from nebula.mixins.json into net.minecraft.client.network.ClientPlayerEntity
[11:21:04] [main/DEBUG] (FabricLoader/Mixin) Mixing elytra.ClientPlayerEntityMixin from fabric-entity-events-v1.client.mixins.json into net.minecraft.client.network.ClientPlayerEntity
[11:21:04] [main/DEBUG] (FabricLoader/Mixin) fabric-entity-events-v1.client.mixins.json:elytra.ClientPlayerEntityMixin from mod fabric-entity-events-v1: Class version 61 required is higher than the class version supported by the current version of Mixin (JAVA_16 supports class version 60)
[11:21:04] [main/DEBUG] (FabricLoader/Mixin) nebula.mixins.json:ClientPlayerMixin from mod nebula->@Inject::nebula$throttleNetworkPackets(Lorg/spongepowered/asm/mixin/injection/callback/CallbackInfo;)V does use it's CallbackInfo
[11:21:04] [main/DEBUG] (FabricLoader/Mixin) fabric-entity-events-v1.client.mixins.json:elytra.ClientPlayerEntityMixin from mod fabric-entity-events-v1->@Inject::injectElytraStart(Lorg/spongepowered/asm/mixin/injection/callback/CallbackInfo;)V doesn't use it's CallbackInfo
[11:21:04] [main/DEBUG] (FabricLoader/Mixin) fabric-entity-events-v1.client.mixins.json:elytra.ClientPlayerEntityMixin from mod fabric-entity-events-v1->@Inject::injectElytraStart(Lorg/spongepowered/asm/mixin/injection/callback/CallbackInfo;)V has 0 override(s) in child classes
[11:21:04] [main/DEBUG] (FabricLoader/Mixin) fabric-entity-events-v1.client.mixins.json:elytra.ClientPlayerEntityMixin from mod fabric-entity-events-v1->@Inject::injectElytraStart(Lorg/spongepowered/asm/mixin/injection/callback/CallbackInfo;)V won't be passed a CallbackInfo as a result
[11:21:04] [main/DEBUG] (FabricLoader/Mixin) Mixing StructuresToConfiguredStructuresFixMixin from fabric-registry-sync-v0.mixins.json into net.minecraft.datafixer.fix.StructuresToConfiguredStructuresFix
[11:21:04] [main/DEBUG] (FabricLoader/Mixin) fabric-registry-sync-v0.mixins.json:StructuresToConfiguredStructuresFixMixin from mod fabric-registry-sync-v0: Class version 61 required is higher than the class version supported by the current version of Mixin (JAVA_16 supports class version 60)
[11:21:04] [main/DEBUG] (FabricLoader/Mixin) fabric-registry-sync-v0.mixins.json:StructuresToConfiguredStructuresFixMixin from mod fabric-registry-sync-v0->@Inject::method_41022(Lcom/mojang/datafixers/util/Pair;Lcom/mojang/serialization/Dynamic;Lorg/spongepowered/asm/mixin/injection/callback/CallbackInfoReturnable;)V does use it's CallbackInfoReturnable
[11:21:05] [main/DEBUG] (FabricLoader/Mixin) Mixing TaggedChoiceTypeMixin from fabric-dimensions-v1.mixins.json into com.mojang.datafixers.types.templates.TaggedChoice$TaggedChoiceType
[11:21:05] [main/DEBUG] (FabricLoader/Mixin) fabric-dimensions-v1.mixins.json:TaggedChoiceTypeMixin from mod fabric-dimensions-v1: Class version 61 required is higher than the class version supported by the current version of Mixin (JAVA_16 supports class version 60)
[11:21:05] [main/DEBUG] (FabricLoader/Mixin) fabric-dimensions-v1.mixins.json:TaggedChoiceTypeMixin from mod fabric-dimensions-v1->@Inject::onGetCodec(Ljava/lang/Object;Lorg/spongepowered/asm/mixin/injection/callback/CallbackInfoReturnable;)V does use it's CallbackInfoReturnable
[11:21:05] [main/DEBUG] (FabricLoader/Mixin) Mixing TaggedChoiceMixin from fabric-dimensions-v1.mixins.json into com.mojang.datafixers.types.templates.TaggedChoice
[11:21:05] [main/DEBUG] (FabricLoader/Mixin) fabric-dimensions-v1.mixins.json:TaggedChoiceMixin from mod fabric-dimensions-v1: Class version 61 required is higher than the class version supported by the current version of Mixin (JAVA_16 supports class version 60)
[11:21:05] [main/DEBUG] (FabricLoader/Mixin) fabric-dimensions-v1.mixins.json:TaggedChoiceMixin from mod fabric-dimensions-v1->@Inject::onApply(Lcom/mojang/datafixers/util/Pair;Lorg/spongepowered/asm/mixin/injection/callback/CallbackInfoReturnable;)V does use it's CallbackInfoReturnable
[11:21:07] [main/DEBUG] (FabricLoader/Mixin) Mixing Schema2832Mixin from fabric-dimensions-v1.mixins.json into net.minecraft.datafixer.schema.Schema2832
[11:21:07] [main/DEBUG] (FabricLoader/Mixin) fabric-dimensions-v1.mixins.json:Schema2832Mixin from mod fabric-dimensions-v1: Class version 61 required is higher than the class version supported by the current version of Mixin (JAVA_16 supports class version 60)
[11:21:09] [Datafixer Bootstrap/INFO] (com.mojang.datafixers.DataFixerBuilder) 188 Datafixer optimizations took 996 milliseconds
[11:21:09] [main/DEBUG] (FabricLoader/Mixin) Mixing PigEntityMixin from fabric-entity-events-v1.mixins.json into net.minecraft.entity.passive.PigEntity
[11:21:09] [main/DEBUG] (FabricLoader/Mixin) fabric-entity-events-v1.mixins.json:PigEntityMixin from mod fabric-entity-events-v1: Class version 61 required is higher than the class version supported by the current version of Mixin (JAVA_16 supports class version 60)
[11:21:09] [main/DEBUG] (FabricLoader/Mixin) Mixing ServerPlayerEntityAccessor from fabric-containers-v0.mixins.json into net.minecraft.server.network.ServerPlayerEntity
[11:21:09] [main/DEBUG] (FabricLoader/Mixin) fabric-containers-v0.mixins.json:ServerPlayerEntityAccessor from mod fabric-containers-v0: Class version 61 required is higher than the class version supported by the current version of Mixin (JAVA_16 supports class version 60)
[11:21:09] [main/DEBUG] (FabricLoader/Mixin) Mixing ServerPlayerEntityMixin from fabric-containers-v0.accurate.mixins.json into net.minecraft.server.network.ServerPlayerEntity
[11:21:09] [main/DEBUG] (FabricLoader/Mixin) fabric-containers-v0.accurate.mixins.json:ServerPlayerEntityMixin from mod fabric-containers-v0: Class version 61 required is higher than the class version supported by the current version of Mixin (JAVA_16 supports class version 60)
[11:21:09] [main/DEBUG] (FabricLoader/Mixin) Mixing ServerPlayerEntityMixin from fabric-entity-events-v1.mixins.json into net.minecraft.server.network.ServerPlayerEntity
[11:21:09] [main/DEBUG] (FabricLoader/Mixin) fabric-entity-events-v1.mixins.json:ServerPlayerEntityMixin from mod fabric-entity-events-v1: Class version 61 required is higher than the class version supported by the current version of Mixin (JAVA_16 supports class version 60)
[11:21:09] [main/DEBUG] (FabricLoader/Mixin) Mixing ServerPlayerEntityMixin from fabric-screen-handler-api-v1.mixins.json into net.minecraft.server.network.ServerPlayerEntity
[11:21:09] [main/DEBUG] (FabricLoader/Mixin) fabric-screen-handler-api-v1.mixins.json:ServerPlayerEntityMixin from mod fabric-screen-handler-api-v1: Class version 61 required is higher than the class version supported by the current version of Mixin (JAVA_16 supports class version 60)
[11:21:09] [main/DEBUG] (FabricLoader/Mixin) Mixing ServerPlayerEntityMixin from fabric-events-interaction-v0.mixins.json into net.minecraft.server.network.ServerPlayerEntity
[11:21:09] [main/DEBUG] (FabricLoader/Mixin) fabric-events-interaction-v0.mixins.json:ServerPlayerEntityMixin from mod fabric-events-interaction-v0: Class version 61 required is higher than the class version supported by the current version of Mixin (JAVA_16 supports class version 60)
[11:21:09] [main/DEBUG] (FabricLoader/Mixin) Mixing EntityMixin from fabric-dimensions-v1.mixins.json into net.minecraft.server.network.ServerPlayerEntity
[11:21:09] [main/DEBUG] (FabricLoader/Mixin) fabric-dimensions-v1.mixins.json:EntityMixin from mod fabric-dimensions-v1: Class version 61 required is higher than the class version supported by the current version of Mixin (JAVA_16 supports class version 60)
[11:21:10] [main/DEBUG] (FabricLoader/Mixin) fabric-entity-events-v1.mixins.json:ServerPlayerEntityMixin from mod fabric-entity-events-v1->@Inject::callOnKillForPlayer(Lnet/minecraft/entity/damage/DamageSource;Lorg/spongepowered/asm/mixin/injection/callback/CallbackInfo;)V doesn't use it's CallbackInfo
[11:21:10] [main/DEBUG] (FabricLoader/Mixin) fabric-entity-events-v1.mixins.json:ServerPlayerEntityMixin from mod fabric-entity-events-v1->@Inject::callOnKillForPlayer(Lnet/minecraft/entity/damage/DamageSource;Lorg/spongepowered/asm/mixin/injection/callback/CallbackInfo;)V has 0 override(s) in child classes
[11:21:10] [main/DEBUG] (FabricLoader/Mixin) fabric-entity-events-v1.mixins.json:ServerPlayerEntityMixin from mod fabric-entity-events-v1->@Inject::callOnKillForPlayer(Lnet/minecraft/entity/damage/DamageSource;Lorg/spongepowered/asm/mixin/injection/callback/CallbackInfo;)V won't be passed a CallbackInfo as a result
[11:21:10] [main/DEBUG] (FabricLoader/Mixin) fabric-entity-events-v1.mixins.json:ServerPlayerEntityMixin from mod fabric-entity-events-v1->@Inject::notifyDeath(Lnet/minecraft/entity/damage/DamageSource;Lorg/spongepowered/asm/mixin/injection/callback/CallbackInfo;)V doesn't use it's CallbackInfo
[11:21:10] [main/DEBUG] (FabricLoader/Mixin) fabric-entity-events-v1.mixins.json:ServerPlayerEntityMixin from mod fabric-entity-events-v1->@Inject::notifyDeath(Lnet/minecraft/entity/damage/DamageSource;Lorg/spongepowered/asm/mixin/injection/callback/CallbackInfo;)V has 0 override(s) in child classes
[11:21:10] [main/DEBUG] (FabricLoader/Mixin) fabric-entity-events-v1.mixins.json:ServerPlayerEntityMixin from mod fabric-entity-events-v1->@Inject::notifyDeath(Lnet/minecraft/entity/damage/DamageSource;Lorg/spongepowered/asm/mixin/injection/callback/CallbackInfo;)V won't be passed a CallbackInfo as a result
[11:21:10] [main/DEBUG] (FabricLoader/Mixin) fabric-entity-events-v1.mixins.json:ServerPlayerEntityMixin from mod fabric-entity-events-v1->@Inject::afterWorldChanged(Lnet/minecraft/server/world/ServerWorld;Lorg/spongepowered/asm/mixin/injection/callback/CallbackInfo;)V doesn't use it's CallbackInfo
[11:21:10] [main/DEBUG] (FabricLoader/Mixin) fabric-entity-events-v1.mixins.json:ServerPlayerEntityMixin from mod fabric-entity-events-v1->@Inject::afterWorldChanged(Lnet/minecraft/server/world/ServerWorld;Lorg/spongepowered/asm/mixin/injection/callback/CallbackInfo;)V has 0 override(s) in child classes
[11:21:10] [main/DEBUG] (FabricLoader/Mixin) fabric-entity-events-v1.mixins.json:ServerPlayerEntityMixin from mod fabric-entity-events-v1->@Inject::afterWorldChanged(Lnet/minecraft/server/world/ServerWorld;Lorg/spongepowered/asm/mixin/injection/callback/CallbackInfo;)V won't be passed a CallbackInfo as a result
[11:21:10] [main/DEBUG] (FabricLoader/Mixin) fabric-entity-events-v1.mixins.json:ServerPlayerEntityMixin from mod fabric-entity-events-v1->@Inject::onCopyFrom(Lnet/minecraft/server/network/ServerPlayerEntity;ZLorg/spongepowered/asm/mixin/injection/callback/CallbackInfo;)V doesn't use it's CallbackInfo
[11:21:10] [main/DEBUG] (FabricLoader/Mixin) fabric-entity-events-v1.mixins.json:ServerPlayerEntityMixin from mod fabric-entity-events-v1->@Inject::onCopyFrom(Lnet/minecraft/server/network/ServerPlayerEntity;ZLorg/spongepowered/asm/mixin/injection/callback/CallbackInfo;)V has 0 override(s) in child classes
[11:21:10] [main/DEBUG] (FabricLoader/Mixin) fabric-entity-events-v1.mixins.json:ServerPlayerEntityMixin from mod fabric-entity-events-v1->@Inject::onCopyFrom(Lnet/minecraft/server/network/ServerPlayerEntity;ZLorg/spongepowered/asm/mixin/injection/callback/CallbackInfo;)V won't be passed a CallbackInfo as a result
[11:21:10] [main/DEBUG] (FabricLoader/Mixin) fabric-entity-events-v1.mixins.json:ServerPlayerEntityMixin from mod fabric-entity-events-v1->@Inject::onTrySleepDirectionCheck(Lnet/minecraft/util/math/BlockPos;Lorg/spongepowered/asm/mixin/injection/callback/CallbackInfoReturnable;Lnet/minecraft/util/math/Direction;)V does use it's CallbackInfoReturnable
[11:21:10] [main/DEBUG] (FabricLoader/Mixin) fabric-screen-handler-api-v1.mixins.json:ServerPlayerEntityMixin from mod fabric-screen-handler-api-v1->@Inject::fabric_storeOpenedScreenHandler(Lnet/minecraft/screen/NamedScreenHandlerFactory;Lorg/spongepowered/asm/mixin/injection/callback/CallbackInfoReturnable;Lnet/minecraft/screen/ScreenHandler;)V doesn't use it's CallbackInfoReturnable
[11:21:10] [main/DEBUG] (FabricLoader/Mixin) fabric-screen-handler-api-v1.mixins.json:ServerPlayerEntityMixin from mod fabric-screen-handler-api-v1->@Inject::fabric_storeOpenedScreenHandler(Lnet/minecraft/screen/NamedScreenHandlerFactory;Lorg/spongepowered/asm/mixin/injection/callback/CallbackInfoReturnable;Lnet/minecraft/screen/ScreenHandler;)V has 0 override(s) in child classes
[11:21:10] [main/DEBUG] (FabricLoader/Mixin) fabric-screen-handler-api-v1.mixins.json:ServerPlayerEntityMixin from mod fabric-screen-handler-api-v1->@Inject::fabric_storeOpenedScreenHandler(Lnet/minecraft/screen/NamedScreenHandlerFactory;Lorg/spongepowered/asm/mixin/injection/callback/CallbackInfoReturnable;Lnet/minecraft/screen/ScreenHandler;)V won't be passed a CallbackInfoReturnable as a result
[11:21:10] [main/DEBUG] (FabricLoader/Mixin) fabric-events-interaction-v0.mixins.json:ServerPlayerEntityMixin from mod fabric-events-interaction-v0->@Inject::onPlayerInteractEntity(Lnet/minecraft/entity/Entity;Lorg/spongepowered/asm/mixin/injection/callback/CallbackInfo;)V does use it's CallbackInfo
[11:21:10] [main/DEBUG] (FabricLoader/Mixin) fabric-dimensions-v1.mixins.json:EntityMixin from mod fabric-dimensions-v1->@Inject::getTeleportTarget(Lnet/minecraft/server/world/ServerWorld;Lorg/spongepowered/asm/mixin/injection/callback/CallbackInfoReturnable;)V does use it's CallbackInfoReturnable
[11:21:10] [main/DEBUG] (FabricLoader/Mixin) Mixing AttachmentTargetsMixin from fabric-data-attachment-api-v1.mixins.json into net.minecraft.world.chunk.Chunk
[11:21:10] [main/DEBUG] (FabricLoader/Mixin) Mixing WorldChunkMixin from fabric-lifecycle-events-v1.client.mixins.json into net.minecraft.world.chunk.WorldChunk
[11:21:10] [main/DEBUG] (FabricLoader/Mixin) fabric-lifecycle-events-v1.client.mixins.json:WorldChunkMixin from mod fabric-lifecycle-events-v1: Class version 61 required is higher than the class version supported by the current version of Mixin (JAVA_16 supports class version 60)
[11:21:10] [main/DEBUG] (FabricLoader/Mixin) Mixing WorldChunkMixin from fabric-data-attachment-api-v1.mixins.json into net.minecraft.world.chunk.WorldChunk
[11:21:10] [main/DEBUG] (FabricLoader/Mixin) fabric-lifecycle-events-v1.client.mixins.json:WorldChunkMixin from mod fabric-lifecycle-events-v1->@Inject::onLoadBlockEntity(Lnet/minecraft/block/entity/BlockEntity;Lorg/spongepowered/asm/mixin/injection/callback/CallbackInfo;Lnet/minecraft/util/math/BlockPos;Lnet/minecraft/block/entity/BlockEntity;)V doesn't use it's CallbackInfo
[11:21:10] [main/DEBUG] (FabricLoader/Mixin) fabric-lifecycle-events-v1.client.mixins.json:WorldChunkMixin from mod fabric-lifecycle-events-v1->@Inject::onLoadBlockEntity(Lnet/minecraft/block/entity/BlockEntity;Lorg/spongepowered/asm/mixin/injection/callback/CallbackInfo;Lnet/minecraft/util/math/BlockPos;Lnet/minecraft/block/entity/BlockEntity;)V has 0 override(s) in child classes
[11:21:10] [main/DEBUG] (FabricLoader/Mixin) fabric-lifecycle-events-v1.client.mixins.json:WorldChunkMixin from mod fabric-lifecycle-events-v1->@Inject::onLoadBlockEntity(Lnet/minecraft/block/entity/BlockEntity;Lorg/spongepowered/asm/mixin/injection/callback/CallbackInfo;Lnet/minecraft/util/math/BlockPos;Lnet/minecraft/block/entity/BlockEntity;)V won't be passed a CallbackInfo as a result
[11:21:10] [main/DEBUG] (FabricLoader/Mixin) fabric-lifecycle-events-v1.client.mixins.json:WorldChunkMixin from mod fabric-lifecycle-events-v1->@Inject::onRemoveBlockEntity(Lnet/minecraft/block/entity/BlockEntity;Lorg/spongepowered/asm/mixin/injection/callback/CallbackInfo;Lnet/minecraft/util/math/BlockPos;Lnet/minecraft/block/entity/BlockEntity;)V doesn't use it's CallbackInfo
[11:21:10] [main/DEBUG] (FabricLoader/Mixin) fabric-lifecycle-events-v1.client.mixins.json:WorldChunkMixin from mod fabric-lifecycle-events-v1->@Inject::onRemoveBlockEntity(Lnet/minecraft/block/entity/BlockEntity;Lorg/spongepowered/asm/mixin/injection/callback/CallbackInfo;Lnet/minecraft/util/math/BlockPos;Lnet/minecraft/block/entity/BlockEntity;)V has 0 override(s) in child classes
[11:21:10] [main/DEBUG] (FabricLoader/Mixin) fabric-lifecycle-events-v1.client.mixins.json:WorldChunkMixin from mod fabric-lifecycle-events-v1->@Inject::onRemoveBlockEntity(Lnet/minecraft/block/entity/BlockEntity;Lorg/spongepowered/asm/mixin/injection/callback/CallbackInfo;Lnet/minecraft/util/math/BlockPos;Lnet/minecraft/block/entity/BlockEntity;)V won't be passed a CallbackInfo as a result
[11:21:10] [main/DEBUG] (FabricLoader/Mixin) fabric-lifecycle-events-v1.client.mixins.json:WorldChunkMixin from mod fabric-lifecycle-events-v1->@Inject::onRemoveBlockEntity(Lnet/minecraft/util/math/BlockPos;Lorg/spongepowered/asm/mixin/injection/callback/CallbackInfo;Lnet/minecraft/block/entity/BlockEntity;)V doesn't use it's CallbackInfo
[11:21:10] [main/DEBUG] (FabricLoader/Mixin) fabric-lifecycle-events-v1.client.mixins.json:WorldChunkMixin from mod fabric-lifecycle-events-v1->@Inject::onRemoveBlockEntity(Lnet/minecraft/util/math/BlockPos;Lorg/spongepowered/asm/mixin/injection/callback/CallbackInfo;Lnet/minecraft/block/entity/BlockEntity;)V has 0 override(s) in child classes
[11:21:10] [main/DEBUG] (FabricLoader/Mixin) fabric-lifecycle-events-v1.client.mixins.json:WorldChunkMixin from mod fabric-lifecycle-events-v1->@Inject::onRemoveBlockEntity(Lnet/minecraft/util/math/BlockPos;Lorg/spongepowered/asm/mixin/injection/callback/CallbackInfo;Lnet/minecraft/block/entity/BlockEntity;)V won't be passed a CallbackInfo as a result
[11:21:10] [main/DEBUG] (FabricLoader/Mixin) fabric-data-attachment-api-v1.mixins.json:WorldChunkMixin from mod fabric-data-attachment-api-v1->@Inject::transferProtoChunkAttachement(Lnet/minecraft/server/world/ServerWorld;Lnet/minecraft/world/chunk/ProtoChunk;Lnet/minecraft/world/chunk/WorldChunk$EntityLoader;Lorg/spongepowered/asm/mixin/injection/callback/CallbackInfo;)V doesn't use it's CallbackInfo
[11:21:10] [main/DEBUG] (FabricLoader/Mixin) fabric-data-attachment-api-v1.mixins.json:WorldChunkMixin from mod fabric-data-attachment-api-v1->@Inject::transferProtoChunkAttachement(Lnet/minecraft/server/world/ServerWorld;Lnet/minecraft/world/chunk/ProtoChunk;Lnet/minecraft/world/chunk/WorldChunk$EntityLoader;Lorg/spongepowered/asm/mixin/injection/callback/CallbackInfo;)V has 0 override(s) in child classes
[11:21:10] [main/DEBUG] (FabricLoader/Mixin) fabric-data-attachment-api-v1.mixins.json:WorldChunkMixin from mod fabric-data-attachment-api-v1->@Inject::transferProtoChunkAttachement(Lnet/minecraft/server/world/ServerWorld;Lnet/minecraft/world/chunk/ProtoChunk;Lnet/minecraft/world/chunk/WorldChunk$EntityLoader;Lorg/spongepowered/asm/mixin/injection/callback/CallbackInfo;)V won't be passed a CallbackInfo as a result
[11:21:10] [main/DEBUG] (FabricLoader/Mixin) Mixing VillagerEntityMixin from fabric-entity-events-v1.mixins.json into net.minecraft.entity.passive.VillagerEntity
[11:21:10] [main/DEBUG] (FabricLoader/Mixin) fabric-entity-events-v1.mixins.json:VillagerEntityMixin from mod fabric-entity-events-v1: Class version 61 required is higher than the class version supported by the current version of Mixin (JAVA_16 supports class version 60)
[11:21:10] [main/DEBUG] (FabricLoader/Mixin) Mixing VillagerEntityAccessor from fabric-content-registries-v0.mixins.json into net.minecraft.entity.passive.VillagerEntity
[11:21:10] [main/DEBUG] (FabricLoader/Mixin) fabric-content-registries-v0.mixins.json:VillagerEntityAccessor from mod fabric-content-registries-v0: Class version 61 required is higher than the class version supported by the current version of Mixin (JAVA_16 supports class version 60)
[11:21:10] [main/DEBUG] (FabricLoader/Mixin) Renaming @Accessor method fabric_setItemFoodValues(Ljava/util/Map;)V to fabric_setItemFoodValues$fabric-content-registries-v0_$md$5ebeb3$0 in fabric-content-registries-v0.mixins.json:VillagerEntityAccessor from mod fabric-content-registries-v0
[11:21:10] [main/DEBUG] (FabricLoader/Mixin) Renaming @Accessor method fabric_setGatherableItems(Ljava/util/Set;)V to fabric_setGatherableItems$fabric-content-registries-v0_$md$5ebeb3$1 in fabric-content-registries-v0.mixins.json:VillagerEntityAccessor from mod fabric-content-registries-v0
[11:21:10] [main/DEBUG] (FabricLoader/Mixin) Renaming @Accessor method fabric_getGatherableItems()Ljava/util/Set; to fabric_getGatherableItems$fabric-content-registries-v0_$md$5ebeb3$2 in fabric-content-registries-v0.mixins.json:VillagerEntityAccessor from mod fabric-content-registries-v0
[11:21:10] [main/DEBUG] (FabricLoader/Mixin) Mixing ingredient.IngredientMixin from fabric-recipe-api-v1.mixins.json into net.minecraft.recipe.Ingredient
[11:21:10] [main/DEBUG] (FabricLoader/Mixin) fabric-recipe-api-v1.mixins.json:ingredient.IngredientMixin from mod fabric-recipe-api-v1->@Inject::injectFromJson(Lcom/google/gson/JsonElement;ZLorg/spongepowered/asm/mixin/injection/callback/CallbackInfoReturnable;)V does use it's CallbackInfoReturnable
[11:21:10] [main/DEBUG] (FabricLoader/Mixin) fabric-recipe-api-v1.mixins.json:ingredient.IngredientMixin from mod fabric-recipe-api-v1->@Inject::injectEntryFromJson(Lcom/google/gson/JsonObject;Lorg/spongepowered/asm/mixin/injection/callback/CallbackInfoReturnable;)V doesn't use it's CallbackInfoReturnable
[11:21:10] [main/DEBUG] (FabricLoader/Mixin) fabric-recipe-api-v1.mixins.json:ingredient.IngredientMixin from mod fabric-recipe-api-v1->@Inject::injectFromPacket(Lnet/minecraft/network/PacketByteBuf;Lorg/spongepowered/asm/mixin/injection/callback/CallbackInfoReturnable;)V does use it's CallbackInfoReturnable
[11:21:10] [main/DEBUG] (FabricLoader/Mixin) Mixing ServerPlayNetworkHandlerMixin from fabric-networking-api-v1.mixins.json into net.minecraft.server.network.ServerPlayNetworkHandler
[11:21:10] [main/DEBUG] (FabricLoader/Mixin) fabric-networking-api-v1.mixins.json:ServerPlayNetworkHandlerMixin from mod fabric-networking-api-v1: Class version 61 required is higher than the class version supported by the current version of Mixin (JAVA_16 supports class version 60)
[11:21:10] [main/DEBUG] (FabricLoader/Mixin) Mixing accessor.ServerPlayNetworkHandlerAccessor from fabric-networking-api-v1.mixins.json into net.minecraft.server.network.ServerPlayNetworkHandler
[11:21:10] [main/DEBUG] (FabricLoader/Mixin) fabric-networking-api-v1.mixins.json:accessor.ServerPlayNetworkHandlerAccessor from mod fabric-networking-api-v1: Class version 61 required is higher than the class version supported by the current version of Mixin (JAVA_16 supports class version 60)
[11:21:10] [main/DEBUG] (FabricLoader/Mixin) fabric-networking-api-v1.mixins.json:ServerPlayNetworkHandlerMixin from mod fabric-networking-api-v1->@Inject::initAddon(Lorg/spongepowered/asm/mixin/injection/callback/CallbackInfo;)V doesn't use it's CallbackInfo
[11:21:10] [main/DEBUG] (FabricLoader/Mixin) fabric-networking-api-v1.mixins.json:ServerPlayNetworkHandlerMixin from mod fabric-networking-api-v1->@Inject::initAddon(Lorg/spongepowered/asm/mixin/injection/callback/CallbackInfo;)V has 0 override(s) in child classes
[11:21:10] [main/DEBUG] (FabricLoader/Mixin) fabric-networking-api-v1.mixins.json:ServerPlayNetworkHandlerMixin from mod fabric-networking-api-v1->@Inject::initAddon(Lorg/spongepowered/asm/mixin/injection/callback/CallbackInfo;)V won't be passed a CallbackInfo as a result
[11:21:10] [main/DEBUG] (FabricLoader/Mixin) fabric-networking-api-v1.mixins.json:ServerPlayNetworkHandlerMixin from mod fabric-networking-api-v1->@Inject::handleCustomPayloadReceivedAsync(Lnet/minecraft/network/packet/c2s/play/CustomPayloadC2SPacket;Lorg/spongepowered/asm/mixin/injection/callback/CallbackInfo;)V does use it's CallbackInfo
[11:21:10] [main/DEBUG] (FabricLoader/Mixin) fabric-networking-api-v1.mixins.json:ServerPlayNetworkHandlerMixin from mod fabric-networking-api-v1->@Inject::handleDisconnection(Lnet/minecraft/text/Text;Lorg/spongepowered/asm/mixin/injection/callback/CallbackInfo;)V doesn't use it's CallbackInfo
[11:21:10] [main/DEBUG] (FabricLoader/Mixin) fabric-networking-api-v1.mixins.json:ServerPlayNetworkHandlerMixin from mod fabric-networking-api-v1->@Inject::handleDisconnection(Lnet/minecraft/text/Text;Lorg/spongepowered/asm/mixin/injection/callback/CallbackInfo;)V has 0 override(s) in child classes
[11:21:10] [main/DEBUG] (FabricLoader/Mixin) fabric-networking-api-v1.mixins.json:ServerPlayNetworkHandlerMixin from mod fabric-networking-api-v1->@Inject::handleDisconnection(Lnet/minecraft/text/Text;Lorg/spongepowered/asm/mixin/injection/callback/CallbackInfo;)V won't be passed a CallbackInfo as a result
[11:21:12] [main/DEBUG] (FabricLoader/Mixin) Mixing EntitySelectorOptionsAccessor from fabric-command-api-v2.mixins.json into net.minecraft.command.EntitySelectorOptions
[11:21:12] [main/DEBUG] (FabricLoader/Mixin) fabric-command-api-v2.mixins.json:EntitySelectorOptionsAccessor from mod fabric-command-api-v2: Class version 61 required is higher than the class version supported by the current version of Mixin (JAVA_16 supports class version 60)
[11:21:12] [main/DEBUG] (FabricLoader/Mixin) Renaming @Invoker method callPutOption(Ljava/lang/String;Lnet/minecraft/command/EntitySelectorOptions$SelectorHandler;Ljava/util/function/Predicate;Lnet/minecraft/text/Text;)V to callPutOption$fabric-command-api-v2_$md$5ebeb3$0 in fabric-command-api-v2.mixins.json:EntitySelectorOptionsAccessor from mod fabric-command-api-v2
[11:21:12] [main/DEBUG] (FabricLoader/Mixin) Mixing EntitySelectorReaderMixin from fabric-command-api-v2.mixins.json into net.minecraft.command.EntitySelectorReader
[11:21:12] [main/DEBUG] (FabricLoader/Mixin) fabric-command-api-v2.mixins.json:EntitySelectorReaderMixin from mod fabric-command-api-v2: Class version 61 required is higher than the class version supported by the current version of Mixin (JAVA_16 supports class version 60)
[11:21:12] [main/DEBUG] (FabricLoader/Mixin) Generating mapped inner class net/minecraft/block/entity/ChiseledBookshelfBlockEntity$Anonymous$7c999d448caf49d6a69e84dba4b3449a (originally net/fabricmc/fabric/mixin/transfer/ChiseledBookshelfBlockEntityMixin$1)
[11:21:12] [main/DEBUG] (FabricLoader/Mixin) Mixing StructureTemplateManagerMixin from fabric-gametest-api-v1.mixins.json into net.minecraft.structure.StructureTemplateManager
[11:21:12] [main/DEBUG] (FabricLoader/Mixin) fabric-gametest-api-v1.mixins.json:StructureTemplateManagerMixin from mod fabric-gametest-api-v1: Class version 61 required is higher than the class version supported by the current version of Mixin (JAVA_16 supports class version 60)
[11:21:12] [main/DEBUG] (FabricLoader/Mixin) fabric-gametest-api-v1.mixins.json:StructureTemplateManagerMixin from mod fabric-gametest-api-v1->@Inject::addFabricTemplateProvider(Lnet/minecraft/resource/ResourceManager;Lnet/minecraft/world/level/storage/LevelStorage$Session;Lcom/mojang/datafixers/DataFixer;Lnet/minecraft/registry/RegistryEntryLookup;Lorg/spongepowered/asm/mixin/injection/callback/CallbackInfo;Lcom/google/common/collect/ImmutableList$Builder;)V doesn't use it's CallbackInfo
[11:21:12] [main/DEBUG] (FabricLoader/Mixin) fabric-gametest-api-v1.mixins.json:StructureTemplateManagerMixin from mod fabric-gametest-api-v1->@Inject::addFabricTemplateProvider(Lnet/minecraft/resource/ResourceManager;Lnet/minecraft/world/level/storage/LevelStorage$Session;Lcom/mojang/datafixers/DataFixer;Lnet/minecraft/registry/RegistryEntryLookup;Lorg/spongepowered/asm/mixin/injection/callback/CallbackInfo;Lcom/google/common/collect/ImmutableList$Builder;)V has 0 override(s) in child classes
[11:21:12] [main/DEBUG] (FabricLoader/Mixin) fabric-gametest-api-v1.mixins.json:StructureTemplateManagerMixin from mod fabric-gametest-api-v1->@Inject::addFabricTemplateProvider(Lnet/minecraft/resource/ResourceManager;Lnet/minecraft/world/level/storage/LevelStorage$Session;Lcom/mojang/datafixers/DataFixer;Lnet/minecraft/registry/RegistryEntryLookup;Lorg/spongepowered/asm/mixin/injection/callback/CallbackInfo;Lcom/google/common/collect/ImmutableList$Builder;)V won't be passed a CallbackInfo as a result
[11:21:13] [main/DEBUG] (FabricLoader/Mixin) Mixing SimpleInventoryMixin from fabric-transfer-api-v1.mixins.json into net.minecraft.inventory.SimpleInventory
[11:21:13] [main/DEBUG] (FabricLoader/Mixin) fabric-transfer-api-v1.mixins.json:SimpleInventoryMixin from mod fabric-transfer-api-v1: Class version 61 required is higher than the class version supported by the current version of Mixin (JAVA_16 supports class version 60)
[11:21:13] [main/DEBUG] (FabricLoader/Mixin) Mixing RecipeMixin from fabric-item-api-v1.mixins.json into net.minecraft.recipe.Recipe
[11:21:13] [main/DEBUG] (FabricLoader/Mixin) fabric-item-api-v1.mixins.json:RecipeMixin from mod fabric-item-api-v1: Class version 61 required is higher than the class version supported by the current version of Mixin (JAVA_16 supports class version 60)
[11:21:13] [main/DEBUG] (FabricLoader/Mixin) fabric-item-api-v1.mixins.json:RecipeMixin from mod fabric-item-api-v1->@Inject::captureStack(Lnet/minecraft/inventory/Inventory;Lorg/spongepowered/asm/mixin/injection/callback/CallbackInfoReturnable;Lnet/minecraft/util/collection/DefaultedList;I)V doesn't use it's CallbackInfoReturnable
[11:21:13] [main/DEBUG] (FabricLoader/Mixin) fabric-item-api-v1.mixins.json:RecipeMixin from mod fabric-item-api-v1->@Inject::captureStack(Lnet/minecraft/inventory/Inventory;Lorg/spongepowered/asm/mixin/injection/callback/CallbackInfoReturnable;Lnet/minecraft/util/collection/DefaultedList;I)V has 0 override(s) in child classes
[11:21:13] [main/DEBUG] (FabricLoader/Mixin) fabric-item-api-v1.mixins.json:RecipeMixin from mod fabric-item-api-v1->@Inject::captureStack(Lnet/minecraft/inventory/Inventory;Lorg/spongepowered/asm/mixin/injection/callback/CallbackInfoReturnable;Lnet/minecraft/util/collection/DefaultedList;I)V won't be passed a CallbackInfoReturnable as a result
[11:21:13] [main/DEBUG] (FabricLoader/Mixin) Mixing RegistryCodecsMixin from fabric-dimensions-v1.mixins.json into net.minecraft.registry.RegistryCodecs
[11:21:13] [main/DEBUG] (FabricLoader/Mixin) fabric-dimensions-v1.mixins.json:RegistryCodecsMixin from mod fabric-dimensions-v1: Class version 61 required is higher than the class version supported by the current version of Mixin (JAVA_16 supports class version 60)
[11:21:15] [main/DEBUG] (FabricLoader/Mixin) Mixing BiomeSourceMixin from fabric-biome-api-v1.mixins.json into net.minecraft.world.biome.source.BiomeSource
[11:21:15] [main/DEBUG] (FabricLoader/Mixin) fabric-biome-api-v1.mixins.json:BiomeSourceMixin from mod fabric-biome-api-v1: Class version 61 required is higher than the class version supported by the current version of Mixin (JAVA_16 supports class version 60)
[11:21:15] [main/DEBUG] (FabricLoader/Mixin) Mixing MultiNoiseBiomeSourceMixin from fabric-biome-api-v1.mixins.json into net.minecraft.world.biome.source.MultiNoiseBiomeSource
[11:21:15] [main/DEBUG] (FabricLoader/Mixin) fabric-biome-api-v1.mixins.json:MultiNoiseBiomeSourceMixin from mod fabric-biome-api-v1: Class version 61 required is higher than the class version supported by the current version of Mixin (JAVA_16 supports class version 60)
[11:21:15] [main/DEBUG] (FabricLoader/Mixin) Mixing NetherBiomePresetMixin from fabric-biome-api-v1.mixins.json into net.minecraft.world.biome.source.MultiNoiseBiomeSourceParameterList$Preset$1
[11:21:15] [main/DEBUG] (FabricLoader/Mixin) fabric-biome-api-v1.mixins.json:NetherBiomePresetMixin from mod fabric-biome-api-v1: Class version 61 required is higher than the class version supported by the current version of Mixin (JAVA_16 supports class version 60)
[11:21:15] [main/DEBUG] (FabricLoader/Mixin) fabric-biome-api-v1.mixins.json:NetherBiomePresetMixin from mod fabric-biome-api-v1->@Inject::apply(Ljava/util/function/Function;Lorg/spongepowered/asm/mixin/injection/callback/CallbackInfoReturnable;)V does use it's CallbackInfoReturnable
[11:21:15] [main/DEBUG] (FabricLoader/Mixin) Mixing TheEndBiomeSourceMixin from fabric-biome-api-v1.mixins.json into net.minecraft.world.biome.source.TheEndBiomeSource
[11:21:15] [main/DEBUG] (FabricLoader/Mixin) fabric-biome-api-v1.mixins.json:TheEndBiomeSourceMixin from mod fabric-biome-api-v1: Class version 61 required is higher than the class version supported by the current version of Mixin (JAVA_16 supports class version 60)
[11:21:15] [main/DEBUG] (FabricLoader/Mixin) Renaming synthetic method lambda$init$1(Lnet/minecraft/registry/RegistryEntryLookup;)Lnet/fabricmc/fabric/impl/biome/TheEndBiomeData$Overrides; to md5ebeb3$fabric-biome-api-v1$lambda$init$1$0 in fabric-biome-api-v1.mixins.json:TheEndBiomeSourceMixin from mod fabric-biome-api-v1
[11:21:15] [main/DEBUG] (FabricLoader/Mixin) Renaming synthetic method lambda$modifyCodec$0(Lcom/mojang/serialization/codecs/RecordCodecBuilder$Instance;)Lcom/mojang/datafixers/kinds/App; to md5ebeb3$fabric-biome-api-v1$lambda$modifyCodec$0$1 in fabric-biome-api-v1.mixins.json:TheEndBiomeSourceMixin from mod fabric-biome-api-v1
[11:21:15] [main/DEBUG] (FabricLoader/Mixin) fabric-biome-api-v1.mixins.json:TheEndBiomeSourceMixin from mod fabric-biome-api-v1->@Inject::modifyCodec(Lorg/spongepowered/asm/mixin/injection/callback/CallbackInfo;)V doesn't use it's CallbackInfo
[11:21:15] [main/DEBUG] (FabricLoader/Mixin) fabric-biome-api-v1.mixins.json:TheEndBiomeSourceMixin from mod fabric-biome-api-v1->@Inject::rememberLookup(Lnet/minecraft/registry/RegistryEntryLookup;Lorg/spongepowered/asm/mixin/injection/callback/CallbackInfoReturnable;)V doesn't use it's CallbackInfoReturnable
[11:21:15] [main/DEBUG] (FabricLoader/Mixin) fabric-biome-api-v1.mixins.json:TheEndBiomeSourceMixin from mod fabric-biome-api-v1->@Inject::clearLookup(Lnet/minecraft/registry/RegistryEntryLookup;Lorg/spongepowered/asm/mixin/injection/callback/CallbackInfoReturnable;)V doesn't use it's CallbackInfoReturnable
[11:21:15] [main/DEBUG] (FabricLoader/Mixin) fabric-biome-api-v1.mixins.json:TheEndBiomeSourceMixin from mod fabric-biome-api-v1->@Inject::init(Lnet/minecraft/registry/entry/RegistryEntry;Lnet/minecraft/registry/entry/RegistryEntry;Lnet/minecraft/registry/entry/RegistryEntry;Lnet/minecraft/registry/entry/RegistryEntry;Lnet/minecraft/registry/entry/RegistryEntry;Lorg/spongepowered/asm/mixin/injection/callback/CallbackInfo;)V doesn't use it's CallbackInfo
[11:21:15] [main/DEBUG] (FabricLoader/Mixin) fabric-biome-api-v1.mixins.json:TheEndBiomeSourceMixin from mod fabric-biome-api-v1->@Inject::init(Lnet/minecraft/registry/entry/RegistryEntry;Lnet/minecraft/registry/entry/RegistryEntry;Lnet/minecraft/registry/entry/RegistryEntry;Lnet/minecraft/registry/entry/RegistryEntry;Lnet/minecraft/registry/entry/RegistryEntry;Lorg/spongepowered/asm/mixin/injection/callback/CallbackInfo;)V has 0 override(s) in child classes
[11:21:15] [main/DEBUG] (FabricLoader/Mixin) fabric-biome-api-v1.mixins.json:TheEndBiomeSourceMixin from mod fabric-biome-api-v1->@Inject::init(Lnet/minecraft/registry/entry/RegistryEntry;Lnet/minecraft/registry/entry/RegistryEntry;Lnet/minecraft/registry/entry/RegistryEntry;Lnet/minecraft/registry/entry/RegistryEntry;Lnet/minecraft/registry/entry/RegistryEntry;Lorg/spongepowered/asm/mixin/injection/callback/CallbackInfo;)V won't be passed a CallbackInfo as a result
[11:21:15] [main/DEBUG] (FabricLoader/Mixin) fabric-biome-api-v1.mixins.json:TheEndBiomeSourceMixin from mod fabric-biome-api-v1->@Inject::getWeightedEndBiome(IIILnet/minecraft/world/biome/source/util/MultiNoiseUtil$MultiNoiseSampler;Lorg/spongepowered/asm/mixin/injection/callback/CallbackInfoReturnable;)V does use it's CallbackInfoReturnable
[11:21:15] [main/DEBUG] (FabricLoader/Mixin) fabric-biome-api-v1.mixins.json:TheEndBiomeSourceMixin from mod fabric-biome-api-v1->@Inject::getWeightedEndBiome(IIILnet/minecraft/world/biome/source/util/MultiNoiseUtil$MultiNoiseSampler;Lorg/spongepowered/asm/mixin/injection/callback/CallbackInfoReturnable;)V does use it's CallbackInfoReturnable
[11:21:15] [main/DEBUG] (FabricLoader/Mixin) fabric-biome-api-v1.mixins.json:TheEndBiomeSourceMixin from mod fabric-biome-api-v1->@Inject::getWeightedEndBiome(IIILnet/minecraft/world/biome/source/util/MultiNoiseUtil$MultiNoiseSampler;Lorg/spongepowered/asm/mixin/injection/callback/CallbackInfoReturnable;)V does use it's CallbackInfoReturnable
[11:21:15] [main/DEBUG] (FabricLoader/Mixin) fabric-biome-api-v1.mixins.json:TheEndBiomeSourceMixin from mod fabric-biome-api-v1->@Inject::getWeightedEndBiome(IIILnet/minecraft/world/biome/source/util/MultiNoiseUtil$MultiNoiseSampler;Lorg/spongepowered/asm/mixin/injection/callback/CallbackInfoReturnable;)V does use it's CallbackInfoReturnable
[11:21:15] [main/DEBUG] (FabricLoader/Mixin) fabric-biome-api-v1.mixins.json:TheEndBiomeSourceMixin from mod fabric-biome-api-v1->@Inject::getWeightedEndBiome(IIILnet/minecraft/world/biome/source/util/MultiNoiseUtil$MultiNoiseSampler;Lorg/spongepowered/asm/mixin/injection/callback/CallbackInfoReturnable;)V does use it's CallbackInfoReturnable
[11:21:15] [main/DEBUG] (FabricLoader/Mixin) Mixing DebugChunkGeneratorAccessor from fabric-registry-sync-v0.mixins.json into net.minecraft.world.gen.chunk.DebugChunkGenerator
[11:21:15] [main/DEBUG] (FabricLoader/Mixin) fabric-registry-sync-v0.mixins.json:DebugChunkGeneratorAccessor from mod fabric-registry-sync-v0: Class version 61 required is higher than the class version supported by the current version of Mixin (JAVA_16 supports class version 60)
[11:21:15] [main/DEBUG] (FabricLoader/Mixin) Renaming @Accessor method setBLOCK_STATES(Ljava/util/List;)V to setBLOCK_STATES$fabric-registry-sync-v0_$md$5ebeb3$0 in fabric-registry-sync-v0.mixins.json:DebugChunkGeneratorAccessor from mod fabric-registry-sync-v0
[11:21:15] [main/DEBUG] (FabricLoader/Mixin) Renaming @Accessor method setX_SIDE_LENGTH(I)V to setX_SIDE_LENGTH$fabric-registry-sync-v0_$md$5ebeb3$1 in fabric-registry-sync-v0.mixins.json:DebugChunkGeneratorAccessor from mod fabric-registry-sync-v0
[11:21:15] [main/DEBUG] (FabricLoader/Mixin) Renaming @Accessor method setZ_SIDE_LENGTH(I)V to setZ_SIDE_LENGTH$fabric-registry-sync-v0_$md$5ebeb3$2 in fabric-registry-sync-v0.mixins.json:DebugChunkGeneratorAccessor from mod fabric-registry-sync-v0
[11:21:16] [main/DEBUG] (FabricLoader/Mixin) Generating mapped inner class net/minecraft/item/ItemGroups$1ItemGroupPosition$bfb4ff55c0e3455b99945d5518d638f0 (originally net/fabricmc/fabric/mixin/itemgroup/ItemGroupsMixin$1ItemGroupPosition)
[11:21:16] [main/DEBUG] (FabricLoader/Mixin) Mixing DefaultAttributeRegistryAccessor from fabric-object-builder-v1.mixins.json into net.minecraft.entity.attribute.DefaultAttributeRegistry
[11:21:16] [main/DEBUG] (FabricLoader/Mixin) fabric-object-builder-v1.mixins.json:DefaultAttributeRegistryAccessor from mod fabric-object-builder-api-v1: Class version 61 required is higher than the class version supported by the current version of Mixin (JAVA_16 supports class version 60)
[11:21:16] [main/DEBUG] (FabricLoader/Mixin) Renaming @Accessor method getRegistry()Ljava/util/Map; to getRegistry$fabric-object-builder-api-v1_$md$5ebeb3$0 in fabric-object-builder-v1.mixins.json:DefaultAttributeRegistryAccessor from mod fabric-object-builder-api-v1
[11:21:16] [main/DEBUG] (FabricLoader/Mixin) Mixing DefaultAttributeRegistryMixin from fabric-object-builder-v1.mixins.json into net.minecraft.entity.attribute.DefaultAttributeRegistry
[11:21:16] [main/DEBUG] (FabricLoader/Mixin) fabric-object-builder-v1.mixins.json:DefaultAttributeRegistryMixin from mod fabric-object-builder-api-v1: Class version 61 required is higher than the class version supported by the current version of Mixin (JAVA_16 supports class version 60)
[11:21:16] [main/DEBUG] (FabricLoader/Mixin) fabric-object-builder-v1.mixins.json:DefaultAttributeRegistryMixin from mod fabric-object-builder-api-v1->@Inject::injectAttributes(Lorg/spongepowered/asm/mixin/injection/callback/CallbackInfo;)V doesn't use it's CallbackInfo
[11:21:16] [Render thread/DEBUG] (FabricLoader/Mixin) Mixing MinecraftClientMixin from fabric-screen-api-v1.mixins.json into net.minecraft.client.MinecraftClient
[11:21:16] [Render thread/DEBUG] (FabricLoader/Mixin) fabric-screen-api-v1.mixins.json:MinecraftClientMixin from mod fabric-screen-api-v1: Class version 61 required is higher than the class version supported by the current version of Mixin (JAVA_16 supports class version 60)
[11:21:16] [Render thread/DEBUG] (FabricLoader/Mixin) Renaming @Unique field LOGGERLorg/slf4j/Logger; to fd5ebeb3$LOGGER$0 in fabric-screen-api-v1.mixins.json:MinecraftClientMixin from mod fabric-screen-api-v1
[11:21:16] [Render thread/DEBUG] (FabricLoader/Mixin) Mixing MinecraftClientMixin from fabric-data-generation-api-v1.client.mixins.json into net.minecraft.client.MinecraftClient
[11:21:16] [Render thread/DEBUG] (FabricLoader/Mixin) fabric-data-generation-api-v1.client.mixins.json:MinecraftClientMixin from mod fabric-data-generation-api-v1: Class version 61 required is higher than the class version supported by the current version of Mixin (JAVA_16 supports class version 60)
[11:21:16] [Render thread/DEBUG] (FabricLoader/Mixin) Mixing MinecraftClientMixin from fabric-lifecycle-events-v1.client.mixins.json into net.minecraft.client.MinecraftClient
[11:21:16] [Render thread/DEBUG] (FabricLoader/Mixin) fabric-lifecycle-events-v1.client.mixins.json:MinecraftClientMixin from mod fabric-lifecycle-events-v1: Class version 61 required is higher than the class version supported by the current version of Mixin (JAVA_16 supports class version 60)
[11:21:16] [Render thread/DEBUG] (FabricLoader/Mixin) Mixing accessor.MinecraftClientAccessor from fabric-networking-api-v1.client.mixins.json into net.minecraft.client.MinecraftClient
[11:21:16] [Render thread/DEBUG] (FabricLoader/Mixin) fabric-networking-api-v1.client.mixins.json:accessor.MinecraftClientAccessor from mod fabric-networking-api-v1: Class version 61 required is higher than the class version supported by the current version of Mixin (JAVA_16 supports class version 60)
[11:21:16] [Render thread/DEBUG] (FabricLoader/Mixin) Mixing MinecraftClientMixin from fabric-registry-sync-v0.client.mixins.json into net.minecraft.client.MinecraftClient
[11:21:16] [Render thread/DEBUG] (FabricLoader/Mixin) fabric-registry-sync-v0.client.mixins.json:MinecraftClientMixin from mod fabric-registry-sync-v0: Class version 61 required is higher than the class version supported by the current version of Mixin (JAVA_16 supports class version 60)
[11:21:16] [Render thread/DEBUG] (FabricLoader/Mixin) Mixing MinecraftClientMixin from fabric-events-interaction-v0.client.mixins.json into net.minecraft.client.MinecraftClient
[11:21:16] [Render thread/DEBUG] (FabricLoader/Mixin) fabric-events-interaction-v0.client.mixins.json:MinecraftClientMixin from mod fabric-events-interaction-v0: Class version 61 required is higher than the class version supported by the current version of Mixin (JAVA_16 supports class version 60)
[11:21:16] [Render thread/DEBUG] (FabricLoader/Mixin) fabric-screen-api-v1.mixins.json:MinecraftClientMixin from mod fabric-screen-api-v1->@Inject::checkThreadOnDev(Lnet/minecraft/client/gui/screen/Screen;Lorg/spongepowered/asm/mixin/injection/callback/CallbackInfo;)V doesn't use it's CallbackInfo
[11:21:16] [Render thread/DEBUG] (FabricLoader/Mixin) fabric-screen-api-v1.mixins.json:MinecraftClientMixin from mod fabric-screen-api-v1->@Inject::checkThreadOnDev(Lnet/minecraft/client/gui/screen/Screen;Lorg/spongepowered/asm/mixin/injection/callback/CallbackInfo;)V has 0 override(s) in child classes
[11:21:16] [Render thread/DEBUG] (FabricLoader/Mixin) fabric-screen-api-v1.mixins.json:MinecraftClientMixin from mod fabric-screen-api-v1->@Inject::checkThreadOnDev(Lnet/minecraft/client/gui/screen/Screen;Lorg/spongepowered/asm/mixin/injection/callback/CallbackInfo;)V won't be passed a CallbackInfo as a result
[11:21:16] [Render thread/DEBUG] (FabricLoader/Mixin) fabric-screen-api-v1.mixins.json:MinecraftClientMixin from mod fabric-screen-api-v1->@Inject::onScreenRemove(Lnet/minecraft/client/gui/screen/Screen;Lorg/spongepowered/asm/mixin/injection/callback/CallbackInfo;)V doesn't use it's CallbackInfo
[11:21:16] [Render thread/DEBUG] (FabricLoader/Mixin) fabric-screen-api-v1.mixins.json:MinecraftClientMixin from mod fabric-screen-api-v1->@Inject::onScreenRemove(Lnet/minecraft/client/gui/screen/Screen;Lorg/spongepowered/asm/mixin/injection/callback/CallbackInfo;)V has 0 override(s) in child classes
[11:21:16] [Render thread/DEBUG] (FabricLoader/Mixin) fabric-screen-api-v1.mixins.json:MinecraftClientMixin from mod fabric-screen-api-v1->@Inject::onScreenRemove(Lnet/minecraft/client/gui/screen/Screen;Lorg/spongepowered/asm/mixin/injection/callback/CallbackInfo;)V won't be passed a CallbackInfo as a result
[11:21:16] [Render thread/DEBUG] (FabricLoader/Mixin) fabric-screen-api-v1.mixins.json:MinecraftClientMixin from mod fabric-screen-api-v1->@Inject::onScreenRemoveBecauseStopping(Lorg/spongepowered/asm/mixin/injection/callback/CallbackInfo;)V doesn't use it's CallbackInfo
[11:21:16] [Render thread/DEBUG] (FabricLoader/Mixin) fabric-screen-api-v1.mixins.json:MinecraftClientMixin from mod fabric-screen-api-v1->@Inject::onScreenRemoveBecauseStopping(Lorg/spongepowered/asm/mixin/injection/callback/CallbackInfo;)V has 0 override(s) in child classes
[11:21:16] [Render thread/DEBUG] (FabricLoader/Mixin) fabric-screen-api-v1.mixins.json:MinecraftClientMixin from mod fabric-screen-api-v1->@Inject::onScreenRemoveBecauseStopping(Lorg/spongepowered/asm/mixin/injection/callback/CallbackInfo;)V won't be passed a CallbackInfo as a result
[11:21:16] [Render thread/DEBUG] (FabricLoader/Mixin) fabric-screen-api-v1.mixins.json:MinecraftClientMixin from mod fabric-screen-api-v1->@Inject::beforeScreenTick(Lorg/spongepowered/asm/mixin/injection/callback/CallbackInfo;)V doesn't use it's CallbackInfo
[11:21:16] [Render thread/DEBUG] (FabricLoader/Mixin) fabric-screen-api-v1.mixins.json:MinecraftClientMixin from mod fabric-screen-api-v1->@Inject::beforeScreenTick(Lorg/spongepowered/asm/mixin/injection/callback/CallbackInfo;)V has 0 override(s) in child classes
[11:21:16] [Render thread/DEBUG] (FabricLoader/Mixin) fabric-screen-api-v1.mixins.json:MinecraftClientMixin from mod fabric-screen-api-v1->@Inject::beforeScreenTick(Lorg/spongepowered/asm/mixin/injection/callback/CallbackInfo;)V won't be passed a CallbackInfo as a result
[11:21:16] [Render thread/DEBUG] (FabricLoader/Mixin) fabric-screen-api-v1.mixins.json:MinecraftClientMixin from mod fabric-screen-api-v1->@Inject::afterScreenTick(Lorg/spongepowered/asm/mixin/injection/callback/CallbackInfo;)V doesn't use it's CallbackInfo
[11:21:16] [Render thread/DEBUG] (FabricLoader/Mixin) fabric-screen-api-v1.mixins.json:MinecraftClientMixin from mod fabric-screen-api-v1->@Inject::afterScreenTick(Lorg/spongepowered/asm/mixin/injection/callback/CallbackInfo;)V has 0 override(s) in child classes
[11:21:16] [Render thread/DEBUG] (FabricLoader/Mixin) fabric-screen-api-v1.mixins.json:MinecraftClientMixin from mod fabric-screen-api-v1->@Inject::afterScreenTick(Lorg/spongepowered/asm/mixin/injection/callback/CallbackInfo;)V won't be passed a CallbackInfo as a result
[11:21:16] [Render thread/DEBUG] (FabricLoader/Mixin) fabric-screen-api-v1.mixins.json:MinecraftClientMixin from mod fabric-screen-api-v1->@Inject::beforeLoadingScreenTick(Lorg/spongepowered/asm/mixin/injection/callback/CallbackInfo;)V doesn't use it's CallbackInfo
[11:21:16] [Render thread/DEBUG] (FabricLoader/Mixin) fabric-screen-api-v1.mixins.json:MinecraftClientMixin from mod fabric-screen-api-v1->@Inject::beforeLoadingScreenTick(Lorg/spongepowered/asm/mixin/injection/callback/CallbackInfo;)V has 0 override(s) in child classes
[11:21:16] [Render thread/DEBUG] (FabricLoader/Mixin) fabric-screen-api-v1.mixins.json:MinecraftClientMixin from mod fabric-screen-api-v1->@Inject::beforeLoadingScreenTick(Lorg/spongepowered/asm/mixin/injection/callback/CallbackInfo;)V won't be passed a CallbackInfo as a result
[11:21:16] [Render thread/DEBUG] (FabricLoader/Mixin) fabric-screen-api-v1.mixins.json:MinecraftClientMixin from mod fabric-screen-api-v1->@Inject::afterLoadingScreenTick(Lorg/spongepowered/asm/mixin/injection/callback/CallbackInfo;)V doesn't use it's CallbackInfo
[11:21:16] [Render thread/DEBUG] (FabricLoader/Mixin) fabric-screen-api-v1.mixins.json:MinecraftClientMixin from mod fabric-screen-api-v1->@Inject::afterLoadingScreenTick(Lorg/spongepowered/asm/mixin/injection/callback/CallbackInfo;)V has 0 override(s) in child classes
[11:21:16] [Render thread/DEBUG] (FabricLoader/Mixin) fabric-screen-api-v1.mixins.json:MinecraftClientMixin from mod fabric-screen-api-v1->@Inject::afterLoadingScreenTick(Lorg/spongepowered/asm/mixin/injection/callback/CallbackInfo;)V won't be passed a CallbackInfo as a result
[11:21:16] [Render thread/DEBUG] (FabricLoader/Mixin) fabric-data-generation-api-v1.client.mixins.json:MinecraftClientMixin from mod fabric-data-generation-api-v1->@Inject::main(Lorg/spongepowered/asm/mixin/injection/callback/CallbackInfo;)V doesn't use it's CallbackInfo
[11:21:16] [Render thread/DEBUG] (FabricLoader/Mixin) fabric-data-generation-api-v1.client.mixins.json:MinecraftClientMixin from mod fabric-data-generation-api-v1->@Inject::main(Lorg/spongepowered/asm/mixin/injection/callback/CallbackInfo;)V has 0 override(s) in child classes
[11:21:16] [Render thread/DEBUG] (FabricLoader/Mixin) fabric-data-generation-api-v1.client.mixins.json:MinecraftClientMixin from mod fabric-data-generation-api-v1->@Inject::main(Lorg/spongepowered/asm/mixin/injection/callback/CallbackInfo;)V won't be passed a CallbackInfo as a result
[11:21:16] [Render thread/DEBUG] (FabricLoader/Mixin) fabric-lifecycle-events-v1.client.mixins.json:MinecraftClientMixin from mod fabric-lifecycle-events-v1->@Inject::onStartTick(Lorg/spongepowered/asm/mixin/injection/callback/CallbackInfo;)V doesn't use it's CallbackInfo
[11:21:16] [Render thread/DEBUG] (FabricLoader/Mixin) fabric-lifecycle-events-v1.client.mixins.json:MinecraftClientMixin from mod fabric-lifecycle-events-v1->@Inject::onStartTick(Lorg/spongepowered/asm/mixin/injection/callback/CallbackInfo;)V has 0 override(s) in child classes
[11:21:16] [Render thread/DEBUG] (FabricLoader/Mixin) fabric-lifecycle-events-v1.client.mixins.json:MinecraftClientMixin from mod fabric-lifecycle-events-v1->@Inject::onStartTick(Lorg/spongepowered/asm/mixin/injection/callback/CallbackInfo;)V won't be passed a CallbackInfo as a result
[11:21:16] [Render thread/DEBUG] (FabricLoader/Mixin) fabric-lifecycle-events-v1.client.mixins.json:MinecraftClientMixin from mod fabric-lifecycle-events-v1->@Inject::onEndTick(Lorg/spongepowered/asm/mixin/injection/callback/CallbackInfo;)V doesn't use it's CallbackInfo
[11:21:16] [Render thread/DEBUG] (FabricLoader/Mixin) fabric-lifecycle-events-v1.client.mixins.json:MinecraftClientMixin from mod fabric-lifecycle-events-v1->@Inject::onEndTick(Lorg/spongepowered/asm/mixin/injection/callback/CallbackInfo;)V has 0 override(s) in child classes
[11:21:16] [Render thread/DEBUG] (FabricLoader/Mixin) fabric-lifecycle-events-v1.client.mixins.json:MinecraftClientMixin from mod fabric-lifecycle-events-v1->@Inject::onEndTick(Lorg/spongepowered/asm/mixin/injection/callback/CallbackInfo;)V won't be passed a CallbackInfo as a result
[11:21:16] [Render thread/DEBUG] (FabricLoader/Mixin) fabric-lifecycle-events-v1.client.mixins.json:MinecraftClientMixin from mod fabric-lifecycle-events-v1->@Inject::onStopping(Lorg/spongepowered/asm/mixin/injection/callback/CallbackInfo;)V doesn't use it's CallbackInfo
[11:21:16] [Render thread/DEBUG] (FabricLoader/Mixin) fabric-lifecycle-events-v1.client.mixins.json:MinecraftClientMixin from mod fabric-lifecycle-events-v1->@Inject::onStopping(Lorg/spongepowered/asm/mixin/injection/callback/CallbackInfo;)V has 0 override(s) in child classes
[11:21:16] [Render thread/DEBUG] (FabricLoader/Mixin) fabric-lifecycle-events-v1.client.mixins.json:MinecraftClientMixin from mod fabric-lifecycle-events-v1->@Inject::onStopping(Lorg/spongepowered/asm/mixin/injection/callback/CallbackInfo;)V won't be passed a CallbackInfo as a result
[11:21:16] [Render thread/DEBUG] (FabricLoader/Mixin) fabric-lifecycle-events-v1.client.mixins.json:MinecraftClientMixin from mod fabric-lifecycle-events-v1->@Inject::onStart(Lorg/spongepowered/asm/mixin/injection/callback/CallbackInfo;)V doesn't use it's CallbackInfo
[11:21:16] [Render thread/DEBUG] (FabricLoader/Mixin) fabric-lifecycle-events-v1.client.mixins.json:MinecraftClientMixin from mod fabric-lifecycle-events-v1->@Inject::onStart(Lorg/spongepowered/asm/mixin/injection/callback/CallbackInfo;)V has 0 override(s) in child classes
[11:21:16] [Render thread/DEBUG] (FabricLoader/Mixin) fabric-lifecycle-events-v1.client.mixins.json:MinecraftClientMixin from mod fabric-lifecycle-events-v1->@Inject::onStart(Lorg/spongepowered/asm/mixin/injection/callback/CallbackInfo;)V won't be passed a CallbackInfo as a result
[11:21:16] [Render thread/DEBUG] (FabricLoader/Mixin) fabric-registry-sync-v0.client.mixins.json:MinecraftClientMixin from mod fabric-registry-sync-v0->@Inject::disconnectAfter(Lnet/minecraft/client/gui/screen/Screen;Lorg/spongepowered/asm/mixin/injection/callback/CallbackInfo;)V doesn't use it's CallbackInfo
[11:21:16] [Render thread/DEBUG] (FabricLoader/Mixin) fabric-registry-sync-v0.client.mixins.json:MinecraftClientMixin from mod fabric-registry-sync-v0->@Inject::disconnectAfter(Lnet/minecraft/client/gui/screen/Screen;Lorg/spongepowered/asm/mixin/injection/callback/CallbackInfo;)V has 0 override(s) in child classes
[11:21:16] [Render thread/DEBUG] (FabricLoader/Mixin) fabric-registry-sync-v0.client.mixins.json:MinecraftClientMixin from mod fabric-registry-sync-v0->@Inject::disconnectAfter(Lnet/minecraft/client/gui/screen/Screen;Lorg/spongepowered/asm/mixin/injection/callback/CallbackInfo;)V won't be passed a CallbackInfo as a result
[11:21:16] [Render thread/DEBUG] (FabricLoader/Mixin) fabric-registry-sync-v0.client.mixins.json:MinecraftClientMixin from mod fabric-registry-sync-v0->@Inject::onStart(Lorg/spongepowered/asm/mixin/injection/callback/CallbackInfo;)V doesn't use it's CallbackInfo
[11:21:16] [Render thread/DEBUG] (FabricLoader/Mixin) fabric-registry-sync-v0.client.mixins.json:MinecraftClientMixin from mod fabric-registry-sync-v0->@Inject::onStart(Lorg/spongepowered/asm/mixin/injection/callback/CallbackInfo;)V has 0 override(s) in child classes
[11:21:16] [Render thread/DEBUG] (FabricLoader/Mixin) fabric-registry-sync-v0.client.mixins.json:MinecraftClientMixin from mod fabric-registry-sync-v0->@Inject::onStart(Lorg/spongepowered/asm/mixin/injection/callback/CallbackInfo;)V won't be passed a CallbackInfo as a result
[11:21:16] [Render thread/DEBUG] (FabricLoader/Mixin) fabric-events-interaction-v0.client.mixins.json:MinecraftClientMixin from mod fabric-events-interaction-v0->@Inject::fabric_doItemPickWrapper(Lorg/spongepowered/asm/mixin/injection/callback/CallbackInfo;)V does use it's CallbackInfo
[11:21:16] [Render thread/DEBUG] (FabricLoader/Mixin) fabric-events-interaction-v0.client.mixins.json:MinecraftClientMixin from mod fabric-events-interaction-v0->@Inject::cancelItemPick(Lorg/spongepowered/asm/mixin/injection/callback/CallbackInfo;)V does use it's CallbackInfo
[11:21:16] [Render thread/DEBUG] (FabricLoader/Mixin) fabric-events-interaction-v0.client.mixins.json:MinecraftClientMixin from mod fabric-events-interaction-v0->@Inject::injectUseEntityCallback(Lorg/spongepowered/asm/mixin/injection/callback/CallbackInfo;[Lnet/minecraft/util/Hand;IILnet/minecraft/util/Hand;Lnet/minecraft/item/ItemStack;Lnet/minecraft/util/hit/EntityHitResult;Lnet/minecraft/entity/Entity;)V does use it's CallbackInfo
[11:21:16] [Render thread/DEBUG] (FabricLoader/Mixin) fabric-events-interaction-v0.client.mixins.json:MinecraftClientMixin from mod fabric-events-interaction-v0->@Inject::injectHandleInputEventsForPreAttackCallback(Lorg/spongepowered/asm/mixin/injection/callback/CallbackInfo;)V doesn't use it's CallbackInfo
[11:21:16] [Render thread/DEBUG] (FabricLoader/Mixin) fabric-events-interaction-v0.client.mixins.json:MinecraftClientMixin from mod fabric-events-interaction-v0->@Inject::injectHandleInputEventsForPreAttackCallback(Lorg/spongepowered/asm/mixin/injection/callback/CallbackInfo;)V has 0 override(s) in child classes
[11:21:16] [Render thread/DEBUG] (FabricLoader/Mixin) fabric-events-interaction-v0.client.mixins.json:MinecraftClientMixin from mod fabric-events-interaction-v0->@Inject::injectHandleInputEventsForPreAttackCallback(Lorg/spongepowered/asm/mixin/injection/callback/CallbackInfo;)V won't be passed a CallbackInfo as a result
[11:21:16] [Render thread/DEBUG] (FabricLoader/Mixin) fabric-events-interaction-v0.client.mixins.json:MinecraftClientMixin from mod fabric-events-interaction-v0->@Inject::injectDoAttackForCancelling(Lorg/spongepowered/asm/mixin/injection/callback/CallbackInfoReturnable;)V does use it's CallbackInfoReturnable
[11:21:16] [Render thread/DEBUG] (FabricLoader/Mixin) fabric-events-interaction-v0.client.mixins.json:MinecraftClientMixin from mod fabric-events-interaction-v0->@Inject::injectHandleBlockBreakingForCancelling(ZLorg/spongepowered/asm/mixin/injection/callback/CallbackInfo;)V does use it's CallbackInfo
[11:21:16] [Render thread/DEBUG] (FabricLoader/Mixin) Mixing ScreenAccessor from fabric-screen-api-v1.mixins.json into net.minecraft.client.gui.screen.Screen
[11:21:16] [Render thread/DEBUG] (FabricLoader/Mixin) fabric-screen-api-v1.mixins.json:ScreenAccessor from mod fabric-screen-api-v1: Class version 61 required is higher than the class version supported by the current version of Mixin (JAVA_16 supports class version 60)
[11:21:16] [Render thread/DEBUG] (FabricLoader/Mixin) Mixing ScreenMixin from fabric-screen-api-v1.mixins.json into net.minecraft.client.gui.screen.Screen
[11:21:16] [Render thread/DEBUG] (FabricLoader/Mixin) fabric-screen-api-v1.mixins.json:ScreenMixin from mod fabric-screen-api-v1: Class version 61 required is higher than the class version supported by the current version of Mixin (JAVA_16 supports class version 60)
[11:21:16] [Render thread/DEBUG] (FabricLoader/Mixin) fabric-screen-api-v1.mixins.json:ScreenMixin from mod fabric-screen-api-v1->@Inject::beforeInitScreen(Lnet/minecraft/client/MinecraftClient;IILorg/spongepowered/asm/mixin/injection/callback/CallbackInfo;)V doesn't use it's CallbackInfo
[11:21:16] [Render thread/DEBUG] (FabricLoader/Mixin) fabric-screen-api-v1.mixins.json:ScreenMixin from mod fabric-screen-api-v1->@Inject::beforeInitScreen(Lnet/minecraft/client/MinecraftClient;IILorg/spongepowered/asm/mixin/injection/callback/CallbackInfo;)V has 0 override(s) in child classes
[11:21:16] [Render thread/DEBUG] (FabricLoader/Mixin) fabric-screen-api-v1.mixins.json:ScreenMixin from mod fabric-screen-api-v1->@Inject::beforeInitScreen(Lnet/minecraft/client/MinecraftClient;IILorg/spongepowered/asm/mixin/injection/callback/CallbackInfo;)V won't be passed a CallbackInfo as a result
[11:21:16] [Render thread/DEBUG] (FabricLoader/Mixin) fabric-screen-api-v1.mixins.json:ScreenMixin from mod fabric-screen-api-v1->@Inject::afterInitScreen(Lnet/minecraft/client/MinecraftClient;IILorg/spongepowered/asm/mixin/injection/callback/CallbackInfo;)V doesn't use it's CallbackInfo
[11:21:16] [Render thread/DEBUG] (FabricLoader/Mixin) fabric-screen-api-v1.mixins.json:ScreenMixin from mod fabric-screen-api-v1->@Inject::afterInitScreen(Lnet/minecraft/client/MinecraftClient;IILorg/spongepowered/asm/mixin/injection/callback/CallbackInfo;)V has 0 override(s) in child classes
[11:21:16] [Render thread/DEBUG] (FabricLoader/Mixin) fabric-screen-api-v1.mixins.json:ScreenMixin from mod fabric-screen-api-v1->@Inject::afterInitScreen(Lnet/minecraft/client/MinecraftClient;IILorg/spongepowered/asm/mixin/injection/callback/CallbackInfo;)V won't be passed a CallbackInfo as a result
[11:21:16] [Render thread/DEBUG] (FabricLoader/Mixin) fabric-screen-api-v1.mixins.json:ScreenMixin from mod fabric-screen-api-v1->@Inject::beforeResizeScreen(Lnet/minecraft/client/MinecraftClient;IILorg/spongepowered/asm/mixin/injection/callback/CallbackInfo;)V doesn't use it's CallbackInfo
[11:21:16] [Render thread/DEBUG] (FabricLoader/Mixin) fabric-screen-api-v1.mixins.json:ScreenMixin from mod fabric-screen-api-v1->@Inject::beforeResizeScreen(Lnet/minecraft/client/MinecraftClient;IILorg/spongepowered/asm/mixin/injection/callback/CallbackInfo;)V has 0 override(s) in child classes
[11:21:16] [Render thread/DEBUG] (FabricLoader/Mixin) fabric-screen-api-v1.mixins.json:ScreenMixin from mod fabric-screen-api-v1->@Inject::beforeResizeScreen(Lnet/minecraft/client/MinecraftClient;IILorg/spongepowered/asm/mixin/injection/callback/CallbackInfo;)V won't be passed a CallbackInfo as a result
[11:21:16] [Render thread/DEBUG] (FabricLoader/Mixin) fabric-screen-api-v1.mixins.json:ScreenMixin from mod fabric-screen-api-v1->@Inject::afterResizeScreen(Lnet/minecraft/client/MinecraftClient;IILorg/spongepowered/asm/mixin/injection/callback/CallbackInfo;)V doesn't use it's CallbackInfo
[11:21:16] [Render thread/DEBUG] (FabricLoader/Mixin) fabric-screen-api-v1.mixins.json:ScreenMixin from mod fabric-screen-api-v1->@Inject::afterResizeScreen(Lnet/minecraft/client/MinecraftClient;IILorg/spongepowered/asm/mixin/injection/callback/CallbackInfo;)V has 0 override(s) in child classes
[11:21:16] [Render thread/DEBUG] (FabricLoader/Mixin) fabric-screen-api-v1.mixins.json:ScreenMixin from mod fabric-screen-api-v1->@Inject::afterResizeScreen(Lnet/minecraft/client/MinecraftClient;IILorg/spongepowered/asm/mixin/injection/callback/CallbackInfo;)V won't be passed a CallbackInfo as a result
[11:21:16] [Render thread/DEBUG] (FabricLoader/Mixin) Mixing ClientWorldMixin from fabric-lifecycle-events-v1.client.mixins.json into net.minecraft.client.world.ClientWorld
[11:21:16] [Render thread/DEBUG] (FabricLoader/Mixin) fabric-lifecycle-events-v1.client.mixins.json:ClientWorldMixin from mod fabric-lifecycle-events-v1: Class version 61 required is higher than the class version supported by the current version of Mixin (JAVA_16 supports class version 60)
[11:21:17] [Render thread/DEBUG] (FabricLoader/Mixin) fabric-lifecycle-events-v1.client.mixins.json:ClientWorldMixin from mod fabric-lifecycle-events-v1->@Inject::tickWorldAfterBlockEntities(Lorg/spongepowered/asm/mixin/injection/callback/CallbackInfo;)V doesn't use it's CallbackInfo
[11:21:17] [Render thread/DEBUG] (FabricLoader/Mixin) fabric-lifecycle-events-v1.client.mixins.json:ClientWorldMixin from mod fabric-lifecycle-events-v1->@Inject::tickWorldAfterBlockEntities(Lorg/spongepowered/asm/mixin/injection/callback/CallbackInfo;)V has 0 override(s) in child classes
[11:21:17] [Render thread/DEBUG] (FabricLoader/Mixin) fabric-lifecycle-events-v1.client.mixins.json:ClientWorldMixin from mod fabric-lifecycle-events-v1->@Inject::tickWorldAfterBlockEntities(Lorg/spongepowered/asm/mixin/injection/callback/CallbackInfo;)V won't be passed a CallbackInfo as a result
[11:21:17] [Render thread/DEBUG] (FabricLoader/Mixin) fabric-lifecycle-events-v1.client.mixins.json:ClientWorldMixin from mod fabric-lifecycle-events-v1->@Inject::startWorldTick(Lorg/spongepowered/asm/mixin/injection/callback/CallbackInfo;)V doesn't use it's CallbackInfo
[11:21:17] [Render thread/DEBUG] (FabricLoader/Mixin) fabric-lifecycle-events-v1.client.mixins.json:ClientWorldMixin from mod fabric-lifecycle-events-v1->@Inject::startWorldTick(Lorg/spongepowered/asm/mixin/injection/callback/CallbackInfo;)V has 0 override(s) in child classes
[11:21:17] [Render thread/DEBUG] (FabricLoader/Mixin) fabric-lifecycle-events-v1.client.mixins.json:ClientWorldMixin from mod fabric-lifecycle-events-v1->@Inject::startWorldTick(Lorg/spongepowered/asm/mixin/injection/callback/CallbackInfo;)V won't be passed a CallbackInfo as a result
[11:21:17] [Render thread/DEBUG] (FabricLoader/Mixin) Mixing MixinTitleScreen from mixins.modmenu.json into net.minecraft.client.gui.screen.TitleScreen
[11:21:17] [Render thread/DEBUG] (FabricLoader/Mixin) mixins.modmenu.json:MixinTitleScreen from mod modmenu: Class version 61 required is higher than the class version supported by the current version of Mixin (JAVA_16 supports class version 60)
[11:21:17] [Render thread/DEBUG] (FabricLoader/Mixin) Mixing MixinGameMenu from mixins.modmenu.json into net.minecraft.client.gui.screen.GameMenuScreen
[11:21:17] [Render thread/DEBUG] (FabricLoader/Mixin) mixins.modmenu.json:MixinGameMenu from mod modmenu: Class version 61 required is higher than the class version supported by the current version of Mixin (JAVA_16 supports class version 60)
[11:21:17] [Render thread/DEBUG] (FabricLoader/Mixin) Renaming synthetic method lambda$onInitWidgets$0(Lnet/minecraft/client/gui/widget/ButtonWidget;)V to md5ebeb3$modmenu$lambda$onInitWidgets$0$0 in mixins.modmenu.json:MixinGameMenu from mod modmenu
[11:21:17] [Render thread/DEBUG] (FabricLoader/Mixin) mixins.modmenu.json:MixinGameMenu from mod modmenu->@Inject::onInitWidgets(Lorg/spongepowered/asm/mixin/injection/callback/CallbackInfo;Lnet/minecraft/client/gui/widget/GridWidget;Lnet/minecraft/client/gui/widget/GridWidget$Adder;Lnet/minecraft/text/Text;)V doesn't use it's CallbackInfo
[11:21:17] [Render thread/DEBUG] (FabricLoader/Mixin) mixins.modmenu.json:MixinGameMenu from mod modmenu->@Inject::onInitWidgets(Lorg/spongepowered/asm/mixin/injection/callback/CallbackInfo;Lnet/minecraft/client/gui/widget/GridWidget;Lnet/minecraft/client/gui/widget/GridWidget$Adder;Lnet/minecraft/text/Text;)V has 0 override(s) in child classes
[11:21:17] [Render thread/DEBUG] (FabricLoader/Mixin) mixins.modmenu.json:MixinGameMenu from mod modmenu->@Inject::onInitWidgets(Lorg/spongepowered/asm/mixin/injection/callback/CallbackInfo;Lnet/minecraft/client/gui/widget/GridWidget;Lnet/minecraft/client/gui/widget/GridWidget$Adder;Lnet/minecraft/text/Text;)V won't be passed a CallbackInfo as a result
[11:21:17] [Render thread/DEBUG] (FabricLoader/Mixin) Mixing SinglePreparationResourceReloaderMixin from fabric-resource-conditions-api-v1.mixins.json into net.minecraft.resource.SinglePreparationResourceReloader
[11:21:17] [Render thread/DEBUG] (FabricLoader/Mixin) fabric-resource-conditions-api-v1.mixins.json:SinglePreparationResourceReloaderMixin from mod fabric-resource-conditions-api-v1: Class version 61 required is higher than the class version supported by the current version of Mixin (JAVA_16 supports class version 60)
[11:21:17] [Render thread/DEBUG] (FabricLoader/Mixin) fabric-resource-conditions-api-v1.mixins.json:SinglePreparationResourceReloaderMixin from mod fabric-resource-conditions-api-v1->@Inject::applyResourceConditions(Lnet/minecraft/resource/ResourceManager;Lnet/minecraft/util/profiler/Profiler;Ljava/lang/Object;Lorg/spongepowered/asm/mixin/injection/callback/CallbackInfo;)V doesn't use it's CallbackInfo
[11:21:17] [Render thread/DEBUG] (FabricLoader/Mixin) fabric-resource-conditions-api-v1.mixins.json:SinglePreparationResourceReloaderMixin from mod fabric-resource-conditions-api-v1->@Inject::applyResourceConditions(Lnet/minecraft/resource/ResourceManager;Lnet/minecraft/util/profiler/Profiler;Ljava/lang/Object;Lorg/spongepowered/asm/mixin/injection/callback/CallbackInfo;)V has 0 override(s) in child classes
[11:21:17] [Render thread/DEBUG] (FabricLoader/Mixin) fabric-resource-conditions-api-v1.mixins.json:SinglePreparationResourceReloaderMixin from mod fabric-resource-conditions-api-v1->@Inject::applyResourceConditions(Lnet/minecraft/resource/ResourceManager;Lnet/minecraft/util/profiler/Profiler;Ljava/lang/Object;Lorg/spongepowered/asm/mixin/injection/callback/CallbackInfo;)V won't be passed a CallbackInfo as a result
[11:21:17] [Render thread/DEBUG] (FabricLoader/Mixin) Mixing DefaultClientResourcePackProviderMixin from fabric-resource-loader-v0.client.mixins.json into net.minecraft.client.resource.DefaultClientResourcePackProvider
[11:21:17] [Render thread/DEBUG] (FabricLoader/Mixin) fabric-resource-loader-v0.client.mixins.json:DefaultClientResourcePackProviderMixin from mod fabric-resource-loader-v0: Class version 61 required is higher than the class version supported by the current version of Mixin (JAVA_16 supports class version 60)
[11:21:17] [Render thread/DEBUG] (FabricLoader/Mixin) Renaming synthetic method lambda$onCreateVanillaBuiltinResourcePack$0(Lnet/minecraft/resource/ResourcePackProfile$PackFactory;Ljava/lang/String;Ljava/lang/String;)Lnet/minecraft/resource/ResourcePack; to md5ebeb3$fabric-resource-loader-v0$lambda$onCreateVanillaBuiltinResourcePack$0$0 in fabric-resource-loader-v0.client.mixins.json:DefaultClientResourcePackProviderMixin from mod fabric-resource-loader-v0
[11:21:17] [Render thread/DEBUG] (FabricLoader/Mixin) Mixing VanillaResourcePackProviderMixin from fabric-resource-loader-v0.client.mixins.json into net.minecraft.resource.VanillaResourcePackProvider
[11:21:17] [Render thread/DEBUG] (FabricLoader/Mixin) fabric-resource-loader-v0.client.mixins.json:VanillaResourcePackProviderMixin from mod fabric-resource-loader-v0: Class version 61 required is higher than the class version supported by the current version of Mixin (JAVA_16 supports class version 60)
[11:21:17] [Render thread/DEBUG] (FabricLoader/Mixin) fabric-resource-loader-v0.client.mixins.json:VanillaResourcePackProviderMixin from mod fabric-resource-loader-v0->@Inject::addBuiltinResourcePacks(Ljava/util/function/Consumer;Lorg/spongepowered/asm/mixin/injection/callback/CallbackInfo;)V doesn't use it's CallbackInfo
[11:21:17] [Render thread/DEBUG] (FabricLoader/Mixin) fabric-resource-loader-v0.client.mixins.json:VanillaResourcePackProviderMixin from mod fabric-resource-loader-v0->@Inject::addBuiltinResourcePacks(Ljava/util/function/Consumer;Lorg/spongepowered/asm/mixin/injection/callback/CallbackInfo;)V has 0 override(s) in child classes
[11:21:17] [Render thread/DEBUG] (FabricLoader/Mixin) fabric-resource-loader-v0.client.mixins.json:VanillaResourcePackProviderMixin from mod fabric-resource-loader-v0->@Inject::addBuiltinResourcePacks(Ljava/util/function/Consumer;Lorg/spongepowered/asm/mixin/injection/callback/CallbackInfo;)V won't be passed a CallbackInfo as a result
[11:21:17] [Render thread/DEBUG] (FabricLoader/Mixin) Mixing ResourcePackManagerMixin from fabric-resource-loader-v0.mixins.json into net.minecraft.resource.ResourcePackManager
[11:21:17] [Render thread/DEBUG] (FabricLoader/Mixin) fabric-resource-loader-v0.mixins.json:ResourcePackManagerMixin from mod fabric-resource-loader-v0: Class version 61 required is higher than the class version supported by the current version of Mixin (JAVA_16 supports class version 60)
[11:21:17] [Render thread/DEBUG] (FabricLoader/Mixin) fabric-resource-loader-v0.mixins.json:ResourcePackManagerMixin from mod fabric-resource-loader-v0->@Inject::construct([Lnet/minecraft/resource/ResourcePackProvider;Lorg/spongepowered/asm/mixin/injection/callback/CallbackInfo;)V doesn't use it's CallbackInfo
[11:21:17] [Render thread/DEBUG] (FabricLoader/Mixin) fabric-resource-loader-v0.mixins.json:ResourcePackManagerMixin from mod fabric-resource-loader-v0->@Inject::construct([Lnet/minecraft/resource/ResourcePackProvider;Lorg/spongepowered/asm/mixin/injection/callback/CallbackInfo;)V has 0 override(s) in child classes
[11:21:17] [Render thread/DEBUG] (FabricLoader/Mixin) fabric-resource-loader-v0.mixins.json:ResourcePackManagerMixin from mod fabric-resource-loader-v0->@Inject::construct([Lnet/minecraft/resource/ResourcePackProvider;Lorg/spongepowered/asm/mixin/injection/callback/CallbackInfo;)V won't be passed a CallbackInfo as a result
[11:21:17] [Render thread/INFO] (com.mojang.authlib.yggdrasil.YggdrasilAuthenticationService) Environment: authHost='https://authserver.mojang.com', accountsHost='https://api.mojang.com', sessionHost='https://sessionserver.mojang.com', servicesHost='https://api.minecraftservices.com', name='PROD'
[11:21:17] [Yggdrasil Key Fetcher/DEBUG] (com.mojang.authlib.HttpAuthenticationService) Opening connection to https://api.minecraftservices.com/publickeys
[11:21:17] [Render thread/DEBUG] (com.mojang.authlib.minecraft.client.MinecraftClient) Connecting to https://api.minecraftservices.com/player/attributes
[11:21:18] [Yggdrasil Key Fetcher/DEBUG] (com.mojang.authlib.HttpAuthenticationService) Reading data from https://api.minecraftservices.com/publickeys
[11:21:18] [Yggdrasil Key Fetcher/DEBUG] (com.mojang.authlib.HttpAuthenticationService) Successful read, server response was 200
[11:21:18] [Yggdrasil Key Fetcher/DEBUG] (com.mojang.authlib.HttpAuthenticationService) Response: {
  "profilePropertyKeys" : [ {
    "publicKey" : "MIICIjANBgkqhkiG9w0BAQEFAAOCAg8AMIICCgKCAgEAylB4B6m5lz7jwrcFz6Fd/fnfUhcvlxsTSn5kIK/2aGG1C3kMy4VjhwlxF6BFUSnfxhNswPjh3ZitkBxEAFY25uzkJFRwHwVA9mdwjashXILtR6OqdLXXFVyUPIURLOSWqGNBtb08EN5fMnG8iFLgEJIBMxs9BvF3s3/FhuHyPKiVTZmXY0WY4ZyYqvoKR+XjaTRPPvBsDa4WI2u1zxXMeHlodT3lnCzVvyOYBLXL6CJgByuOxccJ8hnXfF9yY4F0aeL080Jz/3+EBNG8RO4ByhtBf4Ny8NQ6stWsjfeUIvH7bU/4zCYcYOq4WrInXHqS8qruDmIl7P5XXGcabuzQstPf/h2CRAUpP/PlHXcMlvewjmGU6MfDK+lifScNYwjPxRo4nKTGFZf/0aqHCh/EAsQyLKrOIYRE0lDG3bzBh8ogIMLAugsAfBb6M3mqCqKaTMAf/VAjh5FFJnjS+7bE+bZEV0qwax1CEoPPJL1fIQjOS8zj086gjpGRCtSy9+bTPTfTR/SJ+VUB5G2IeCItkNHpJX2ygojFZ9n5Fnj7R9ZnOM+L8nyIjPu3aePvtcrXlyLhH/hvOfIOjPxOlqW+O5QwSFP4OEcyLAUgDdUgyW36Z5mB285uKW/ighzZsOTevVUG2QwDItObIV6i8RCxFbN2oDHyPaO5j1tTaBNyVt8CAwEAAQ=="
  }, {
    "publicKey" : "MIICIjANBgkqhkiG9w0BAQEFAAOCAg8AMIICCgKCAgEAra4Y2wu3rWEW7cDTDRRd4IvUD140Y12SaG3k4V3UwT/pDnnX5itOcYiZA0qf4VCpJDp2PifOL+Pr/ph/G9/6ZoIxkBeGENo+S7i9BqizJy9cmZocpyx+RkZaw9+frCGNLuYLrxziNWiXFACJSg2mHACR7+6NkGN8d/16/3PxMnvGSyLT7JKGUgqj1Q3oW7k+NLXR9sw6oRELOcnUvZVa2bcglv8vlcyPqqnBhydLfHI85Z5WnIYZviZ3Bb4dv5Fme726BGOtEY7kz40RfiwjT3xYKYKPJUS3/crPX6eugmWyrWdddKaePrW88bp17Z5NIStlJ5KJJk4coha8O+P7onDqmbHwLqPTeR51njkgZ+DJWT6fz8ku9OWQn6I/FxqN14iYIghDJijmKvEwsI7FJ5X2ttPXEvBYLmpj2j0lQQcUIqH7hkiZ+mCW0GYawJgbAeNAraM9sP+76MyAGITtAsXv1IQmah+7OeDJOToG2Kb1Dl0Va+HiP9MPpcnO7kbn6dqAyhNvRNmHnsUOiEcLhW9Rk7xz87IBV/cGKbUDgxu8cYY0P512DWt5+Jmr8W10FDFdLmkJt1taWxNxApM2CiFPCimk02koyLZDW9nqpWNw6qS/TOYPdz438qEuamtYUJ+u6WhBjK8xAJEAt5k3gDKX+nlTiG3N6se09D62fS8CAwEAAQ=="
  } ],
  "playerCertificateKeys" : [ {
    "publicKey" : "MIICIjANBgkqhkiG9w0BAQEFAAOCAg8AMIICCgKCAgEAylB4B6m5lz7jwrcFz6Fd/fnfUhcvlxsTSn5kIK/2aGG1C3kMy4VjhwlxF6BFUSnfxhNswPjh3ZitkBxEAFY25uzkJFRwHwVA9mdwjashXILtR6OqdLXXFVyUPIURLOSWqGNBtb08EN5fMnG8iFLgEJIBMxs9BvF3s3/FhuHyPKiVTZmXY0WY4ZyYqvoKR+XjaTRPPvBsDa4WI2u1zxXMeHlodT3lnCzVvyOYBLXL6CJgByuOxccJ8hnXfF9yY4F0aeL080Jz/3+EBNG8RO4ByhtBf4Ny8NQ6stWsjfeUIvH7bU/4zCYcYOq4WrInXHqS8qruDmIl7P5XXGcabuzQstPf/h2CRAUpP/PlHXcMlvewjmGU6MfDK+lifScNYwjPxRo4nKTGFZf/0aqHCh/EAsQyLKrOIYRE0lDG3bzBh8ogIMLAugsAfBb6M3mqCqKaTMAf/VAjh5FFJnjS+7bE+bZEV0qwax1CEoPPJL1fIQjOS8zj086gjpGRCtSy9+bTPTfTR/SJ+VUB5G2IeCItkNHpJX2ygojFZ9n5Fnj7R9ZnOM+L8nyIjPu3aePvtcrXlyLhH/hvOfIOjPxOlqW+O5QwSFP4OEcyLAUgDdUgyW36Z5mB285uKW/ighzZsOTevVUG2QwDItObIV6i8RCxFbN2oDHyPaO5j1tTaBNyVt8CAwEAAQ=="
  }, {
    "publicKey" : "MIICIjANBgkqhkiG9w0BAQEFAAOCAg8AMIICCgKCAgEAt4t9NPuu7cktclnaH7eZj0omkLcJHeLz5MKsyJEntHZ0INtuBjSSul3Pp3pBeJN8k3ADdcdBLUN90bcAi7WsQqTx3Ft363q3W7TbM8j2iTEdp/0uVspoRt/DP1tkaWFs/w2WwUv9jbVoBUzfUc4pSTIxRwdjmqjZQfvjwKNDbOx3IhP2H0WXodbISejPi1wBZqNW4m1rnZAXp/EpUguxA8mobCa4vUCBkyFDyXdl69/wUSJHyCPmgcMJ364OlAhIqtwVPShBZObvrK/f0BYk6ShJD3N7TFDatSYsIIdcTKRknaIm91s+EsMrdB9U4Yw+ZJ/pyCB4S3vk8zfDCnb0DWIxYH3/EMzaxl77djmTmMzi/JDITup5z3jfWtRZmrAhU2/+W5IO5hEpo3/bCS9PXIY5xb41Lmp2ZO8dXKtyD66Chchy0W129n8vPl2GIruOdrxsjZAHnneyAb9jm0uaGaphwnEnuecX/qgHY6ZMtayvLLsPst8PO6R1vufMy8WqjK+j7LnC1krL7CPDg0NEhyQTmw5l+NCNjSlvB1juM9V4PARg0bYCOkGXm7ydRCjSSH8CJXZpwnd5cBB5WKAX3KPzutRgMi/LFwNSMZzFuUyXaYOZPpD259yqph1LmGqegEdDriACVU+dVEONFMm8eIuBofe7ljmsAFKW9BINwK0CAwEAAQ=="
  } ],
  "authenticationKeys" : [ {
    "publicKey" : "MIIBIjANBgkqhkiG9w0BAQEFAAOCAQ8AMIIBCgKCAQEA4S4G8fJJw4hLRME8zM2aBqaQRqYs0TlU8N+sZl0MUgtyFw0KAXnzbOPH7yu6qbqsGYVKF/D+fUg+49PhFmxEsylvmj/yeRwdp3yFGME/BVfL06zFmAw+rGaxqubcswzIO8ByUtjQOmlnrzj4zvhNSYJmwNbTIKrKNlSHYvYZbUDRquH9yMDOKnvGAMMDGttFrM300mVznRgaTEzU9aPqMvj0YxtxUcGIQTar0TBQa7NzEAr59u5VVx5s6naS6QVBrMc6e32f38enVkNFZQT87KlCb2B6ziPmbaRzWWs4qcHsHz8BUCKplo5iu/ePtwaa5AaVT27Lnv+KzS46eyf1CwIDAQAB"
  }, {
    "publicKey" : "MIIBIjANBgkqhkiG9w0BAQEFAAOCAQ8AMIIBCgKCAQEAys5/Z+MBAOBcdnk3wKDDvsw6UUdTjSRQ+e5Ug2HJnshWunZMQDPGZvctUWpHxDZHAjaFfhpjw1pWtN/ejTpv37jZCp0yF533LfAfxiiQBWfJdKk5Wzyw7kmU8xmO984csukYFH4aTTLwZuhmMLFk3l00mMNPixgnRMuyr7aKIu/+l3wH1kCf1k74MTH4wX5fgNqFvTS3127DNVnTH9sOw+dhEViiQpTz3BFEpIUvl9T7B2rjF0CDmW9xtyNINw2EfENa7PwE0uIyNoZl/+m7yzMKef4lrE6Ch/IMzfT03Q2QvbwFlm+kzQKhSlB18Ohotrkega62fMxdn/s6Rv6oQQIDAQAB"
  } ]
}
[11:21:18] [Render thread/ERROR] (net.minecraft.client.MinecraftClient) Failed to verify authentication
com.mojang.authlib.exceptions.InvalidCredentialsException: Status: 401
	at com.mojang.authlib.exceptions.MinecraftClientHttpException.toAuthenticationException(MinecraftClientHttpException.java:56) ~[authlib-4.0.43.jar:?]
	at com.mojang.authlib.yggdrasil.YggdrasilUserApiService.fetchProperties(YggdrasilUserApiService.java:156) ~[authlib-4.0.43.jar:?]
	at com.mojang.authlib.yggdrasil.YggdrasilUserApiService.<init>(YggdrasilUserApiService.java:55) ~[authlib-4.0.43.jar:?]
	at com.mojang.authlib.yggdrasil.YggdrasilAuthenticationService.createUserApiService(YggdrasilAuthenticationService.java:124) ~[authlib-4.0.43.jar:?]
	at net.minecraft.client.MinecraftClient.createUserApiService(MinecraftClient.java:733) ~[minecraft-merged-7787b014d4-1.20.1-net.fabricmc.yarn.1_20_1.1.20.1+build.10-v2.jar:?]
	at net.minecraft.client.MinecraftClient.<init>(MinecraftClient.java:442) ~[minecraft-merged-7787b014d4-1.20.1-net.fabricmc.yarn.1_20_1.1.20.1+build.10-v2.jar:?]
	at net.minecraft.client.main.Main.main(Main.java:211) ~[minecraft-merged-7787b014d4-1.20.1-net.fabricmc.yarn.1_20_1.1.20.1+build.10-v2.jar:?]
	at net.fabricmc.loader.impl.game.minecraft.MinecraftGameProvider.launch(MinecraftGameProvider.java:470) ~[fabric-loader-0.15.11.jar:?]
	at net.fabricmc.loader.impl.launch.knot.Knot.launch(Knot.java:74) ~[fabric-loader-0.15.11.jar:?]
	at net.fabricmc.loader.impl.launch.knot.KnotClient.main(KnotClient.java:23) ~[fabric-loader-0.15.11.jar:?]
	at net.fabricmc.devlaunchinjector.Main.main(Main.java:86) ~[dev-launch-injector-0.2.1+build.8.jar:?]
Caused by: com.mojang.authlib.exceptions.MinecraftClientHttpException: Status: 401
	at com.mojang.authlib.minecraft.client.MinecraftClient.readInputStream(MinecraftClient.java:85) ~[authlib-4.0.43.jar:?]
	at com.mojang.authlib.minecraft.client.MinecraftClient.get(MinecraftClient.java:48) ~[authlib-4.0.43.jar:?]
	at com.mojang.authlib.yggdrasil.YggdrasilUserApiService.fetchProperties(YggdrasilUserApiService.java:129) ~[authlib-4.0.43.jar:?]
	... 9 more
[11:21:19] [Render thread/INFO] (net.minecraft.client.MinecraftClient) Setting user: Player154
[11:21:19] [Render thread/DEBUG] (FabricLoader/Mixin) Mixing KeyBindingAccessor from fabric-key-binding-api-v1.mixins.json into net.minecraft.client.option.KeyBinding
[11:21:19] [Render thread/DEBUG] (FabricLoader/Mixin) fabric-key-binding-api-v1.mixins.json:KeyBindingAccessor from mod fabric-key-binding-api-v1: Class version 61 required is higher than the class version supported by the current version of Mixin (JAVA_16 supports class version 60)
[11:21:19] [Render thread/DEBUG] (FabricLoader/Mixin) Renaming @Accessor method fabric_getCategoryMap()Ljava/util/Map; to fabric_getCategoryMap$fabric-key-binding-api-v1_$md$5ebeb3$0 in fabric-key-binding-api-v1.mixins.json:KeyBindingAccessor from mod fabric-key-binding-api-v1
[11:21:19] [Render thread/DEBUG] (FabricLoader/Mixin) Mixing KeyBindingAccessor from fabric-events-interaction-v0.client.mixins.json into net.minecraft.client.option.KeyBinding
[11:21:19] [Render thread/DEBUG] (FabricLoader/Mixin) fabric-events-interaction-v0.client.mixins.json:KeyBindingAccessor from mod fabric-events-interaction-v0: Class version 61 required is higher than the class version supported by the current version of Mixin (JAVA_16 supports class version 60)
[11:21:19] [Render thread/DEBUG] (FabricLoader/Entrypoint) Iterating over entrypoint 'main'
[11:21:19] [Render thread/DEBUG] (FabricLoader/Mixin) Mixing MinecraftServerMixin from fabric-gametest-api-v1.mixins.json into net.minecraft.server.MinecraftServer
[11:21:19] [Render thread/DEBUG] (FabricLoader/Mixin) fabric-gametest-api-v1.mixins.json:MinecraftServerMixin from mod fabric-gametest-api-v1: Class version 61 required is higher than the class version supported by the current version of Mixin (JAVA_16 supports class version 60)
[11:21:19] [Render thread/DEBUG] (FabricLoader/Mixin) Mixing MinecraftServerMixin from fabric-resource-loader-v0.mixins.json into net.minecraft.server.MinecraftServer
[11:21:19] [Render thread/DEBUG] (FabricLoader/Mixin) fabric-resource-loader-v0.mixins.json:MinecraftServerMixin from mod fabric-resource-loader-v0: Class version 61 required is higher than the class version supported by the current version of Mixin (JAVA_16 supports class version 60)
[11:21:19] [Render thread/DEBUG] (FabricLoader/Mixin) Mixing MinecraftServerMixin from fabric-lifecycle-events-v1.mixins.json into net.minecraft.server.MinecraftServer
[11:21:19] [Render thread/DEBUG] (FabricLoader/Mixin) fabric-lifecycle-events-v1.mixins.json:MinecraftServerMixin from mod fabric-lifecycle-events-v1: Class version 61 required is higher than the class version supported by the current version of Mixin (JAVA_16 supports class version 60)
[11:21:19] [Render thread/DEBUG] (FabricLoader/Mixin) Renaming synthetic method lambda$endResourceReload$0(Ljava/lang/Void;Ljava/lang/Throwable;)Ljava/lang/Void; to md5ebeb3$fabric-lifecycle-events-v1$lambda$endResourceReload$0$0 in fabric-lifecycle-events-v1.mixins.json:MinecraftServerMixin from mod fabric-lifecycle-events-v1
[11:21:19] [Render thread/DEBUG] (FabricLoader/Mixin) Mixing MinecraftServerMixin from fabric-message-api-v1.mixins.json into net.minecraft.server.MinecraftServer
[11:21:19] [Render thread/DEBUG] (FabricLoader/Mixin) fabric-message-api-v1.mixins.json:MinecraftServerMixin from mod fabric-message-api-v1: Class version 61 required is higher than the class version supported by the current version of Mixin (JAVA_16 supports class version 60)
[11:21:19] [Render thread/DEBUG] (FabricLoader/Mixin) Renaming synthetic method lambda$onGetChatDecorator$1(Lnet/minecraft/network/message/MessageDecorator;Lnet/minecraft/server/network/ServerPlayerEntity;Lnet/minecraft/text/Text;)Ljava/util/concurrent/CompletableFuture; to md5ebeb3$fabric-message-api-v1$lambda$onGetChatDecorator$1$1 in fabric-message-api-v1.mixins.json:MinecraftServerMixin from mod fabric-message-api-v1
[11:21:19] [Render thread/DEBUG] (FabricLoader/Mixin) Renaming synthetic method lambda$onGetChatDecorator$0(Lnet/minecraft/server/network/ServerPlayerEntity;Lnet/minecraft/text/Text;)Ljava/util/concurrent/CompletionStage; to md5ebeb3$fabric-message-api-v1$lambda$onGetChatDecorator$0$2 in fabric-message-api-v1.mixins.json:MinecraftServerMixin from mod fabric-message-api-v1
[11:21:19] [Render thread/DEBUG] (FabricLoader/Mixin) Mixing MinecraftServerMixin from fabric-registry-sync-v0.mixins.json into net.minecraft.server.MinecraftServer
[11:21:19] [Render thread/DEBUG] (FabricLoader/Mixin) fabric-registry-sync-v0.mixins.json:MinecraftServerMixin from mod fabric-registry-sync-v0: Class version 61 required is higher than the class version supported by the current version of Mixin (JAVA_16 supports class version 60)
[11:21:19] [Render thread/DEBUG] (FabricLoader/Mixin) Mixing modification.MinecraftServerMixin from fabric-biome-api-v1.mixins.json into net.minecraft.server.MinecraftServer
[11:21:19] [Render thread/DEBUG] (FabricLoader/Mixin) fabric-biome-api-v1.mixins.json:modification.MinecraftServerMixin from mod fabric-biome-api-v1: Class version 61 required is higher than the class version supported by the current version of Mixin (JAVA_16 supports class version 60)
[11:21:19] [Render thread/DEBUG] (FabricLoader/Mixin) fabric-gametest-api-v1.mixins.json:MinecraftServerMixin from mod fabric-gametest-api-v1->@Inject::tickWorlds(Ljava/util/function/BooleanSupplier;Lorg/spongepowered/asm/mixin/injection/callback/CallbackInfo;)V doesn't use it's CallbackInfo
[11:21:19] [Render thread/DEBUG] (FabricLoader/Mixin) fabric-gametest-api-v1.mixins.json:MinecraftServerMixin from mod fabric-gametest-api-v1->@Inject::tickWorlds(Ljava/util/function/BooleanSupplier;Lorg/spongepowered/asm/mixin/injection/callback/CallbackInfo;)V has 0 override(s) in child classes
[11:21:19] [Render thread/DEBUG] (FabricLoader/Mixin) fabric-gametest-api-v1.mixins.json:MinecraftServerMixin from mod fabric-gametest-api-v1->@Inject::tickWorlds(Ljava/util/function/BooleanSupplier;Lorg/spongepowered/asm/mixin/injection/callback/CallbackInfo;)V won't be passed a CallbackInfo as a result
[11:21:19] [Render thread/DEBUG] (FabricLoader/Mixin) fabric-lifecycle-events-v1.mixins.json:MinecraftServerMixin from mod fabric-lifecycle-events-v1->@Inject::beforeSetupServer(Lorg/spongepowered/asm/mixin/injection/callback/CallbackInfo;)V doesn't use it's CallbackInfo
[11:21:19] [Render thread/DEBUG] (FabricLoader/Mixin) fabric-lifecycle-events-v1.mixins.json:MinecraftServerMixin from mod fabric-lifecycle-events-v1->@Inject::beforeSetupServer(Lorg/spongepowered/asm/mixin/injection/callback/CallbackInfo;)V has 0 override(s) in child classes
[11:21:19] [Render thread/DEBUG] (FabricLoader/Mixin) fabric-lifecycle-events-v1.mixins.json:MinecraftServerMixin from mod fabric-lifecycle-events-v1->@Inject::beforeSetupServer(Lorg/spongepowered/asm/mixin/injection/callback/CallbackInfo;)V won't be passed a CallbackInfo as a result
[11:21:19] [Render thread/DEBUG] (FabricLoader/Mixin) fabric-lifecycle-events-v1.mixins.json:MinecraftServerMixin from mod fabric-lifecycle-events-v1->@Inject::afterSetupServer(Lorg/spongepowered/asm/mixin/injection/callback/CallbackInfo;)V doesn't use it's CallbackInfo
[11:21:19] [Render thread/DEBUG] (FabricLoader/Mixin) fabric-lifecycle-events-v1.mixins.json:MinecraftServerMixin from mod fabric-lifecycle-events-v1->@Inject::afterSetupServer(Lorg/spongepowered/asm/mixin/injection/callback/CallbackInfo;)V has 0 override(s) in child classes
[11:21:19] [Render thread/DEBUG] (FabricLoader/Mixin) fabric-lifecycle-events-v1.mixins.json:MinecraftServerMixin from mod fabric-lifecycle-events-v1->@Inject::afterSetupServer(Lorg/spongepowered/asm/mixin/injection/callback/CallbackInfo;)V won't be passed a CallbackInfo as a result
[11:21:19] [Render thread/DEBUG] (FabricLoader/Mixin) fabric-lifecycle-events-v1.mixins.json:MinecraftServerMixin from mod fabric-lifecycle-events-v1->@Inject::beforeShutdownServer(Lorg/spongepowered/asm/mixin/injection/callback/CallbackInfo;)V doesn't use it's CallbackInfo
[11:21:19] [Render thread/DEBUG] (FabricLoader/Mixin) fabric-lifecycle-events-v1.mixins.json:MinecraftServerMixin from mod fabric-lifecycle-events-v1->@Inject::beforeShutdownServer(Lorg/spongepowered/asm/mixin/injection/callback/CallbackInfo;)V has 0 override(s) in child classes
[11:21:19] [Render thread/DEBUG] (FabricLoader/Mixin) fabric-lifecycle-events-v1.mixins.json:MinecraftServerMixin from mod fabric-lifecycle-events-v1->@Inject::beforeShutdownServer(Lorg/spongepowered/asm/mixin/injection/callback/CallbackInfo;)V won't be passed a CallbackInfo as a result
[11:21:19] [Render thread/DEBUG] (FabricLoader/Mixin) fabric-lifecycle-events-v1.mixins.json:MinecraftServerMixin from mod fabric-lifecycle-events-v1->@Inject::afterShutdownServer(Lorg/spongepowered/asm/mixin/injection/callback/CallbackInfo;)V doesn't use it's CallbackInfo
[11:21:19] [Render thread/DEBUG] (FabricLoader/Mixin) fabric-lifecycle-events-v1.mixins.json:MinecraftServerMixin from mod fabric-lifecycle-events-v1->@Inject::afterShutdownServer(Lorg/spongepowered/asm/mixin/injection/callback/CallbackInfo;)V has 0 override(s) in child classes
[11:21:19] [Render thread/DEBUG] (FabricLoader/Mixin) fabric-lifecycle-events-v1.mixins.json:MinecraftServerMixin from mod fabric-lifecycle-events-v1->@Inject::afterShutdownServer(Lorg/spongepowered/asm/mixin/injection/callback/CallbackInfo;)V won't be passed a CallbackInfo as a result
[11:21:19] [Render thread/DEBUG] (FabricLoader/Mixin) fabric-lifecycle-events-v1.mixins.json:MinecraftServerMixin from mod fabric-lifecycle-events-v1->@Inject::onStartTick(Ljava/util/function/BooleanSupplier;Lorg/spongepowered/asm/mixin/injection/callback/CallbackInfo;)V doesn't use it's CallbackInfo
[11:21:19] [Render thread/DEBUG] (FabricLoader/Mixin) fabric-lifecycle-events-v1.mixins.json:MinecraftServerMixin from mod fabric-lifecycle-events-v1->@Inject::onStartTick(Ljava/util/function/BooleanSupplier;Lorg/spongepowered/asm/mixin/injection/callback/CallbackInfo;)V has 0 override(s) in child classes
[11:21:19] [Render thread/DEBUG] (FabricLoader/Mixin) fabric-lifecycle-events-v1.mixins.json:MinecraftServerMixin from mod fabric-lifecycle-events-v1->@Inject::onStartTick(Ljava/util/function/BooleanSupplier;Lorg/spongepowered/asm/mixin/injection/callback/CallbackInfo;)V won't be passed a CallbackInfo as a result
[11:21:19] [Render thread/DEBUG] (FabricLoader/Mixin) fabric-lifecycle-events-v1.mixins.json:MinecraftServerMixin from mod fabric-lifecycle-events-v1->@Inject::onEndTick(Ljava/util/function/BooleanSupplier;Lorg/spongepowered/asm/mixin/injection/callback/CallbackInfo;)V doesn't use it's CallbackInfo
[11:21:19] [Render thread/DEBUG] (FabricLoader/Mixin) fabric-lifecycle-events-v1.mixins.json:MinecraftServerMixin from mod fabric-lifecycle-events-v1->@Inject::onEndTick(Ljava/util/function/BooleanSupplier;Lorg/spongepowered/asm/mixin/injection/callback/CallbackInfo;)V has 0 override(s) in child classes
[11:21:19] [Render thread/DEBUG] (FabricLoader/Mixin) fabric-lifecycle-events-v1.mixins.json:MinecraftServerMixin from mod fabric-lifecycle-events-v1->@Inject::onEndTick(Ljava/util/function/BooleanSupplier;Lorg/spongepowered/asm/mixin/injection/callback/CallbackInfo;)V won't be passed a CallbackInfo as a result
[11:21:19] [Render thread/DEBUG] (FabricLoader/Mixin) fabric-lifecycle-events-v1.mixins.json:MinecraftServerMixin from mod fabric-lifecycle-events-v1->@Inject::onUnloadWorldAtShutdown(Lorg/spongepowered/asm/mixin/injection/callback/CallbackInfo;Ljava/util/Iterator;Lnet/minecraft/server/world/ServerWorld;)V doesn't use it's CallbackInfo
[11:21:19] [Render thread/DEBUG] (FabricLoader/Mixin) fabric-lifecycle-events-v1.mixins.json:MinecraftServerMixin from mod fabric-lifecycle-events-v1->@Inject::onUnloadWorldAtShutdown(Lorg/spongepowered/asm/mixin/injection/callback/CallbackInfo;Ljava/util/Iterator;Lnet/minecraft/server/world/ServerWorld;)V has 0 override(s) in child classes
[11:21:19] [Render thread/DEBUG] (FabricLoader/Mixin) fabric-lifecycle-events-v1.mixins.json:MinecraftServerMixin from mod fabric-lifecycle-events-v1->@Inject::onUnloadWorldAtShutdown(Lorg/spongepowered/asm/mixin/injection/callback/CallbackInfo;Ljava/util/Iterator;Lnet/minecraft/server/world/ServerWorld;)V won't be passed a CallbackInfo as a result
[11:21:19] [Render thread/DEBUG] (FabricLoader/Mixin) fabric-lifecycle-events-v1.mixins.json:MinecraftServerMixin from mod fabric-lifecycle-events-v1->@Inject::startResourceReload(Ljava/util/Collection;Lorg/spongepowered/asm/mixin/injection/callback/CallbackInfoReturnable;)V doesn't use it's CallbackInfoReturnable
[11:21:19] [Render thread/DEBUG] (FabricLoader/Mixin) fabric-lifecycle-events-v1.mixins.json:MinecraftServerMixin from mod fabric-lifecycle-events-v1->@Inject::startResourceReload(Ljava/util/Collection;Lorg/spongepowered/asm/mixin/injection/callback/CallbackInfoReturnable;)V has 0 override(s) in child classes
[11:21:19] [Render thread/DEBUG] (FabricLoader/Mixin) fabric-lifecycle-events-v1.mixins.json:MinecraftServerMixin from mod fabric-lifecycle-events-v1->@Inject::startResourceReload(Ljava/util/Collection;Lorg/spongepowered/asm/mixin/injection/callback/CallbackInfoReturnable;)V won't be passed a CallbackInfoReturnable as a result
[11:21:19] [Render thread/DEBUG] (FabricLoader/Mixin) fabric-lifecycle-events-v1.mixins.json:MinecraftServerMixin from mod fabric-lifecycle-events-v1->@Inject::endResourceReload(Ljava/util/Collection;Lorg/spongepowered/asm/mixin/injection/callback/CallbackInfoReturnable;)V does use it's CallbackInfoReturnable
[11:21:19] [Render thread/DEBUG] (FabricLoader/Mixin) fabric-message-api-v1.mixins.json:MinecraftServerMixin from mod fabric-message-api-v1->@Inject::onGetChatDecorator(Lorg/spongepowered/asm/mixin/injection/callback/CallbackInfoReturnable;)V does use it's CallbackInfoReturnable
[11:21:19] [Render thread/DEBUG] (FabricLoader/Mixin) fabric-registry-sync-v0.mixins.json:MinecraftServerMixin from mod fabric-registry-sync-v0->@Inject::beforeSetupServer(Lorg/spongepowered/asm/mixin/injection/callback/CallbackInfo;)V doesn't use it's CallbackInfo
[11:21:19] [Render thread/DEBUG] (FabricLoader/Mixin) fabric-registry-sync-v0.mixins.json:MinecraftServerMixin from mod fabric-registry-sync-v0->@Inject::beforeSetupServer(Lorg/spongepowered/asm/mixin/injection/callback/CallbackInfo;)V has 0 override(s) in child classes
[11:21:19] [Render thread/DEBUG] (FabricLoader/Mixin) fabric-registry-sync-v0.mixins.json:MinecraftServerMixin from mod fabric-registry-sync-v0->@Inject::beforeSetupServer(Lorg/spongepowered/asm/mixin/injection/callback/CallbackInfo;)V won't be passed a CallbackInfo as a result
[11:21:19] [Render thread/DEBUG] (FabricLoader/Mixin) fabric-biome-api-v1.mixins.json:modification.MinecraftServerMixin from mod fabric-biome-api-v1->@Inject::finalizeWorldGen(Lorg/spongepowered/asm/mixin/injection/callback/CallbackInfo;)V doesn't use it's CallbackInfo
[11:21:19] [Render thread/DEBUG] (FabricLoader/Mixin) fabric-biome-api-v1.mixins.json:modification.MinecraftServerMixin from mod fabric-biome-api-v1->@Inject::finalizeWorldGen(Lorg/spongepowered/asm/mixin/injection/callback/CallbackInfo;)V has 0 override(s) in child classes
[11:21:19] [Render thread/DEBUG] (FabricLoader/Mixin) fabric-biome-api-v1.mixins.json:modification.MinecraftServerMixin from mod fabric-biome-api-v1->@Inject::finalizeWorldGen(Lorg/spongepowered/asm/mixin/injection/callback/CallbackInfo;)V won't be passed a CallbackInfo as a result
[11:21:19] [Render thread/INFO] (net.minecraft.util.logging.LoggerPrintStream) [STDOUT]: [Nebula] Mod inicializando...
[11:21:19] [Render thread/INFO] (net.minecraft.util.logging.LoggerPrintStream) [STDOUT]: [Nebula] 💻 Comando /nebula registrado!
[11:21:19] [Render thread/INFO] (net.minecraft.util.logging.LoggerPrintStream) [STDOUT]: [Nebula] ✅ Nebula Mod inicializado!
[11:21:19] [Render thread/INFO] (net.minecraft.util.logging.LoggerPrintStream) [STDOUT]: [Nebula] 💡 Use /nebula para abrir as configurações!
[11:21:19] [Render thread/INFO] (net.minecraft.util.logging.LoggerPrintStream) [STDOUT]: [Nebula] 💡 Ou clique no ícone do ModMenu!
[11:21:19] [Render thread/DEBUG] (FabricLoader/Mixin) Mixing LootTableBuilderMixin from fabric-loot-api-v2.mixins.json into net.minecraft.loot.LootTable$Builder
[11:21:19] [Render thread/DEBUG] (FabricLoader/Mixin) fabric-loot-api-v2.mixins.json:LootTableBuilderMixin from mod fabric-loot-api-v2: Class version 61 required is higher than the class version supported by the current version of Mixin (JAVA_8 supports class version 52)
[11:21:19] [Render thread/DEBUG] (FabricLoader/Mixin) Mixing LootManagerMixin from fabric-loot-api-v2.mixins.json into net.minecraft.loot.LootManager
[11:21:19] [Render thread/DEBUG] (FabricLoader/Mixin) fabric-loot-api-v2.mixins.json:LootManagerMixin from mod fabric-loot-api-v2: Class version 61 required is higher than the class version supported by the current version of Mixin (JAVA_8 supports class version 52)
[11:21:19] [Render thread/DEBUG] (FabricLoader/Mixin) Renaming synthetic method lambda$applyLootTableEvents$1(Lcom/google/common/collect/ImmutableMap$Builder;Lnet/minecraft/resource/ResourceManager;Lnet/minecraft/loot/LootManager;Lnet/minecraft/loot/LootDataKey;Ljava/lang/Object;)V to md5ebeb3$fabric-loot-api-v2$lambda$applyLootTableEvents$1$0 in fabric-loot-api-v2.mixins.json:LootManagerMixin from mod fabric-loot-api-v2
[11:21:19] [Render thread/DEBUG] (FabricLoader/Mixin) Renaming synthetic method lambda$reload$0(Lnet/minecraft/resource/ResourceManager;Lnet/minecraft/loot/LootManager;)V to md5ebeb3$fabric-loot-api-v2$lambda$reload$0$1 in fabric-loot-api-v2.mixins.json:LootManagerMixin from mod fabric-loot-api-v2
[11:21:19] [Render thread/DEBUG] (FabricLoader/Mixin) Mixing KeyedResourceReloadListenerMixin from fabric-resource-loader-v0.mixins.json into net.minecraft.loot.LootManager
[11:21:19] [Render thread/DEBUG] (FabricLoader/Mixin) fabric-resource-loader-v0.mixins.json:KeyedResourceReloadListenerMixin from mod fabric-resource-loader-v0: Class version 61 required is higher than the class version supported by the current version of Mixin (JAVA_16 supports class version 60)
[11:21:19] [Render thread/DEBUG] (FabricLoader/Mixin) Mixing LootManagerMixin from fabric-resource-conditions-api-v1.mixins.json into net.minecraft.loot.LootManager
[11:21:19] [Render thread/DEBUG] (FabricLoader/Mixin) fabric-resource-conditions-api-v1.mixins.json:LootManagerMixin from mod fabric-resource-conditions-api-v1: Class version 61 required is higher than the class version supported by the current version of Mixin (JAVA_16 supports class version 60)
[11:21:19] [Render thread/DEBUG] (FabricLoader/Mixin) fabric-loot-api-v2.mixins.json:LootManagerMixin from mod fabric-loot-api-v2->@Inject::reload(Lnet/minecraft/resource/ResourceReloader$Synchronizer;Lnet/minecraft/resource/ResourceManager;Lnet/minecraft/util/profiler/Profiler;Lnet/minecraft/util/profiler/Profiler;Ljava/util/concurrent/Executor;Ljava/util/concurrent/Executor;Lorg/spongepowered/asm/mixin/injection/callback/CallbackInfoReturnable;)V does use it's CallbackInfoReturnable
[11:21:19] [Render thread/DEBUG] (FabricLoader/Mixin) fabric-resource-conditions-api-v1.mixins.json:LootManagerMixin from mod fabric-resource-conditions-api-v1->@Inject::load(Lnet/minecraft/loot/LootDataType;Lnet/minecraft/resource/ResourceManager;Ljava/util/concurrent/Executor;Ljava/util/Map;Lorg/spongepowered/asm/mixin/injection/callback/CallbackInfoReturnable;Ljava/util/Map;)V doesn't use it's CallbackInfoReturnable
[11:21:19] [Render thread/DEBUG] (FabricLoader/Mixin) fabric-resource-conditions-api-v1.mixins.json:LootManagerMixin from mod fabric-resource-conditions-api-v1->@Inject::runAsync(Lnet/minecraft/resource/ResourceManager;Lnet/minecraft/loot/LootDataType;Ljava/util/Map;Lorg/spongepowered/asm/mixin/injection/callback/CallbackInfo;)V doesn't use it's CallbackInfo
[11:21:19] [Render thread/DEBUG] (FabricLoader/Mixin) fabric-resource-conditions-api-v1.mixins.json:LootManagerMixin from mod fabric-resource-conditions-api-v1->@Inject::applyResourceConditions(Lnet/minecraft/loot/LootDataType;Ljava/util/Map;Lnet/minecraft/util/Identifier;Lcom/google/gson/JsonElement;Lorg/spongepowered/asm/mixin/injection/callback/CallbackInfo;)V does use it's CallbackInfo
[11:21:19] [Render thread/DEBUG] (FabricLoader/Mixin) fabric-resource-conditions-api-v1.mixins.json:LootManagerMixin from mod fabric-resource-conditions-api-v1->@Inject::runAsyncEnd(Lnet/minecraft/resource/ResourceManager;Lnet/minecraft/loot/LootDataType;Ljava/util/Map;Lorg/spongepowered/asm/mixin/injection/callback/CallbackInfo;)V doesn't use it's CallbackInfo
[11:21:19] [Render thread/DEBUG] (FabricLoader/Mixin) Mixing LootTableAccessor from fabric-loot-api-v2.mixins.json into net.minecraft.loot.LootTable
[11:21:19] [Render thread/DEBUG] (FabricLoader/Mixin) fabric-loot-api-v2.mixins.json:LootTableAccessor from mod fabric-loot-api-v2: Class version 61 required is higher than the class version supported by the current version of Mixin (JAVA_8 supports class version 52)
[11:21:19] [Render thread/DEBUG] (FabricLoader/Mixin) Mixing LootTableMixin from fabric-loot-tables-v1.mixins.json into net.minecraft.loot.LootTable
[11:21:19] [Render thread/DEBUG] (FabricLoader/Mixin) fabric-loot-tables-v1.mixins.json:LootTableMixin from mod fabric-loot-tables-v1: Class version 61 required is higher than the class version supported by the current version of Mixin (JAVA_16 supports class version 60)
[11:21:19] [Render thread/DEBUG] (FabricLoader/Mixin) Mixing ServerLoginNetworkHandlerMixin from fabric-networking-api-v1.mixins.json into net.minecraft.server.network.ServerLoginNetworkHandler
[11:21:19] [Render thread/DEBUG] (FabricLoader/Mixin) fabric-networking-api-v1.mixins.json:ServerLoginNetworkHandlerMixin from mod fabric-networking-api-v1: Class version 61 required is higher than the class version supported by the current version of Mixin (JAVA_16 supports class version 60)
[11:21:19] [Render thread/DEBUG] (FabricLoader/Mixin) Mixing accessor.ServerLoginNetworkHandlerAccessor from fabric-networking-api-v1.mixins.json into net.minecraft.server.network.ServerLoginNetworkHandler
[11:21:19] [Render thread/DEBUG] (FabricLoader/Mixin) fabric-networking-api-v1.mixins.json:accessor.ServerLoginNetworkHandlerAccessor from mod fabric-networking-api-v1: Class version 61 required is higher than the class version supported by the current version of Mixin (JAVA_16 supports class version 60)
[11:21:19] [Render thread/DEBUG] (FabricLoader/Mixin) fabric-networking-api-v1.mixins.json:ServerLoginNetworkHandlerMixin from mod fabric-networking-api-v1->@Inject::initAddon(Lorg/spongepowered/asm/mixin/injection/callback/CallbackInfo;)V doesn't use it's CallbackInfo
[11:21:19] [Render thread/DEBUG] (FabricLoader/Mixin) fabric-networking-api-v1.mixins.json:ServerLoginNetworkHandlerMixin from mod fabric-networking-api-v1->@Inject::initAddon(Lorg/spongepowered/asm/mixin/injection/callback/CallbackInfo;)V has 0 override(s) in child classes
[11:21:19] [Render thread/DEBUG] (FabricLoader/Mixin) fabric-networking-api-v1.mixins.json:ServerLoginNetworkHandlerMixin from mod fabric-networking-api-v1->@Inject::initAddon(Lorg/spongepowered/asm/mixin/injection/callback/CallbackInfo;)V won't be passed a CallbackInfo as a result
[11:21:19] [Render thread/DEBUG] (FabricLoader/Mixin) fabric-networking-api-v1.mixins.json:ServerLoginNetworkHandlerMixin from mod fabric-networking-api-v1->@Inject::handleCustomPayloadReceivedAsync(Lnet/minecraft/network/packet/c2s/login/LoginQueryResponseC2SPacket;Lorg/spongepowered/asm/mixin/injection/callback/CallbackInfo;)V does use it's CallbackInfo
[11:21:19] [Render thread/DEBUG] (FabricLoader/Mixin) fabric-networking-api-v1.mixins.json:ServerLoginNetworkHandlerMixin from mod fabric-networking-api-v1->@Inject::handleDisconnection(Lnet/minecraft/text/Text;Lorg/spongepowered/asm/mixin/injection/callback/CallbackInfo;)V doesn't use it's CallbackInfo
[11:21:19] [Render thread/DEBUG] (FabricLoader/Mixin) fabric-networking-api-v1.mixins.json:ServerLoginNetworkHandlerMixin from mod fabric-networking-api-v1->@Inject::handleDisconnection(Lnet/minecraft/text/Text;Lorg/spongepowered/asm/mixin/injection/callback/CallbackInfo;)V has 0 override(s) in child classes
[11:21:19] [Render thread/DEBUG] (FabricLoader/Mixin) fabric-networking-api-v1.mixins.json:ServerLoginNetworkHandlerMixin from mod fabric-networking-api-v1->@Inject::handleDisconnection(Lnet/minecraft/text/Text;Lorg/spongepowered/asm/mixin/injection/callback/CallbackInfo;)V won't be passed a CallbackInfo as a result
[11:21:19] [Render thread/DEBUG] (FabricLoader/Mixin) fabric-networking-api-v1.mixins.json:ServerLoginNetworkHandlerMixin from mod fabric-networking-api-v1->@Inject::handlePlayTransitionNormal(Lnet/minecraft/server/network/ServerPlayerEntity;Lorg/spongepowered/asm/mixin/injection/callback/CallbackInfo;)V doesn't use it's CallbackInfo
[11:21:19] [Render thread/DEBUG] (FabricLoader/Mixin) fabric-networking-api-v1.mixins.json:ServerLoginNetworkHandlerMixin from mod fabric-networking-api-v1->@Inject::handlePlayTransitionNormal(Lnet/minecraft/server/network/ServerPlayerEntity;Lorg/spongepowered/asm/mixin/injection/callback/CallbackInfo;)V has 0 override(s) in child classes
[11:21:19] [Render thread/DEBUG] (FabricLoader/Mixin) fabric-networking-api-v1.mixins.json:ServerLoginNetworkHandlerMixin from mod fabric-networking-api-v1->@Inject::handlePlayTransitionNormal(Lnet/minecraft/server/network/ServerPlayerEntity;Lorg/spongepowered/asm/mixin/injection/callback/CallbackInfo;)V won't be passed a CallbackInfo as a result
[11:21:19] [Render thread/DEBUG] (FabricLoader/Entrypoint) Iterating over entrypoint 'client'
[11:21:19] [Render thread/INFO] (net.fabricmc.fabric.impl.client.indigo.Indigo) [Indigo] Registering Indigo renderer!
[11:21:19] [Render thread/DEBUG] (FabricLoader/Mixin) Mixing GameRendererMixin from fabric-screen-api-v1.mixins.json into net.minecraft.client.render.GameRenderer
[11:21:19] [Render thread/DEBUG] (FabricLoader/Mixin) fabric-screen-api-v1.mixins.json:GameRendererMixin from mod fabric-screen-api-v1: Class version 61 required is higher than the class version supported by the current version of Mixin (JAVA_16 supports class version 60)
[11:21:19] [Render thread/DEBUG] (FabricLoader/Mixin) Mixing GameRendererAccessor from nebula.mixins.json into net.minecraft.client.render.GameRenderer
[11:21:19] [Render thread/DEBUG] (FabricLoader/Mixin) Mixing GameRendererMixin from nebula.mixins.json into net.minecraft.client.render.GameRenderer
[11:21:19] [Render thread/DEBUG] (FabricLoader/Mixin) Mixing shader.GameRendererMixin from fabric-rendering-v1.mixins.json into net.minecraft.client.render.GameRenderer
[11:21:19] [Render thread/DEBUG] (FabricLoader/Mixin) fabric-rendering-v1.mixins.json:shader.GameRendererMixin from mod fabric-rendering-v1: Class version 61 required is higher than the class version supported by the current version of Mixin (JAVA_16 supports class version 60)
[11:21:19] [Render thread/DEBUG] (FabricLoader/Mixin) Renaming synthetic method lambda$registerShaders$0(Lnet/minecraft/resource/ResourceFactory;Ljava/util/List;Lnet/minecraft/util/Identifier;Lnet/minecraft/client/render/VertexFormat;Ljava/util/function/Consumer;)V to md5ebeb3$fabric-rendering-v1$lambda$registerShaders$0$0 in fabric-rendering-v1.mixins.json:shader.GameRendererMixin from mod fabric-rendering-v1
[11:21:20] [Render thread/DEBUG] (FabricLoader/Mixin) fabric-screen-api-v1.mixins.json:GameRendererMixin from mod fabric-screen-api-v1->@Inject::onBeforeRenderScreen(FJZLorg/spongepowered/asm/mixin/injection/callback/CallbackInfo;IILnet/minecraft/client/util/math/MatrixStack;Lnet/minecraft/client/gui/DrawContext;)V doesn't use it's CallbackInfo
[11:21:20] [Render thread/DEBUG] (FabricLoader/Mixin) fabric-screen-api-v1.mixins.json:GameRendererMixin from mod fabric-screen-api-v1->@Inject::onBeforeRenderScreen(FJZLorg/spongepowered/asm/mixin/injection/callback/CallbackInfo;IILnet/minecraft/client/util/math/MatrixStack;Lnet/minecraft/client/gui/DrawContext;)V has 0 override(s) in child classes
[11:21:20] [Render thread/DEBUG] (FabricLoader/Mixin) fabric-screen-api-v1.mixins.json:GameRendererMixin from mod fabric-screen-api-v1->@Inject::onBeforeRenderScreen(FJZLorg/spongepowered/asm/mixin/injection/callback/CallbackInfo;IILnet/minecraft/client/util/math/MatrixStack;Lnet/minecraft/client/gui/DrawContext;)V won't be passed a CallbackInfo as a result
[11:21:20] [Render thread/DEBUG] (FabricLoader/Mixin) fabric-screen-api-v1.mixins.json:GameRendererMixin from mod fabric-screen-api-v1->@Inject::onAfterRenderScreen(FJZLorg/spongepowered/asm/mixin/injection/callback/CallbackInfo;IILnet/minecraft/client/util/math/MatrixStack;Lnet/minecraft/client/gui/DrawContext;)V doesn't use it's CallbackInfo
[11:21:20] [Render thread/DEBUG] (FabricLoader/Mixin) fabric-screen-api-v1.mixins.json:GameRendererMixin from mod fabric-screen-api-v1->@Inject::onAfterRenderScreen(FJZLorg/spongepowered/asm/mixin/injection/callback/CallbackInfo;IILnet/minecraft/client/util/math/MatrixStack;Lnet/minecraft/client/gui/DrawContext;)V has 0 override(s) in child classes
[11:21:20] [Render thread/DEBUG] (FabricLoader/Mixin) fabric-screen-api-v1.mixins.json:GameRendererMixin from mod fabric-screen-api-v1->@Inject::onAfterRenderScreen(FJZLorg/spongepowered/asm/mixin/injection/callback/CallbackInfo;IILnet/minecraft/client/util/math/MatrixStack;Lnet/minecraft/client/gui/DrawContext;)V won't be passed a CallbackInfo as a result
[11:21:20] [Render thread/DEBUG] (FabricLoader/Mixin) nebula.mixins.json:GameRendererMixin from mod nebula->@Inject::nebula$removeHurtShake(Lnet/minecraft/client/util/math/MatrixStack;FLorg/spongepowered/asm/mixin/injection/callback/CallbackInfo;)V does use it's CallbackInfo
[11:21:20] [Render thread/DEBUG] (FabricLoader/Mixin) fabric-rendering-v1.mixins.json:shader.GameRendererMixin from mod fabric-rendering-v1->@Inject::registerShaders(Lnet/minecraft/resource/ResourceFactory;Lorg/spongepowered/asm/mixin/injection/callback/CallbackInfo;Ljava/util/List;Ljava/util/List;)V doesn't use it's CallbackInfo
[11:21:20] [Render thread/DEBUG] (FabricLoader/Mixin) fabric-rendering-v1.mixins.json:shader.GameRendererMixin from mod fabric-rendering-v1->@Inject::registerShaders(Lnet/minecraft/resource/ResourceFactory;Lorg/spongepowered/asm/mixin/injection/callback/CallbackInfo;Ljava/util/List;Ljava/util/List;)V has 0 override(s) in child classes
[11:21:20] [Render thread/DEBUG] (FabricLoader/Mixin) fabric-rendering-v1.mixins.json:shader.GameRendererMixin from mod fabric-rendering-v1->@Inject::registerShaders(Lnet/minecraft/resource/ResourceFactory;Lorg/spongepowered/asm/mixin/injection/callback/CallbackInfo;Ljava/util/List;Ljava/util/List;)V won't be passed a CallbackInfo as a result
[11:21:20] [Render thread/DEBUG] (FabricLoader/Mixin) fabric-rendering-v1.mixins.json:shader.GameRendererMixin from mod fabric-rendering-v1->@Inject::registerShaders(Lnet/minecraft/resource/ResourceFactory;Lorg/spongepowered/asm/mixin/injection/callback/CallbackInfo;Ljava/util/List;Ljava/util/List;)V doesn't use it's CallbackInfo
[11:21:20] [Render thread/DEBUG] (FabricLoader/Mixin) fabric-rendering-v1.mixins.json:shader.GameRendererMixin from mod fabric-rendering-v1->@Inject::registerShaders(Lnet/minecraft/resource/ResourceFactory;Lorg/spongepowered/asm/mixin/injection/callback/CallbackInfo;Ljava/util/List;Ljava/util/List;)V has 0 override(s) in child classes
[11:21:20] [Render thread/DEBUG] (FabricLoader/Mixin) fabric-rendering-v1.mixins.json:shader.GameRendererMixin from mod fabric-rendering-v1->@Inject::registerShaders(Lnet/minecraft/resource/ResourceFactory;Lorg/spongepowered/asm/mixin/injection/callback/CallbackInfo;Ljava/util/List;Ljava/util/List;)V won't be passed a CallbackInfo as a result
[11:21:20] [Render thread/DEBUG] (FabricLoader/Mixin) fabric-rendering-v1.mixins.json:shader.GameRendererMixin from mod fabric-rendering-v1->@Inject::registerShaders(Lnet/minecraft/resource/ResourceFactory;Lorg/spongepowered/asm/mixin/injection/callback/CallbackInfo;Ljava/util/List;Ljava/util/List;)V doesn't use it's CallbackInfo
[11:21:20] [Render thread/DEBUG] (FabricLoader/Mixin) fabric-rendering-v1.mixins.json:shader.GameRendererMixin from mod fabric-rendering-v1->@Inject::registerShaders(Lnet/minecraft/resource/ResourceFactory;Lorg/spongepowered/asm/mixin/injection/callback/CallbackInfo;Ljava/util/List;Ljava/util/List;)V has 0 override(s) in child classes
[11:21:20] [Render thread/DEBUG] (FabricLoader/Mixin) fabric-rendering-v1.mixins.json:shader.GameRendererMixin from mod fabric-rendering-v1->@Inject::registerShaders(Lnet/minecraft/resource/ResourceFactory;Lorg/spongepowered/asm/mixin/injection/callback/CallbackInfo;Ljava/util/List;Ljava/util/List;)V won't be passed a CallbackInfo as a result
[11:21:20] [Render thread/DEBUG] (FabricLoader/Mixin) fabric-rendering-v1.mixins.json:shader.GameRendererMixin from mod fabric-rendering-v1->@Inject::registerShaders(Lnet/minecraft/resource/ResourceFactory;Lorg/spongepowered/asm/mixin/injection/callback/CallbackInfo;Ljava/util/List;Ljava/util/List;)V doesn't use it's CallbackInfo
[11:21:20] [Render thread/DEBUG] (FabricLoader/Mixin) fabric-rendering-v1.mixins.json:shader.GameRendererMixin from mod fabric-rendering-v1->@Inject::registerShaders(Lnet/minecraft/resource/ResourceFactory;Lorg/spongepowered/asm/mixin/injection/callback/CallbackInfo;Ljava/util/List;Ljava/util/List;)V has 0 override(s) in child classes
[11:21:20] [Render thread/DEBUG] (FabricLoader/Mixin) fabric-rendering-v1.mixins.json:shader.GameRendererMixin from mod fabric-rendering-v1->@Inject::registerShaders(Lnet/minecraft/resource/ResourceFactory;Lorg/spongepowered/asm/mixin/injection/callback/CallbackInfo;Ljava/util/List;Ljava/util/List;)V won't be passed a CallbackInfo as a result
[11:21:20] [Render thread/DEBUG] (FabricLoader/Mixin) fabric-rendering-v1.mixins.json:shader.GameRendererMixin from mod fabric-rendering-v1->@Inject::registerShaders(Lnet/minecraft/resource/ResourceFactory;Lorg/spongepowered/asm/mixin/injection/callback/CallbackInfo;Ljava/util/List;Ljava/util/List;)V doesn't use it's CallbackInfo
[11:21:20] [Render thread/DEBUG] (FabricLoader/Mixin) fabric-rendering-v1.mixins.json:shader.GameRendererMixin from mod fabric-rendering-v1->@Inject::registerShaders(Lnet/minecraft/resource/ResourceFactory;Lorg/spongepowered/asm/mixin/injection/callback/CallbackInfo;Ljava/util/List;Ljava/util/List;)V has 0 override(s) in child classes
[11:21:20] [Render thread/DEBUG] (FabricLoader/Mixin) fabric-rendering-v1.mixins.json:shader.GameRendererMixin from mod fabric-rendering-v1->@Inject::registerShaders(Lnet/minecraft/resource/ResourceFactory;Lorg/spongepowered/asm/mixin/injection/callback/CallbackInfo;Ljava/util/List;Ljava/util/List;)V won't be passed a CallbackInfo as a result
[11:21:20] [Render thread/DEBUG] (FabricLoader/Mixin) fabric-rendering-v1.mixins.json:shader.GameRendererMixin from mod fabric-rendering-v1->@Inject::registerShaders(Lnet/minecraft/resource/ResourceFactory;Lorg/spongepowered/asm/mixin/injection/callback/CallbackInfo;Ljava/util/List;Ljava/util/List;)V doesn't use it's CallbackInfo
[11:21:20] [Render thread/DEBUG] (FabricLoader/Mixin) fabric-rendering-v1.mixins.json:shader.GameRendererMixin from mod fabric-rendering-v1->@Inject::registerShaders(Lnet/minecraft/resource/ResourceFactory;Lorg/spongepowered/asm/mixin/injection/callback/CallbackInfo;Ljava/util/List;Ljava/util/List;)V has 0 override(s) in child classes
[11:21:20] [Render thread/DEBUG] (FabricLoader/Mixin) fabric-rendering-v1.mixins.json:shader.GameRendererMixin from mod fabric-rendering-v1->@Inject::registerShaders(Lnet/minecraft/resource/ResourceFactory;Lorg/spongepowered/asm/mixin/injection/callback/CallbackInfo;Ljava/util/List;Ljava/util/List;)V won't be passed a CallbackInfo as a result
[11:21:20] [Render thread/DEBUG] (FabricLoader/Mixin) fabric-rendering-v1.mixins.json:shader.GameRendererMixin from mod fabric-rendering-v1->@Inject::registerShaders(Lnet/minecraft/resource/ResourceFactory;Lorg/spongepowered/asm/mixin/injection/callback/CallbackInfo;Ljava/util/List;Ljava/util/List;)V doesn't use it's CallbackInfo
[11:21:20] [Render thread/DEBUG] (FabricLoader/Mixin) fabric-rendering-v1.mixins.json:shader.GameRendererMixin from mod fabric-rendering-v1->@Inject::registerShaders(Lnet/minecraft/resource/ResourceFactory;Lorg/spongepowered/asm/mixin/injection/callback/CallbackInfo;Ljava/util/List;Ljava/util/List;)V has 0 override(s) in child classes
[11:21:20] [Render thread/DEBUG] (FabricLoader/Mixin) fabric-rendering-v1.mixins.json:shader.GameRendererMixin from mod fabric-rendering-v1->@Inject::registerShaders(Lnet/minecraft/resource/ResourceFactory;Lorg/spongepowered/asm/mixin/injection/callback/CallbackInfo;Ljava/util/List;Ljava/util/List;)V won't be passed a CallbackInfo as a result
[11:21:20] [Render thread/DEBUG] (FabricLoader/Mixin) fabric-rendering-v1.mixins.json:shader.GameRendererMixin from mod fabric-rendering-v1->@Inject::registerShaders(Lnet/minecraft/resource/ResourceFactory;Lorg/spongepowered/asm/mixin/injection/callback/CallbackInfo;Ljava/util/List;Ljava/util/List;)V doesn't use it's CallbackInfo
[11:21:20] [Render thread/DEBUG] (FabricLoader/Mixin) fabric-rendering-v1.mixins.json:shader.GameRendererMixin from mod fabric-rendering-v1->@Inject::registerShaders(Lnet/minecraft/resource/ResourceFactory;Lorg/spongepowered/asm/mixin/injection/callback/CallbackInfo;Ljava/util/List;Ljava/util/List;)V has 0 override(s) in child classes
[11:21:20] [Render thread/DEBUG] (FabricLoader/Mixin) fabric-rendering-v1.mixins.json:shader.GameRendererMixin from mod fabric-rendering-v1->@Inject::registerShaders(Lnet/minecraft/resource/ResourceFactory;Lorg/spongepowered/asm/mixin/injection/callback/CallbackInfo;Ljava/util/List;Ljava/util/List;)V won't be passed a CallbackInfo as a result
[11:21:20] [Render thread/DEBUG] (FabricLoader/Mixin) fabric-rendering-v1.mixins.json:shader.GameRendererMixin from mod fabric-rendering-v1->@Inject::registerShaders(Lnet/minecraft/resource/ResourceFactory;Lorg/spongepowered/asm/mixin/injection/callback/CallbackInfo;Ljava/util/List;Ljava/util/List;)V doesn't use it's CallbackInfo
[11:21:20] [Render thread/DEBUG] (FabricLoader/Mixin) fabric-rendering-v1.mixins.json:shader.GameRendererMixin from mod fabric-rendering-v1->@Inject::registerShaders(Lnet/minecraft/resource/ResourceFactory;Lorg/spongepowered/asm/mixin/injection/callback/CallbackInfo;Ljava/util/List;Ljava/util/List;)V has 0 override(s) in child classes
[11:21:20] [Render thread/DEBUG] (FabricLoader/Mixin) fabric-rendering-v1.mixins.json:shader.GameRendererMixin from mod fabric-rendering-v1->@Inject::registerShaders(Lnet/minecraft/resource/ResourceFactory;Lorg/spongepowered/asm/mixin/injection/callback/CallbackInfo;Ljava/util/List;Ljava/util/List;)V won't be passed a CallbackInfo as a result
[11:21:20] [Render thread/DEBUG] (FabricLoader/Mixin) fabric-rendering-v1.mixins.json:shader.GameRendererMixin from mod fabric-rendering-v1->@Inject::registerShaders(Lnet/minecraft/resource/ResourceFactory;Lorg/spongepowered/asm/mixin/injection/callback/CallbackInfo;Ljava/util/List;Ljava/util/List;)V doesn't use it's CallbackInfo
[11:21:20] [Render thread/DEBUG] (FabricLoader/Mixin) fabric-rendering-v1.mixins.json:shader.GameRendererMixin from mod fabric-rendering-v1->@Inject::registerShaders(Lnet/minecraft/resource/ResourceFactory;Lorg/spongepowered/asm/mixin/injection/callback/CallbackInfo;Ljava/util/List;Ljava/util/List;)V has 0 override(s) in child classes
[11:21:20] [Render thread/DEBUG] (FabricLoader/Mixin) fabric-rendering-v1.mixins.json:shader.GameRendererMixin from mod fabric-rendering-v1->@Inject::registerShaders(Lnet/minecraft/resource/ResourceFactory;Lorg/spongepowered/asm/mixin/injection/callback/CallbackInfo;Ljava/util/List;Ljava/util/List;)V won't be passed a CallbackInfo as a result
[11:21:20] [Render thread/DEBUG] (FabricLoader/Mixin) fabric-rendering-v1.mixins.json:shader.GameRendererMixin from mod fabric-rendering-v1->@Inject::registerShaders(Lnet/minecraft/resource/ResourceFactory;Lorg/spongepowered/asm/mixin/injection/callback/CallbackInfo;Ljava/util/List;Ljava/util/List;)V doesn't use it's CallbackInfo
[11:21:20] [Render thread/DEBUG] (FabricLoader/Mixin) fabric-rendering-v1.mixins.json:shader.GameRendererMixin from mod fabric-rendering-v1->@Inject::registerShaders(Lnet/minecraft/resource/ResourceFactory;Lorg/spongepowered/asm/mixin/injection/callback/CallbackInfo;Ljava/util/List;Ljava/util/List;)V has 0 override(s) in child classes
[11:21:20] [Render thread/DEBUG] (FabricLoader/Mixin) fabric-rendering-v1.mixins.json:shader.GameRendererMixin from mod fabric-rendering-v1->@Inject::registerShaders(Lnet/minecraft/resource/ResourceFactory;Lorg/spongepowered/asm/mixin/injection/callback/CallbackInfo;Ljava/util/List;Ljava/util/List;)V won't be passed a CallbackInfo as a result
[11:21:20] [Render thread/DEBUG] (FabricLoader/Mixin) fabric-rendering-v1.mixins.json:shader.GameRendererMixin from mod fabric-rendering-v1->@Inject::registerShaders(Lnet/minecraft/resource/ResourceFactory;Lorg/spongepowered/asm/mixin/injection/callback/CallbackInfo;Ljava/util/List;Ljava/util/List;)V doesn't use it's CallbackInfo
[11:21:20] [Render thread/DEBUG] (FabricLoader/Mixin) fabric-rendering-v1.mixins.json:shader.GameRendererMixin from mod fabric-rendering-v1->@Inject::registerShaders(Lnet/minecraft/resource/ResourceFactory;Lorg/spongepowered/asm/mixin/injection/callback/CallbackInfo;Ljava/util/List;Ljava/util/List;)V has 0 override(s) in child classes
[11:21:20] [Render thread/DEBUG] (FabricLoader/Mixin) fabric-rendering-v1.mixins.json:shader.GameRendererMixin from mod fabric-rendering-v1->@Inject::registerShaders(Lnet/minecraft/resource/ResourceFactory;Lorg/spongepowered/asm/mixin/injection/callback/CallbackInfo;Ljava/util/List;Ljava/util/List;)V won't be passed a CallbackInfo as a result
[11:21:20] [Render thread/DEBUG] (FabricLoader/Mixin) fabric-rendering-v1.mixins.json:shader.GameRendererMixin from mod fabric-rendering-v1->@Inject::registerShaders(Lnet/minecraft/resource/ResourceFactory;Lorg/spongepowered/asm/mixin/injection/callback/CallbackInfo;Ljava/util/List;Ljava/util/List;)V doesn't use it's CallbackInfo
[11:21:20] [Render thread/DEBUG] (FabricLoader/Mixin) fabric-rendering-v1.mixins.json:shader.GameRendererMixin from mod fabric-rendering-v1->@Inject::registerShaders(Lnet/minecraft/resource/ResourceFactory;Lorg/spongepowered/asm/mixin/injection/callback/CallbackInfo;Ljava/util/List;Ljava/util/List;)V has 0 override(s) in child classes
[11:21:20] [Render thread/DEBUG] (FabricLoader/Mixin) fabric-rendering-v1.mixins.json:shader.GameRendererMixin from mod fabric-rendering-v1->@Inject::registerShaders(Lnet/minecraft/resource/ResourceFactory;Lorg/spongepowered/asm/mixin/injection/callback/CallbackInfo;Ljava/util/List;Ljava/util/List;)V won't be passed a CallbackInfo as a result
[11:21:20] [Render thread/DEBUG] (FabricLoader/Mixin) fabric-rendering-v1.mixins.json:shader.GameRendererMixin from mod fabric-rendering-v1->@Inject::registerShaders(Lnet/minecraft/resource/ResourceFactory;Lorg/spongepowered/asm/mixin/injection/callback/CallbackInfo;Ljava/util/List;Ljava/util/List;)V doesn't use it's CallbackInfo
[11:21:20] [Render thread/DEBUG] (FabricLoader/Mixin) fabric-rendering-v1.mixins.json:shader.GameRendererMixin from mod fabric-rendering-v1->@Inject::registerShaders(Lnet/minecraft/resource/ResourceFactory;Lorg/spongepowered/asm/mixin/injection/callback/CallbackInfo;Ljava/util/List;Ljava/util/List;)V has 0 override(s) in child classes
[11:21:20] [Render thread/DEBUG] (FabricLoader/Mixin) fabric-rendering-v1.mixins.json:shader.GameRendererMixin from mod fabric-rendering-v1->@Inject::registerShaders(Lnet/minecraft/resource/ResourceFactory;Lorg/spongepowered/asm/mixin/injection/callback/CallbackInfo;Ljava/util/List;Ljava/util/List;)V won't be passed a CallbackInfo as a result
[11:21:20] [Render thread/DEBUG] (FabricLoader/Mixin) fabric-rendering-v1.mixins.json:shader.GameRendererMixin from mod fabric-rendering-v1->@Inject::registerShaders(Lnet/minecraft/resource/ResourceFactory;Lorg/spongepowered/asm/mixin/injection/callback/CallbackInfo;Ljava/util/List;Ljava/util/List;)V doesn't use it's CallbackInfo
[11:21:20] [Render thread/DEBUG] (FabricLoader/Mixin) fabric-rendering-v1.mixins.json:shader.GameRendererMixin from mod fabric-rendering-v1->@Inject::registerShaders(Lnet/minecraft/resource/ResourceFactory;Lorg/spongepowered/asm/mixin/injection/callback/CallbackInfo;Ljava/util/List;Ljava/util/List;)V has 0 override(s) in child classes
[11:21:20] [Render thread/DEBUG] (FabricLoader/Mixin) fabric-rendering-v1.mixins.json:shader.GameRendererMixin from mod fabric-rendering-v1->@Inject::registerShaders(Lnet/minecraft/resource/ResourceFactory;Lorg/spongepowered/asm/mixin/injection/callback/CallbackInfo;Ljava/util/List;Ljava/util/List;)V won't be passed a CallbackInfo as a result
[11:21:20] [Render thread/DEBUG] (FabricLoader/Mixin) fabric-rendering-v1.mixins.json:shader.GameRendererMixin from mod fabric-rendering-v1->@Inject::registerShaders(Lnet/minecraft/resource/ResourceFactory;Lorg/spongepowered/asm/mixin/injection/callback/CallbackInfo;Ljava/util/List;Ljava/util/List;)V doesn't use it's CallbackInfo
[11:21:20] [Render thread/DEBUG] (FabricLoader/Mixin) fabric-rendering-v1.mixins.json:shader.GameRendererMixin from mod fabric-rendering-v1->@Inject::registerShaders(Lnet/minecraft/resource/ResourceFactory;Lorg/spongepowered/asm/mixin/injection/callback/CallbackInfo;Ljava/util/List;Ljava/util/List;)V has 0 override(s) in child classes
[11:21:20] [Render thread/DEBUG] (FabricLoader/Mixin) fabric-rendering-v1.mixins.json:shader.GameRendererMixin from mod fabric-rendering-v1->@Inject::registerShaders(Lnet/minecraft/resource/ResourceFactory;Lorg/spongepowered/asm/mixin/injection/callback/CallbackInfo;Ljava/util/List;Ljava/util/List;)V won't be passed a CallbackInfo as a result
[11:21:20] [Render thread/DEBUG] (FabricLoader/Mixin) fabric-rendering-v1.mixins.json:shader.GameRendererMixin from mod fabric-rendering-v1->@Inject::registerShaders(Lnet/minecraft/resource/ResourceFactory;Lorg/spongepowered/asm/mixin/injection/callback/CallbackInfo;Ljava/util/List;Ljava/util/List;)V doesn't use it's CallbackInfo
[11:21:20] [Render thread/DEBUG] (FabricLoader/Mixin) fabric-rendering-v1.mixins.json:shader.GameRendererMixin from mod fabric-rendering-v1->@Inject::registerShaders(Lnet/minecraft/resource/ResourceFactory;Lorg/spongepowered/asm/mixin/injection/callback/CallbackInfo;Ljava/util/List;Ljava/util/List;)V has 0 override(s) in child classes
[11:21:20] [Render thread/DEBUG] (FabricLoader/Mixin) fabric-rendering-v1.mixins.json:shader.GameRendererMixin from mod fabric-rendering-v1->@Inject::registerShaders(Lnet/minecraft/resource/ResourceFactory;Lorg/spongepowered/asm/mixin/injection/callback/CallbackInfo;Ljava/util/List;Ljava/util/List;)V won't be passed a CallbackInfo as a result
[11:21:20] [Render thread/DEBUG] (FabricLoader/Mixin) fabric-rendering-v1.mixins.json:shader.GameRendererMixin from mod fabric-rendering-v1->@Inject::registerShaders(Lnet/minecraft/resource/ResourceFactory;Lorg/spongepowered/asm/mixin/injection/callback/CallbackInfo;Ljava/util/List;Ljava/util/List;)V doesn't use it's CallbackInfo
[11:21:20] [Render thread/DEBUG] (FabricLoader/Mixin) fabric-rendering-v1.mixins.json:shader.GameRendererMixin from mod fabric-rendering-v1->@Inject::registerShaders(Lnet/minecraft/resource/ResourceFactory;Lorg/spongepowered/asm/mixin/injection/callback/CallbackInfo;Ljava/util/List;Ljava/util/List;)V has 0 override(s) in child classes
[11:21:20] [Render thread/DEBUG] (FabricLoader/Mixin) fabric-rendering-v1.mixins.json:shader.GameRendererMixin from mod fabric-rendering-v1->@Inject::registerShaders(Lnet/minecraft/resource/ResourceFactory;Lorg/spongepowered/asm/mixin/injection/callback/CallbackInfo;Ljava/util/List;Ljava/util/List;)V won't be passed a CallbackInfo as a result
[11:21:20] [Render thread/DEBUG] (FabricLoader/Mixin) fabric-rendering-v1.mixins.json:shader.GameRendererMixin from mod fabric-rendering-v1->@Inject::registerShaders(Lnet/minecraft/resource/ResourceFactory;Lorg/spongepowered/asm/mixin/injection/callback/CallbackInfo;Ljava/util/List;Ljava/util/List;)V doesn't use it's CallbackInfo
[11:21:20] [Render thread/DEBUG] (FabricLoader/Mixin) fabric-rendering-v1.mixins.json:shader.GameRendererMixin from mod fabric-rendering-v1->@Inject::registerShaders(Lnet/minecraft/resource/ResourceFactory;Lorg/spongepowered/asm/mixin/injection/callback/CallbackInfo;Ljava/util/List;Ljava/util/List;)V has 0 override(s) in child classes
[11:21:20] [Render thread/DEBUG] (FabricLoader/Mixin) fabric-rendering-v1.mixins.json:shader.GameRendererMixin from mod fabric-rendering-v1->@Inject::registerShaders(Lnet/minecraft/resource/ResourceFactory;Lorg/spongepowered/asm/mixin/injection/callback/CallbackInfo;Ljava/util/List;Ljava/util/List;)V won't be passed a CallbackInfo as a result
[11:21:20] [Render thread/DEBUG] (FabricLoader/Mixin) fabric-rendering-v1.mixins.json:shader.GameRendererMixin from mod fabric-rendering-v1->@Inject::registerShaders(Lnet/minecraft/resource/ResourceFactory;Lorg/spongepowered/asm/mixin/injection/callback/CallbackInfo;Ljava/util/List;Ljava/util/List;)V doesn't use it's CallbackInfo
[11:21:20] [Render thread/DEBUG] (FabricLoader/Mixin) fabric-rendering-v1.mixins.json:shader.GameRendererMixin from mod fabric-rendering-v1->@Inject::registerShaders(Lnet/minecraft/resource/ResourceFactory;Lorg/spongepowered/asm/mixin/injection/callback/CallbackInfo;Ljava/util/List;Ljava/util/List;)V has 0 override(s) in child classes
[11:21:20] [Render thread/DEBUG] (FabricLoader/Mixin) fabric-rendering-v1.mixins.json:shader.GameRendererMixin from mod fabric-rendering-v1->@Inject::registerShaders(Lnet/minecraft/resource/ResourceFactory;Lorg/spongepowered/asm/mixin/injection/callback/CallbackInfo;Ljava/util/List;Ljava/util/List;)V won't be passed a CallbackInfo as a result
[11:21:20] [Render thread/DEBUG] (FabricLoader/Mixin) fabric-rendering-v1.mixins.json:shader.GameRendererMixin from mod fabric-rendering-v1->@Inject::registerShaders(Lnet/minecraft/resource/ResourceFactory;Lorg/spongepowered/asm/mixin/injection/callback/CallbackInfo;Ljava/util/List;Ljava/util/List;)V doesn't use it's CallbackInfo
[11:21:20] [Render thread/DEBUG] (FabricLoader/Mixin) fabric-rendering-v1.mixins.json:shader.GameRendererMixin from mod fabric-rendering-v1->@Inject::registerShaders(Lnet/minecraft/resource/ResourceFactory;Lorg/spongepowered/asm/mixin/injection/callback/CallbackInfo;Ljava/util/List;Ljava/util/List;)V has 0 override(s) in child classes
[11:21:20] [Render thread/DEBUG] (FabricLoader/Mixin) fabric-rendering-v1.mixins.json:shader.GameRendererMixin from mod fabric-rendering-v1->@Inject::registerShaders(Lnet/minecraft/resource/ResourceFactory;Lorg/spongepowered/asm/mixin/injection/callback/CallbackInfo;Ljava/util/List;Ljava/util/List;)V won't be passed a CallbackInfo as a result
[11:21:20] [Render thread/DEBUG] (FabricLoader/Mixin) fabric-rendering-v1.mixins.json:shader.GameRendererMixin from mod fabric-rendering-v1->@Inject::registerShaders(Lnet/minecraft/resource/ResourceFactory;Lorg/spongepowered/asm/mixin/injection/callback/CallbackInfo;Ljava/util/List;Ljava/util/List;)V doesn't use it's CallbackInfo
[11:21:20] [Render thread/DEBUG] (FabricLoader/Mixin) fabric-rendering-v1.mixins.json:shader.GameRendererMixin from mod fabric-rendering-v1->@Inject::registerShaders(Lnet/minecraft/resource/ResourceFactory;Lorg/spongepowered/asm/mixin/injection/callback/CallbackInfo;Ljava/util/List;Ljava/util/List;)V has 0 override(s) in child classes
[11:21:20] [Render thread/DEBUG] (FabricLoader/Mixin) fabric-rendering-v1.mixins.json:shader.GameRendererMixin from mod fabric-rendering-v1->@Inject::registerShaders(Lnet/minecraft/resource/ResourceFactory;Lorg/spongepowered/asm/mixin/injection/callback/CallbackInfo;Ljava/util/List;Ljava/util/List;)V won't be passed a CallbackInfo as a result
[11:21:20] [Render thread/DEBUG] (FabricLoader/Mixin) fabric-rendering-v1.mixins.json:shader.GameRendererMixin from mod fabric-rendering-v1->@Inject::registerShaders(Lnet/minecraft/resource/ResourceFactory;Lorg/spongepowered/asm/mixin/injection/callback/CallbackInfo;Ljava/util/List;Ljava/util/List;)V doesn't use it's CallbackInfo
[11:21:20] [Render thread/DEBUG] (FabricLoader/Mixin) fabric-rendering-v1.mixins.json:shader.GameRendererMixin from mod fabric-rendering-v1->@Inject::registerShaders(Lnet/minecraft/resource/ResourceFactory;Lorg/spongepowered/asm/mixin/injection/callback/CallbackInfo;Ljava/util/List;Ljava/util/List;)V has 0 override(s) in child classes
[11:21:20] [Render thread/DEBUG] (FabricLoader/Mixin) fabric-rendering-v1.mixins.json:shader.GameRendererMixin from mod fabric-rendering-v1->@Inject::registerShaders(Lnet/minecraft/resource/ResourceFactory;Lorg/spongepowered/asm/mixin/injection/callback/CallbackInfo;Ljava/util/List;Ljava/util/List;)V won't be passed a CallbackInfo as a result
[11:21:20] [Render thread/DEBUG] (FabricLoader/Mixin) fabric-rendering-v1.mixins.json:shader.GameRendererMixin from mod fabric-rendering-v1->@Inject::registerShaders(Lnet/minecraft/resource/ResourceFactory;Lorg/spongepowered/asm/mixin/injection/callback/CallbackInfo;Ljava/util/List;Ljava/util/List;)V doesn't use it's CallbackInfo
[11:21:20] [Render thread/DEBUG] (FabricLoader/Mixin) fabric-rendering-v1.mixins.json:shader.GameRendererMixin from mod fabric-rendering-v1->@Inject::registerShaders(Lnet/minecraft/resource/ResourceFactory;Lorg/spongepowered/asm/mixin/injection/callback/CallbackInfo;Ljava/util/List;Ljava/util/List;)V has 0 override(s) in child classes
[11:21:20] [Render thread/DEBUG] (FabricLoader/Mixin) fabric-rendering-v1.mixins.json:shader.GameRendererMixin from mod fabric-rendering-v1->@Inject::registerShaders(Lnet/minecraft/resource/ResourceFactory;Lorg/spongepowered/asm/mixin/injection/callback/CallbackInfo;Ljava/util/List;Ljava/util/List;)V won't be passed a CallbackInfo as a result
[11:21:20] [Render thread/DEBUG] (FabricLoader/Mixin) fabric-rendering-v1.mixins.json:shader.GameRendererMixin from mod fabric-rendering-v1->@Inject::registerShaders(Lnet/minecraft/resource/ResourceFactory;Lorg/spongepowered/asm/mixin/injection/callback/CallbackInfo;Ljava/util/List;Ljava/util/List;)V doesn't use it's CallbackInfo
[11:21:20] [Render thread/DEBUG] (FabricLoader/Mixin) fabric-rendering-v1.mixins.json:shader.GameRendererMixin from mod fabric-rendering-v1->@Inject::registerShaders(Lnet/minecraft/resource/ResourceFactory;Lorg/spongepowered/asm/mixin/injection/callback/CallbackInfo;Ljava/util/List;Ljava/util/List;)V has 0 override(s) in child classes
[11:21:20] [Render thread/DEBUG] (FabricLoader/Mixin) fabric-rendering-v1.mixins.json:shader.GameRendererMixin from mod fabric-rendering-v1->@Inject::registerShaders(Lnet/minecraft/resource/ResourceFactory;Lorg/spongepowered/asm/mixin/injection/callback/CallbackInfo;Ljava/util/List;Ljava/util/List;)V won't be passed a CallbackInfo as a result
[11:21:20] [Render thread/DEBUG] (FabricLoader/Mixin) fabric-rendering-v1.mixins.json:shader.GameRendererMixin from mod fabric-rendering-v1->@Inject::registerShaders(Lnet/minecraft/resource/ResourceFactory;Lorg/spongepowered/asm/mixin/injection/callback/CallbackInfo;Ljava/util/List;Ljava/util/List;)V doesn't use it's CallbackInfo
[11:21:20] [Render thread/DEBUG] (FabricLoader/Mixin) fabric-rendering-v1.mixins.json:shader.GameRendererMixin from mod fabric-rendering-v1->@Inject::registerShaders(Lnet/minecraft/resource/ResourceFactory;Lorg/spongepowered/asm/mixin/injection/callback/CallbackInfo;Ljava/util/List;Ljava/util/List;)V has 0 override(s) in child classes
[11:21:20] [Render thread/DEBUG] (FabricLoader/Mixin) fabric-rendering-v1.mixins.json:shader.GameRendererMixin from mod fabric-rendering-v1->@Inject::registerShaders(Lnet/minecraft/resource/ResourceFactory;Lorg/spongepowered/asm/mixin/injection/callback/CallbackInfo;Ljava/util/List;Ljava/util/List;)V won't be passed a CallbackInfo as a result
[11:21:20] [Render thread/DEBUG] (FabricLoader/Mixin) fabric-rendering-v1.mixins.json:shader.GameRendererMixin from mod fabric-rendering-v1->@Inject::registerShaders(Lnet/minecraft/resource/ResourceFactory;Lorg/spongepowered/asm/mixin/injection/callback/CallbackInfo;Ljava/util/List;Ljava/util/List;)V doesn't use it's CallbackInfo
[11:21:20] [Render thread/DEBUG] (FabricLoader/Mixin) fabric-rendering-v1.mixins.json:shader.GameRendererMixin from mod fabric-rendering-v1->@Inject::registerShaders(Lnet/minecraft/resource/ResourceFactory;Lorg/spongepowered/asm/mixin/injection/callback/CallbackInfo;Ljava/util/List;Ljava/util/List;)V has 0 override(s) in child classes
[11:21:20] [Render thread/DEBUG] (FabricLoader/Mixin) fabric-rendering-v1.mixins.json:shader.GameRendererMixin from mod fabric-rendering-v1->@Inject::registerShaders(Lnet/minecraft/resource/ResourceFactory;Lorg/spongepowered/asm/mixin/injection/callback/CallbackInfo;Ljava/util/List;Ljava/util/List;)V won't be passed a CallbackInfo as a result
[11:21:20] [Render thread/DEBUG] (FabricLoader/Mixin) fabric-rendering-v1.mixins.json:shader.GameRendererMixin from mod fabric-rendering-v1->@Inject::registerShaders(Lnet/minecraft/resource/ResourceFactory;Lorg/spongepowered/asm/mixin/injection/callback/CallbackInfo;Ljava/util/List;Ljava/util/List;)V doesn't use it's CallbackInfo
[11:21:20] [Render thread/DEBUG] (FabricLoader/Mixin) fabric-rendering-v1.mixins.json:shader.GameRendererMixin from mod fabric-rendering-v1->@Inject::registerShaders(Lnet/minecraft/resource/ResourceFactory;Lorg/spongepowered/asm/mixin/injection/callback/CallbackInfo;Ljava/util/List;Ljava/util/List;)V has 0 override(s) in child classes
[11:21:20] [Render thread/DEBUG] (FabricLoader/Mixin) fabric-rendering-v1.mixins.json:shader.GameRendererMixin from mod fabric-rendering-v1->@Inject::registerShaders(Lnet/minecraft/resource/ResourceFactory;Lorg/spongepowered/asm/mixin/injection/callback/CallbackInfo;Ljava/util/List;Ljava/util/List;)V won't be passed a CallbackInfo as a result
[11:21:20] [Render thread/DEBUG] (FabricLoader/Mixin) fabric-rendering-v1.mixins.json:shader.GameRendererMixin from mod fabric-rendering-v1->@Inject::registerShaders(Lnet/minecraft/resource/ResourceFactory;Lorg/spongepowered/asm/mixin/injection/callback/CallbackInfo;Ljava/util/List;Ljava/util/List;)V doesn't use it's CallbackInfo
[11:21:20] [Render thread/DEBUG] (FabricLoader/Mixin) fabric-rendering-v1.mixins.json:shader.GameRendererMixin from mod fabric-rendering-v1->@Inject::registerShaders(Lnet/minecraft/resource/ResourceFactory;Lorg/spongepowered/asm/mixin/injection/callback/CallbackInfo;Ljava/util/List;Ljava/util/List;)V has 0 override(s) in child classes
[11:21:20] [Render thread/DEBUG] (FabricLoader/Mixin) fabric-rendering-v1.mixins.json:shader.GameRendererMixin from mod fabric-rendering-v1->@Inject::registerShaders(Lnet/minecraft/resource/ResourceFactory;Lorg/spongepowered/asm/mixin/injection/callback/CallbackInfo;Ljava/util/List;Ljava/util/List;)V won't be passed a CallbackInfo as a result
[11:21:20] [Render thread/DEBUG] (FabricLoader/Mixin) fabric-rendering-v1.mixins.json:shader.GameRendererMixin from mod fabric-rendering-v1->@Inject::registerShaders(Lnet/minecraft/resource/ResourceFactory;Lorg/spongepowered/asm/mixin/injection/callback/CallbackInfo;Ljava/util/List;Ljava/util/List;)V doesn't use it's CallbackInfo
[11:21:20] [Render thread/DEBUG] (FabricLoader/Mixin) fabric-rendering-v1.mixins.json:shader.GameRendererMixin from mod fabric-rendering-v1->@Inject::registerShaders(Lnet/minecraft/resource/ResourceFactory;Lorg/spongepowered/asm/mixin/injection/callback/CallbackInfo;Ljava/util/List;Ljava/util/List;)V has 0 override(s) in child classes
[11:21:20] [Render thread/DEBUG] (FabricLoader/Mixin) fabric-rendering-v1.mixins.json:shader.GameRendererMixin from mod fabric-rendering-v1->@Inject::registerShaders(Lnet/minecraft/resource/ResourceFactory;Lorg/spongepowered/asm/mixin/injection/callback/CallbackInfo;Ljava/util/List;Ljava/util/List;)V won't be passed a CallbackInfo as a result
[11:21:20] [Render thread/DEBUG] (FabricLoader/Mixin) fabric-rendering-v1.mixins.json:shader.GameRendererMixin from mod fabric-rendering-v1->@Inject::registerShaders(Lnet/minecraft/resource/ResourceFactory;Lorg/spongepowered/asm/mixin/injection/callback/CallbackInfo;Ljava/util/List;Ljava/util/List;)V doesn't use it's CallbackInfo
[11:21:20] [Render thread/DEBUG] (FabricLoader/Mixin) fabric-rendering-v1.mixins.json:shader.GameRendererMixin from mod fabric-rendering-v1->@Inject::registerShaders(Lnet/minecraft/resource/ResourceFactory;Lorg/spongepowered/asm/mixin/injection/callback/CallbackInfo;Ljava/util/List;Ljava/util/List;)V has 0 override(s) in child classes
[11:21:20] [Render thread/DEBUG] (FabricLoader/Mixin) fabric-rendering-v1.mixins.json:shader.GameRendererMixin from mod fabric-rendering-v1->@Inject::registerShaders(Lnet/minecraft/resource/ResourceFactory;Lorg/spongepowered/asm/mixin/injection/callback/CallbackInfo;Ljava/util/List;Ljava/util/List;)V won't be passed a CallbackInfo as a result
[11:21:20] [Render thread/DEBUG] (FabricLoader/Mixin) fabric-rendering-v1.mixins.json:shader.GameRendererMixin from mod fabric-rendering-v1->@Inject::registerShaders(Lnet/minecraft/resource/ResourceFactory;Lorg/spongepowered/asm/mixin/injection/callback/CallbackInfo;Ljava/util/List;Ljava/util/List;)V doesn't use it's CallbackInfo
[11:21:20] [Render thread/DEBUG] (FabricLoader/Mixin) fabric-rendering-v1.mixins.json:shader.GameRendererMixin from mod fabric-rendering-v1->@Inject::registerShaders(Lnet/minecraft/resource/ResourceFactory;Lorg/spongepowered/asm/mixin/injection/callback/CallbackInfo;Ljava/util/List;Ljava/util/List;)V has 0 override(s) in child classes
[11:21:20] [Render thread/DEBUG] (FabricLoader/Mixin) fabric-rendering-v1.mixins.json:shader.GameRendererMixin from mod fabric-rendering-v1->@Inject::registerShaders(Lnet/minecraft/resource/ResourceFactory;Lorg/spongepowered/asm/mixin/injection/callback/CallbackInfo;Ljava/util/List;Ljava/util/List;)V won't be passed a CallbackInfo as a result
[11:21:20] [Render thread/DEBUG] (FabricLoader/Mixin) fabric-rendering-v1.mixins.json:shader.GameRendererMixin from mod fabric-rendering-v1->@Inject::registerShaders(Lnet/minecraft/resource/ResourceFactory;Lorg/spongepowered/asm/mixin/injection/callback/CallbackInfo;Ljava/util/List;Ljava/util/List;)V doesn't use it's CallbackInfo
[11:21:20] [Render thread/DEBUG] (FabricLoader/Mixin) fabric-rendering-v1.mixins.json:shader.GameRendererMixin from mod fabric-rendering-v1->@Inject::registerShaders(Lnet/minecraft/resource/ResourceFactory;Lorg/spongepowered/asm/mixin/injection/callback/CallbackInfo;Ljava/util/List;Ljava/util/List;)V has 0 override(s) in child classes
[11:21:20] [Render thread/DEBUG] (FabricLoader/Mixin) fabric-rendering-v1.mixins.json:shader.GameRendererMixin from mod fabric-rendering-v1->@Inject::registerShaders(Lnet/minecraft/resource/ResourceFactory;Lorg/spongepowered/asm/mixin/injection/callback/CallbackInfo;Ljava/util/List;Ljava/util/List;)V won't be passed a CallbackInfo as a result
[11:21:20] [Render thread/DEBUG] (FabricLoader/Mixin) fabric-rendering-v1.mixins.json:shader.GameRendererMixin from mod fabric-rendering-v1->@Inject::registerShaders(Lnet/minecraft/resource/ResourceFactory;Lorg/spongepowered/asm/mixin/injection/callback/CallbackInfo;Ljava/util/List;Ljava/util/List;)V doesn't use it's CallbackInfo
[11:21:20] [Render thread/DEBUG] (FabricLoader/Mixin) fabric-rendering-v1.mixins.json:shader.GameRendererMixin from mod fabric-rendering-v1->@Inject::registerShaders(Lnet/minecraft/resource/ResourceFactory;Lorg/spongepowered/asm/mixin/injection/callback/CallbackInfo;Ljava/util/List;Ljava/util/List;)V has 0 override(s) in child classes
[11:21:20] [Render thread/DEBUG] (FabricLoader/Mixin) fabric-rendering-v1.mixins.json:shader.GameRendererMixin from mod fabric-rendering-v1->@Inject::registerShaders(Lnet/minecraft/resource/ResourceFactory;Lorg/spongepowered/asm/mixin/injection/callback/CallbackInfo;Ljava/util/List;Ljava/util/List;)V won't be passed a CallbackInfo as a result
[11:21:20] [Render thread/DEBUG] (FabricLoader/Mixin) fabric-rendering-v1.mixins.json:shader.GameRendererMixin from mod fabric-rendering-v1->@Inject::registerShaders(Lnet/minecraft/resource/ResourceFactory;Lorg/spongepowered/asm/mixin/injection/callback/CallbackInfo;Ljava/util/List;Ljava/util/List;)V doesn't use it's CallbackInfo
[11:21:20] [Render thread/DEBUG] (FabricLoader/Mixin) fabric-rendering-v1.mixins.json:shader.GameRendererMixin from mod fabric-rendering-v1->@Inject::registerShaders(Lnet/minecraft/resource/ResourceFactory;Lorg/spongepowered/asm/mixin/injection/callback/CallbackInfo;Ljava/util/List;Ljava/util/List;)V has 0 override(s) in child classes
[11:21:20] [Render thread/DEBUG] (FabricLoader/Mixin) fabric-rendering-v1.mixins.json:shader.GameRendererMixin from mod fabric-rendering-v1->@Inject::registerShaders(Lnet/minecraft/resource/ResourceFactory;Lorg/spongepowered/asm/mixin/injection/callback/CallbackInfo;Ljava/util/List;Ljava/util/List;)V won't be passed a CallbackInfo as a result
[11:21:20] [Render thread/DEBUG] (FabricLoader/Mixin) fabric-rendering-v1.mixins.json:shader.GameRendererMixin from mod fabric-rendering-v1->@Inject::registerShaders(Lnet/minecraft/resource/ResourceFactory;Lorg/spongepowered/asm/mixin/injection/callback/CallbackInfo;Ljava/util/List;Ljava/util/List;)V doesn't use it's CallbackInfo
[11:21:20] [Render thread/DEBUG] (FabricLoader/Mixin) fabric-rendering-v1.mixins.json:shader.GameRendererMixin from mod fabric-rendering-v1->@Inject::registerShaders(Lnet/minecraft/resource/ResourceFactory;Lorg/spongepowered/asm/mixin/injection/callback/CallbackInfo;Ljava/util/List;Ljava/util/List;)V has 0 override(s) in child classes
[11:21:20] [Render thread/DEBUG] (FabricLoader/Mixin) fabric-rendering-v1.mixins.json:shader.GameRendererMixin from mod fabric-rendering-v1->@Inject::registerShaders(Lnet/minecraft/resource/ResourceFactory;Lorg/spongepowered/asm/mixin/injection/callback/CallbackInfo;Ljava/util/List;Ljava/util/List;)V won't be passed a CallbackInfo as a result
[11:21:20] [Render thread/DEBUG] (FabricLoader/Mixin) fabric-rendering-v1.mixins.json:shader.GameRendererMixin from mod fabric-rendering-v1->@Inject::registerShaders(Lnet/minecraft/resource/ResourceFactory;Lorg/spongepowered/asm/mixin/injection/callback/CallbackInfo;Ljava/util/List;Ljava/util/List;)V doesn't use it's CallbackInfo
[11:21:20] [Render thread/DEBUG] (FabricLoader/Mixin) fabric-rendering-v1.mixins.json:shader.GameRendererMixin from mod fabric-rendering-v1->@Inject::registerShaders(Lnet/minecraft/resource/ResourceFactory;Lorg/spongepowered/asm/mixin/injection/callback/CallbackInfo;Ljava/util/List;Ljava/util/List;)V has 0 override(s) in child classes
[11:21:20] [Render thread/DEBUG] (FabricLoader/Mixin) fabric-rendering-v1.mixins.json:shader.GameRendererMixin from mod fabric-rendering-v1->@Inject::registerShaders(Lnet/minecraft/resource/ResourceFactory;Lorg/spongepowered/asm/mixin/injection/callback/CallbackInfo;Ljava/util/List;Ljava/util/List;)V won't be passed a CallbackInfo as a result
[11:21:20] [Render thread/DEBUG] (FabricLoader/Mixin) fabric-rendering-v1.mixins.json:shader.GameRendererMixin from mod fabric-rendering-v1->@Inject::registerShaders(Lnet/minecraft/resource/ResourceFactory;Lorg/spongepowered/asm/mixin/injection/callback/CallbackInfo;Ljava/util/List;Ljava/util/List;)V doesn't use it's CallbackInfo
[11:21:20] [Render thread/DEBUG] (FabricLoader/Mixin) fabric-rendering-v1.mixins.json:shader.GameRendererMixin from mod fabric-rendering-v1->@Inject::registerShaders(Lnet/minecraft/resource/ResourceFactory;Lorg/spongepowered/asm/mixin/injection/callback/CallbackInfo;Ljava/util/List;Ljava/util/List;)V has 0 override(s) in child classes
[11:21:20] [Render thread/DEBUG] (FabricLoader/Mixin) fabric-rendering-v1.mixins.json:shader.GameRendererMixin from mod fabric-rendering-v1->@Inject::registerShaders(Lnet/minecraft/resource/ResourceFactory;Lorg/spongepowered/asm/mixin/injection/callback/CallbackInfo;Ljava/util/List;Ljava/util/List;)V won't be passed a CallbackInfo as a result
[11:21:20] [Render thread/DEBUG] (FabricLoader/Mixin) fabric-rendering-v1.mixins.json:shader.GameRendererMixin from mod fabric-rendering-v1->@Inject::registerShaders(Lnet/minecraft/resource/ResourceFactory;Lorg/spongepowered/asm/mixin/injection/callback/CallbackInfo;Ljava/util/List;Ljava/util/List;)V doesn't use it's CallbackInfo
[11:21:20] [Render thread/DEBUG] (FabricLoader/Mixin) fabric-rendering-v1.mixins.json:shader.GameRendererMixin from mod fabric-rendering-v1->@Inject::registerShaders(Lnet/minecraft/resource/ResourceFactory;Lorg/spongepowered/asm/mixin/injection/callback/CallbackInfo;Ljava/util/List;Ljava/util/List;)V has 0 override(s) in child classes
[11:21:20] [Render thread/DEBUG] (FabricLoader/Mixin) fabric-rendering-v1.mixins.json:shader.GameRendererMixin from mod fabric-rendering-v1->@Inject::registerShaders(Lnet/minecraft/resource/ResourceFactory;Lorg/spongepowered/asm/mixin/injection/callback/CallbackInfo;Ljava/util/List;Ljava/util/List;)V won't be passed a CallbackInfo as a result
[11:21:20] [Render thread/DEBUG] (FabricLoader/Mixin) fabric-rendering-v1.mixins.json:shader.GameRendererMixin from mod fabric-rendering-v1->@Inject::registerShaders(Lnet/minecraft/resource/ResourceFactory;Lorg/spongepowered/asm/mixin/injection/callback/CallbackInfo;Ljava/util/List;Ljava/util/List;)V doesn't use it's CallbackInfo
[11:21:20] [Render thread/DEBUG] (FabricLoader/Mixin) fabric-rendering-v1.mixins.json:shader.GameRendererMixin from mod fabric-rendering-v1->@Inject::registerShaders(Lnet/minecraft/resource/ResourceFactory;Lorg/spongepowered/asm/mixin/injection/callback/CallbackInfo;Ljava/util/List;Ljava/util/List;)V has 0 override(s) in child classes
[11:21:20] [Render thread/DEBUG] (FabricLoader/Mixin) fabric-rendering-v1.mixins.json:shader.GameRendererMixin from mod fabric-rendering-v1->@Inject::registerShaders(Lnet/minecraft/resource/ResourceFactory;Lorg/spongepowered/asm/mixin/injection/callback/CallbackInfo;Ljava/util/List;Ljava/util/List;)V won't be passed a CallbackInfo as a result
[11:21:20] [Render thread/DEBUG] (FabricLoader/Mixin) fabric-rendering-v1.mixins.json:shader.GameRendererMixin from mod fabric-rendering-v1->@Inject::registerShaders(Lnet/minecraft/resource/ResourceFactory;Lorg/spongepowered/asm/mixin/injection/callback/CallbackInfo;Ljava/util/List;Ljava/util/List;)V doesn't use it's CallbackInfo
[11:21:20] [Render thread/DEBUG] (FabricLoader/Mixin) fabric-rendering-v1.mixins.json:shader.GameRendererMixin from mod fabric-rendering-v1->@Inject::registerShaders(Lnet/minecraft/resource/ResourceFactory;Lorg/spongepowered/asm/mixin/injection/callback/CallbackInfo;Ljava/util/List;Ljava/util/List;)V has 0 override(s) in child classes
[11:21:20] [Render thread/DEBUG] (FabricLoader/Mixin) fabric-rendering-v1.mixins.json:shader.GameRendererMixin from mod fabric-rendering-v1->@Inject::registerShaders(Lnet/minecraft/resource/ResourceFactory;Lorg/spongepowered/asm/mixin/injection/callback/CallbackInfo;Ljava/util/List;Ljava/util/List;)V won't be passed a CallbackInfo as a result
[11:21:20] [Render thread/DEBUG] (FabricLoader/Mixin) fabric-rendering-v1.mixins.json:shader.GameRendererMixin from mod fabric-rendering-v1->@Inject::registerShaders(Lnet/minecraft/resource/ResourceFactory;Lorg/spongepowered/asm/mixin/injection/callback/CallbackInfo;Ljava/util/List;Ljava/util/List;)V doesn't use it's CallbackInfo
[11:21:20] [Render thread/DEBUG] (FabricLoader/Mixin) fabric-rendering-v1.mixins.json:shader.GameRendererMixin from mod fabric-rendering-v1->@Inject::registerShaders(Lnet/minecraft/resource/ResourceFactory;Lorg/spongepowered/asm/mixin/injection/callback/CallbackInfo;Ljava/util/List;Ljava/util/List;)V has 0 override(s) in child classes
[11:21:20] [Render thread/DEBUG] (FabricLoader/Mixin) fabric-rendering-v1.mixins.json:shader.GameRendererMixin from mod fabric-rendering-v1->@Inject::registerShaders(Lnet/minecraft/resource/ResourceFactory;Lorg/spongepowered/asm/mixin/injection/callback/CallbackInfo;Ljava/util/List;Ljava/util/List;)V won't be passed a CallbackInfo as a result
[11:21:20] [Render thread/DEBUG] (FabricLoader/Mixin) fabric-rendering-v1.mixins.json:shader.GameRendererMixin from mod fabric-rendering-v1->@Inject::registerShaders(Lnet/minecraft/resource/ResourceFactory;Lorg/spongepowered/asm/mixin/injection/callback/CallbackInfo;Ljava/util/List;Ljava/util/List;)V doesn't use it's CallbackInfo
[11:21:20] [Render thread/DEBUG] (FabricLoader/Mixin) fabric-rendering-v1.mixins.json:shader.GameRendererMixin from mod fabric-rendering-v1->@Inject::registerShaders(Lnet/minecraft/resource/ResourceFactory;Lorg/spongepowered/asm/mixin/injection/callback/CallbackInfo;Ljava/util/List;Ljava/util/List;)V has 0 override(s) in child classes
[11:21:20] [Render thread/DEBUG] (FabricLoader/Mixin) fabric-rendering-v1.mixins.json:shader.GameRendererMixin from mod fabric-rendering-v1->@Inject::registerShaders(Lnet/minecraft/resource/ResourceFactory;Lorg/spongepowered/asm/mixin/injection/callback/CallbackInfo;Ljava/util/List;Ljava/util/List;)V won't be passed a CallbackInfo as a result
[11:21:20] [Render thread/DEBUG] (FabricLoader/Mixin) fabric-rendering-v1.mixins.json:shader.GameRendererMixin from mod fabric-rendering-v1->@Inject::registerShaders(Lnet/minecraft/resource/ResourceFactory;Lorg/spongepowered/asm/mixin/injection/callback/CallbackInfo;Ljava/util/List;Ljava/util/List;)V doesn't use it's CallbackInfo
[11:21:20] [Render thread/DEBUG] (FabricLoader/Mixin) fabric-rendering-v1.mixins.json:shader.GameRendererMixin from mod fabric-rendering-v1->@Inject::registerShaders(Lnet/minecraft/resource/ResourceFactory;Lorg/spongepowered/asm/mixin/injection/callback/CallbackInfo;Ljava/util/List;Ljava/util/List;)V has 0 override(s) in child classes
[11:21:20] [Render thread/DEBUG] (FabricLoader/Mixin) fabric-rendering-v1.mixins.json:shader.GameRendererMixin from mod fabric-rendering-v1->@Inject::registerShaders(Lnet/minecraft/resource/ResourceFactory;Lorg/spongepowered/asm/mixin/injection/callback/CallbackInfo;Ljava/util/List;Ljava/util/List;)V won't be passed a CallbackInfo as a result
[11:21:20] [Render thread/DEBUG] (FabricLoader/Mixin) fabric-rendering-v1.mixins.json:shader.GameRendererMixin from mod fabric-rendering-v1->@Inject::registerShaders(Lnet/minecraft/resource/ResourceFactory;Lorg/spongepowered/asm/mixin/injection/callback/CallbackInfo;Ljava/util/List;Ljava/util/List;)V doesn't use it's CallbackInfo
[11:21:20] [Render thread/DEBUG] (FabricLoader/Mixin) fabric-rendering-v1.mixins.json:shader.GameRendererMixin from mod fabric-rendering-v1->@Inject::registerShaders(Lnet/minecraft/resource/ResourceFactory;Lorg/spongepowered/asm/mixin/injection/callback/CallbackInfo;Ljava/util/List;Ljava/util/List;)V has 0 override(s) in child classes
[11:21:20] [Render thread/DEBUG] (FabricLoader/Mixin) fabric-rendering-v1.mixins.json:shader.GameRendererMixin from mod fabric-rendering-v1->@Inject::registerShaders(Lnet/minecraft/resource/ResourceFactory;Lorg/spongepowered/asm/mixin/injection/callback/CallbackInfo;Ljava/util/List;Ljava/util/List;)V won't be passed a CallbackInfo as a result
[11:21:20] [Render thread/DEBUG] (FabricLoader/Mixin) fabric-rendering-v1.mixins.json:shader.GameRendererMixin from mod fabric-rendering-v1->@Inject::registerShaders(Lnet/minecraft/resource/ResourceFactory;Lorg/spongepowered/asm/mixin/injection/callback/CallbackInfo;Ljava/util/List;Ljava/util/List;)V doesn't use it's CallbackInfo
[11:21:20] [Render thread/DEBUG] (FabricLoader/Mixin) fabric-rendering-v1.mixins.json:shader.GameRendererMixin from mod fabric-rendering-v1->@Inject::registerShaders(Lnet/minecraft/resource/ResourceFactory;Lorg/spongepowered/asm/mixin/injection/callback/CallbackInfo;Ljava/util/List;Ljava/util/List;)V has 0 override(s) in child classes
[11:21:20] [Render thread/DEBUG] (FabricLoader/Mixin) fabric-rendering-v1.mixins.json:shader.GameRendererMixin from mod fabric-rendering-v1->@Inject::registerShaders(Lnet/minecraft/resource/ResourceFactory;Lorg/spongepowered/asm/mixin/injection/callback/CallbackInfo;Ljava/util/List;Ljava/util/List;)V won't be passed a CallbackInfo as a result
[11:21:20] [Render thread/DEBUG] (FabricLoader/Mixin) fabric-rendering-v1.mixins.json:shader.GameRendererMixin from mod fabric-rendering-v1->@Inject::registerShaders(Lnet/minecraft/resource/ResourceFactory;Lorg/spongepowered/asm/mixin/injection/callback/CallbackInfo;Ljava/util/List;Ljava/util/List;)V doesn't use it's CallbackInfo
[11:21:20] [Render thread/DEBUG] (FabricLoader/Mixin) fabric-rendering-v1.mixins.json:shader.GameRendererMixin from mod fabric-rendering-v1->@Inject::registerShaders(Lnet/minecraft/resource/ResourceFactory;Lorg/spongepowered/asm/mixin/injection/callback/CallbackInfo;Ljava/util/List;Ljava/util/List;)V has 0 override(s) in child classes
[11:21:20] [Render thread/DEBUG] (FabricLoader/Mixin) fabric-rendering-v1.mixins.json:shader.GameRendererMixin from mod fabric-rendering-v1->@Inject::registerShaders(Lnet/minecraft/resource/ResourceFactory;Lorg/spongepowered/asm/mixin/injection/callback/CallbackInfo;Ljava/util/List;Ljava/util/List;)V won't be passed a CallbackInfo as a result
[11:21:20] [Render thread/DEBUG] (FabricLoader/Mixin) fabric-rendering-v1.mixins.json:shader.GameRendererMixin from mod fabric-rendering-v1->@Inject::registerShaders(Lnet/minecraft/resource/ResourceFactory;Lorg/spongepowered/asm/mixin/injection/callback/CallbackInfo;Ljava/util/List;Ljava/util/List;)V doesn't use it's CallbackInfo
[11:21:20] [Render thread/DEBUG] (FabricLoader/Mixin) fabric-rendering-v1.mixins.json:shader.GameRendererMixin from mod fabric-rendering-v1->@Inject::registerShaders(Lnet/minecraft/resource/ResourceFactory;Lorg/spongepowered/asm/mixin/injection/callback/CallbackInfo;Ljava/util/List;Ljava/util/List;)V has 0 override(s) in child classes
[11:21:20] [Render thread/DEBUG] (FabricLoader/Mixin) fabric-rendering-v1.mixins.json:shader.GameRendererMixin from mod fabric-rendering-v1->@Inject::registerShaders(Lnet/minecraft/resource/ResourceFactory;Lorg/spongepowered/asm/mixin/injection/callback/CallbackInfo;Ljava/util/List;Ljava/util/List;)V won't be passed a CallbackInfo as a result
[11:21:20] [Render thread/DEBUG] (FabricLoader/Mixin) fabric-rendering-v1.mixins.json:shader.GameRendererMixin from mod fabric-rendering-v1->@Inject::registerShaders(Lnet/minecraft/resource/ResourceFactory;Lorg/spongepowered/asm/mixin/injection/callback/CallbackInfo;Ljava/util/List;Ljava/util/List;)V doesn't use it's CallbackInfo
[11:21:20] [Render thread/DEBUG] (FabricLoader/Mixin) fabric-rendering-v1.mixins.json:shader.GameRendererMixin from mod fabric-rendering-v1->@Inject::registerShaders(Lnet/minecraft/resource/ResourceFactory;Lorg/spongepowered/asm/mixin/injection/callback/CallbackInfo;Ljava/util/List;Ljava/util/List;)V has 0 override(s) in child classes
[11:21:20] [Render thread/DEBUG] (FabricLoader/Mixin) fabric-rendering-v1.mixins.json:shader.GameRendererMixin from mod fabric-rendering-v1->@Inject::registerShaders(Lnet/minecraft/resource/ResourceFactory;Lorg/spongepowered/asm/mixin/injection/callback/CallbackInfo;Ljava/util/List;Ljava/util/List;)V won't be passed a CallbackInfo as a result
[11:21:20] [Render thread/DEBUG] (FabricLoader/Mixin) fabric-rendering-v1.mixins.json:shader.GameRendererMixin from mod fabric-rendering-v1->@Inject::registerShaders(Lnet/minecraft/resource/ResourceFactory;Lorg/spongepowered/asm/mixin/injection/callback/CallbackInfo;Ljava/util/List;Ljava/util/List;)V doesn't use it's CallbackInfo
[11:21:20] [Render thread/DEBUG] (FabricLoader/Mixin) fabric-rendering-v1.mixins.json:shader.GameRendererMixin from mod fabric-rendering-v1->@Inject::registerShaders(Lnet/minecraft/resource/ResourceFactory;Lorg/spongepowered/asm/mixin/injection/callback/CallbackInfo;Ljava/util/List;Ljava/util/List;)V has 0 override(s) in child classes
[11:21:20] [Render thread/DEBUG] (FabricLoader/Mixin) fabric-rendering-v1.mixins.json:shader.GameRendererMixin from mod fabric-rendering-v1->@Inject::registerShaders(Lnet/minecraft/resource/ResourceFactory;Lorg/spongepowered/asm/mixin/injection/callback/CallbackInfo;Ljava/util/List;Ljava/util/List;)V won't be passed a CallbackInfo as a result
[11:21:20] [Render thread/DEBUG] (FabricLoader/Mixin) fabric-rendering-v1.mixins.json:shader.GameRendererMixin from mod fabric-rendering-v1->@Inject::registerShaders(Lnet/minecraft/resource/ResourceFactory;Lorg/spongepowered/asm/mixin/injection/callback/CallbackInfo;Ljava/util/List;Ljava/util/List;)V doesn't use it's CallbackInfo
[11:21:20] [Render thread/DEBUG] (FabricLoader/Mixin) fabric-rendering-v1.mixins.json:shader.GameRendererMixin from mod fabric-rendering-v1->@Inject::registerShaders(Lnet/minecraft/resource/ResourceFactory;Lorg/spongepowered/asm/mixin/injection/callback/CallbackInfo;Ljava/util/List;Ljava/util/List;)V has 0 override(s) in child classes
[11:21:20] [Render thread/DEBUG] (FabricLoader/Mixin) fabric-rendering-v1.mixins.json:shader.GameRendererMixin from mod fabric-rendering-v1->@Inject::registerShaders(Lnet/minecraft/resource/ResourceFactory;Lorg/spongepowered/asm/mixin/injection/callback/CallbackInfo;Ljava/util/List;Ljava/util/List;)V won't be passed a CallbackInfo as a result
[11:21:20] [Render thread/DEBUG] (FabricLoader/Mixin) fabric-rendering-v1.mixins.json:shader.GameRendererMixin from mod fabric-rendering-v1->@Inject::registerShaders(Lnet/minecraft/resource/ResourceFactory;Lorg/spongepowered/asm/mixin/injection/callback/CallbackInfo;Ljava/util/List;Ljava/util/List;)V doesn't use it's CallbackInfo
[11:21:20] [Render thread/DEBUG] (FabricLoader/Mixin) fabric-rendering-v1.mixins.json:shader.GameRendererMixin from mod fabric-rendering-v1->@Inject::registerShaders(Lnet/minecraft/resource/ResourceFactory;Lorg/spongepowered/asm/mixin/injection/callback/CallbackInfo;Ljava/util/List;Ljava/util/List;)V has 0 override(s) in child classes
[11:21:20] [Render thread/DEBUG] (FabricLoader/Mixin) fabric-rendering-v1.mixins.json:shader.GameRendererMixin from mod fabric-rendering-v1->@Inject::registerShaders(Lnet/minecraft/resource/ResourceFactory;Lorg/spongepowered/asm/mixin/injection/callback/CallbackInfo;Ljava/util/List;Ljava/util/List;)V won't be passed a CallbackInfo as a result
[11:21:20] [Render thread/DEBUG] (FabricLoader/Mixin) fabric-rendering-v1.mixins.json:shader.GameRendererMixin from mod fabric-rendering-v1->@Inject::registerShaders(Lnet/minecraft/resource/ResourceFactory;Lorg/spongepowered/asm/mixin/injection/callback/CallbackInfo;Ljava/util/List;Ljava/util/List;)V doesn't use it's CallbackInfo
[11:21:20] [Render thread/DEBUG] (FabricLoader/Mixin) fabric-rendering-v1.mixins.json:shader.GameRendererMixin from mod fabric-rendering-v1->@Inject::registerShaders(Lnet/minecraft/resource/ResourceFactory;Lorg/spongepowered/asm/mixin/injection/callback/CallbackInfo;Ljava/util/List;Ljava/util/List;)V has 0 override(s) in child classes
[11:21:20] [Render thread/DEBUG] (FabricLoader/Mixin) fabric-rendering-v1.mixins.json:shader.GameRendererMixin from mod fabric-rendering-v1->@Inject::registerShaders(Lnet/minecraft/resource/ResourceFactory;Lorg/spongepowered/asm/mixin/injection/callback/CallbackInfo;Ljava/util/List;Ljava/util/List;)V won't be passed a CallbackInfo as a result
[11:21:20] [Render thread/DEBUG] (FabricLoader/Mixin) fabric-rendering-v1.mixins.json:shader.GameRendererMixin from mod fabric-rendering-v1->@Inject::registerShaders(Lnet/minecraft/resource/ResourceFactory;Lorg/spongepowered/asm/mixin/injection/callback/CallbackInfo;Ljava/util/List;Ljava/util/List;)V doesn't use it's CallbackInfo
[11:21:20] [Render thread/DEBUG] (FabricLoader/Mixin) fabric-rendering-v1.mixins.json:shader.GameRendererMixin from mod fabric-rendering-v1->@Inject::registerShaders(Lnet/minecraft/resource/ResourceFactory;Lorg/spongepowered/asm/mixin/injection/callback/CallbackInfo;Ljava/util/List;Ljava/util/List;)V has 0 override(s) in child classes
[11:21:20] [Render thread/DEBUG] (FabricLoader/Mixin) fabric-rendering-v1.mixins.json:shader.GameRendererMixin from mod fabric-rendering-v1->@Inject::registerShaders(Lnet/minecraft/resource/ResourceFactory;Lorg/spongepowered/asm/mixin/injection/callback/CallbackInfo;Ljava/util/List;Ljava/util/List;)V won't be passed a CallbackInfo as a result
[11:21:20] [Render thread/DEBUG] (FabricLoader/Mixin) fabric-rendering-v1.mixins.json:shader.GameRendererMixin from mod fabric-rendering-v1->@Inject::registerShaders(Lnet/minecraft/resource/ResourceFactory;Lorg/spongepowered/asm/mixin/injection/callback/CallbackInfo;Ljava/util/List;Ljava/util/List;)V doesn't use it's CallbackInfo
[11:21:20] [Render thread/DEBUG] (FabricLoader/Mixin) fabric-rendering-v1.mixins.json:shader.GameRendererMixin from mod fabric-rendering-v1->@Inject::registerShaders(Lnet/minecraft/resource/ResourceFactory;Lorg/spongepowered/asm/mixin/injection/callback/CallbackInfo;Ljava/util/List;Ljava/util/List;)V has 0 override(s) in child classes
[11:21:20] [Render thread/DEBUG] (FabricLoader/Mixin) fabric-rendering-v1.mixins.json:shader.GameRendererMixin from mod fabric-rendering-v1->@Inject::registerShaders(Lnet/minecraft/resource/ResourceFactory;Lorg/spongepowered/asm/mixin/injection/callback/CallbackInfo;Ljava/util/List;Ljava/util/List;)V won't be passed a CallbackInfo as a result
[11:21:20] [Render thread/DEBUG] (FabricLoader/Mixin) fabric-rendering-v1.mixins.json:shader.GameRendererMixin from mod fabric-rendering-v1->@Inject::registerShaders(Lnet/minecraft/resource/ResourceFactory;Lorg/spongepowered/asm/mixin/injection/callback/CallbackInfo;Ljava/util/List;Ljava/util/List;)V doesn't use it's CallbackInfo
[11:21:20] [Render thread/DEBUG] (FabricLoader/Mixin) fabric-rendering-v1.mixins.json:shader.GameRendererMixin from mod fabric-rendering-v1->@Inject::registerShaders(Lnet/minecraft/resource/ResourceFactory;Lorg/spongepowered/asm/mixin/injection/callback/CallbackInfo;Ljava/util/List;Ljava/util/List;)V has 0 override(s) in child classes
[11:21:20] [Render thread/DEBUG] (FabricLoader/Mixin) fabric-rendering-v1.mixins.json:shader.GameRendererMixin from mod fabric-rendering-v1->@Inject::registerShaders(Lnet/minecraft/resource/ResourceFactory;Lorg/spongepowered/asm/mixin/injection/callback/CallbackInfo;Ljava/util/List;Ljava/util/List;)V won't be passed a CallbackInfo as a result
[11:21:20] [Render thread/DEBUG] (FabricLoader/Mixin) fabric-rendering-v1.mixins.json:shader.GameRendererMixin from mod fabric-rendering-v1->@Inject::registerShaders(Lnet/minecraft/resource/ResourceFactory;Lorg/spongepowered/asm/mixin/injection/callback/CallbackInfo;Ljava/util/List;Ljava/util/List;)V doesn't use it's CallbackInfo
[11:21:20] [Render thread/DEBUG] (FabricLoader/Mixin) fabric-rendering-v1.mixins.json:shader.GameRendererMixin from mod fabric-rendering-v1->@Inject::registerShaders(Lnet/minecraft/resource/ResourceFactory;Lorg/spongepowered/asm/mixin/injection/callback/CallbackInfo;Ljava/util/List;Ljava/util/List;)V has 0 override(s) in child classes
[11:21:20] [Render thread/DEBUG] (FabricLoader/Mixin) fabric-rendering-v1.mixins.json:shader.GameRendererMixin from mod fabric-rendering-v1->@Inject::registerShaders(Lnet/minecraft/resource/ResourceFactory;Lorg/spongepowered/asm/mixin/injection/callback/CallbackInfo;Ljava/util/List;Ljava/util/List;)V won't be passed a CallbackInfo as a result
[11:21:20] [Render thread/DEBUG] (FabricLoader/Mixin) fabric-rendering-v1.mixins.json:shader.GameRendererMixin from mod fabric-rendering-v1->@Inject::registerShaders(Lnet/minecraft/resource/ResourceFactory;Lorg/spongepowered/asm/mixin/injection/callback/CallbackInfo;Ljava/util/List;Ljava/util/List;)V doesn't use it's CallbackInfo
[11:21:20] [Render thread/DEBUG] (FabricLoader/Mixin) fabric-rendering-v1.mixins.json:shader.GameRendererMixin from mod fabric-rendering-v1->@Inject::registerShaders(Lnet/minecraft/resource/ResourceFactory;Lorg/spongepowered/asm/mixin/injection/callback/CallbackInfo;Ljava/util/List;Ljava/util/List;)V has 0 override(s) in child classes
[11:21:20] [Render thread/DEBUG] (FabricLoader/Mixin) fabric-rendering-v1.mixins.json:shader.GameRendererMixin from mod fabric-rendering-v1->@Inject::registerShaders(Lnet/minecraft/resource/ResourceFactory;Lorg/spongepowered/asm/mixin/injection/callback/CallbackInfo;Ljava/util/List;Ljava/util/List;)V won't be passed a CallbackInfo as a result
[11:21:20] [Render thread/DEBUG] (FabricLoader/Mixin) fabric-rendering-v1.mixins.json:shader.GameRendererMixin from mod fabric-rendering-v1->@Inject::registerShaders(Lnet/minecraft/resource/ResourceFactory;Lorg/spongepowered/asm/mixin/injection/callback/CallbackInfo;Ljava/util/List;Ljava/util/List;)V doesn't use it's CallbackInfo
[11:21:20] [Render thread/DEBUG] (FabricLoader/Mixin) fabric-rendering-v1.mixins.json:shader.GameRendererMixin from mod fabric-rendering-v1->@Inject::registerShaders(Lnet/minecraft/resource/ResourceFactory;Lorg/spongepowered/asm/mixin/injection/callback/CallbackInfo;Ljava/util/List;Ljava/util/List;)V has 0 override(s) in child classes
[11:21:20] [Render thread/DEBUG] (FabricLoader/Mixin) fabric-rendering-v1.mixins.json:shader.GameRendererMixin from mod fabric-rendering-v1->@Inject::registerShaders(Lnet/minecraft/resource/ResourceFactory;Lorg/spongepowered/asm/mixin/injection/callback/CallbackInfo;Ljava/util/List;Ljava/util/List;)V won't be passed a CallbackInfo as a result
[11:21:20] [Render thread/DEBUG] (FabricLoader/Mixin) Mixing shader.ShaderProgramMixin from fabric-rendering-v1.mixins.json into net.minecraft.client.gl.ShaderProgram
[11:21:20] [Render thread/DEBUG] (FabricLoader/Mixin) fabric-rendering-v1.mixins.json:shader.ShaderProgramMixin from mod fabric-rendering-v1: Class version 61 required is higher than the class version supported by the current version of Mixin (JAVA_16 supports class version 60)
[11:21:20] [Render thread/DEBUG] (FabricLoader/Mixin) Mixing client.SpriteAtlasTextureMixin from fabric-renderer-api-v1.mixins.json into net.minecraft.client.texture.SpriteAtlasTexture
[11:21:20] [Render thread/DEBUG] (FabricLoader/Mixin) fabric-renderer-api-v1.mixins.json:client.SpriteAtlasTextureMixin from mod fabric-renderer-api-v1: Class version 61 required is higher than the class version supported by the current version of Mixin (JAVA_16 supports class version 60)
[11:21:20] [Render thread/DEBUG] (FabricLoader/Mixin) fabric-renderer-api-v1.mixins.json:client.SpriteAtlasTextureMixin from mod fabric-renderer-api-v1->@Inject::uploadHook(Lnet/minecraft/client/texture/SpriteLoader$StitchResult;Lorg/spongepowered/asm/mixin/injection/callback/CallbackInfo;)V doesn't use it's CallbackInfo
[11:21:20] [Render thread/DEBUG] (FabricLoader/Mixin) fabric-renderer-api-v1.mixins.json:client.SpriteAtlasTextureMixin from mod fabric-renderer-api-v1->@Inject::uploadHook(Lnet/minecraft/client/texture/SpriteLoader$StitchResult;Lorg/spongepowered/asm/mixin/injection/callback/CallbackInfo;)V has 0 override(s) in child classes
[11:21:20] [Render thread/DEBUG] (FabricLoader/Mixin) fabric-renderer-api-v1.mixins.json:client.SpriteAtlasTextureMixin from mod fabric-renderer-api-v1->@Inject::uploadHook(Lnet/minecraft/client/texture/SpriteLoader$StitchResult;Lorg/spongepowered/asm/mixin/injection/callback/CallbackInfo;)V won't be passed a CallbackInfo as a result
[11:21:20] [Render thread/DEBUG] (FabricLoader/Mixin) Mixing ItemRendererMixin from fabric-renderer-indigo.mixins.json into net.minecraft.client.render.item.ItemRenderer
[11:21:20] [Render thread/DEBUG] (FabricLoader/Mixin) fabric-renderer-indigo.mixins.json:ItemRendererMixin from mod fabric-renderer-indigo: Class version 61 required is higher than the class version supported by the current version of Mixin (JAVA_16 supports class version 60)
[11:21:20] [Render thread/DEBUG] (FabricLoader/Mixin) Renaming synthetic method lambda$new$0()Lnet/fabricmc/fabric/impl/client/indigo/renderer/render/ItemRenderContext; to md5ebeb3$fabric-renderer-indigo$lambda$new$0$0 in fabric-renderer-indigo.mixins.json:ItemRendererMixin from mod fabric-renderer-indigo
[11:21:20] [Render thread/DEBUG] (FabricLoader/Mixin) Mixing KeyedResourceReloadListenerClientMixin from fabric-resource-loader-v0.client.mixins.json into net.minecraft.client.render.item.ItemRenderer
[11:21:20] [Render thread/DEBUG] (FabricLoader/Mixin) fabric-resource-loader-v0.client.mixins.json:KeyedResourceReloadListenerClientMixin from mod fabric-resource-loader-v0: Class version 61 required is higher than the class version supported by the current version of Mixin (JAVA_16 supports class version 60)
[11:21:20] [Render thread/DEBUG] (FabricLoader/Mixin) fabric-renderer-indigo.mixins.json:ItemRendererMixin from mod fabric-renderer-indigo->@Inject::hook_renderItem(Lnet/minecraft/item/ItemStack;Lnet/minecraft/client/render/model/json/ModelTransformationMode;ZLnet/minecraft/client/util/math/MatrixStack;Lnet/minecraft/client/render/VertexConsumerProvider;IILnet/minecraft/client/render/model/BakedModel;Lorg/spongepowered/asm/mixin/injection/callback/CallbackInfo;)V does use it's CallbackInfo
[11:21:20] [Worker-Main-1/INFO] (Mod Menu/Update Checker) Checking mod updates...
[11:21:20] [Worker-Main-1/DEBUG] (Mod Menu/Update Checker) Hash for fabric-renderer-api-v1 is 486d78a31a7016a1c971c9ad2f5e637f22eff1f1056477f9a5a4e356a0fc63a9dbaa39f0a3bab94a751069aee08bd9ea4f6c7d18699fd469fd62e89b10d41005
[11:21:20] [Worker-Main-1/DEBUG] (Mod Menu/Update Checker) Hash for fabric-keybindings-v0 is 20c3b68cc2471d64de4ae781ff13788ca1938779fab9c3563ac0f3f486c4f2caf2f156fe6df6b86feaa3ba3e13e6008ab68720e6bcf99d236a33d206f4125d13
[11:21:20] [Worker-Main-1/DEBUG] (Mod Menu/Update Checker) Hash for fabric-transfer-api-v1 is c365f148ccd46f698d35982e078b25fcbf74fb366bc6c0a59ec6c7c3d58bf8724f79c93e604250a15039749e6ac7cb6a4c8200fef73b195ea79350103e4d9026
[11:21:20] [Worker-Main-1/DEBUG] (Mod Menu/Update Checker) Hash for fabric-mining-level-api-v1 is 50777136495cfdd5fb6ce73e99f945a0c0af849254df9b5dd8350e194579da59891649784a6375f16279f6179f83a143f809542ffcc888914b12d557d725c533
[11:21:20] [Worker-Main-1/DEBUG] (Mod Menu/Update Checker) Hash for fabric-containers-v0 is e556256abb0803ceb09d09252eabfdff7455dcab9dfc7bee6f20d3a858a2a4a319f53f40ab48767f30e864d6c0eada2b737928c94239ffc6faeba33c432be67d
[11:21:20] [Worker-Main-1/DEBUG] (Mod Menu/Update Checker) Hash for fabric-object-builder-api-v1 is b063169abbf879cfcc785cbf898f152d7cd9a282fe345551fdd4dbd38fff11e232bee04386dd47f6ca2affe2c4e837ab14c8927dcf88c17383aa0c52371dad4c
[11:21:20] [Worker-Main-1/DEBUG] (Mod Menu/Update Checker) Hash for fabric-dimensions-v1 is 4c314edae9cb2004e347a4554263335318e0c0a7936e5ebb35a4638c279863f600d9f46e3a85bba010466a52fbd1148b9ef779878b41a5313a1c08dee56c848e
[11:21:20] [Worker-Main-1/DEBUG] (Mod Menu/Update Checker) Hash for fabric-game-rule-api-v1 is 9771e2a183e0f5fd20ef734072442b2bf3264455e6ca3ad3dfd30bfa696a3b7e530203309adaf014ce88e8a7a13ae9e64d40720aa47ae5ccda9f936e08df8d68
[11:21:20] [Worker-Main-1/DEBUG] (Mod Menu/Update Checker) Hash for fabric-api-base is 338395b113c63b7af6bd34889137213d2e6af71ca271c28c5b3a64866157a3aeb8160d25dcf9132a738854bcd99b671c2ecafffd35b6fd2c42b0794fcc5766fc
[11:21:20] [Worker-Main-1/DEBUG] (Mod Menu/Update Checker) Hash for fabric-resource-conditions-api-v1 is a5540619d58c991083c74b19d46392198e8b7bb3678c439906bbdc26bd7071c3d98bf8ae2090afd9450682812eda7683ccd92b94ca891aa4971d5daecb93661f
[11:21:20] [Worker-Main-1/DEBUG] (Mod Menu/Update Checker) Hash for fabric-sound-api-v1 is 81a12fae8d054b34d78746202b4883a2db94e08800b0517b6f0a7f9227ab28d20e3c6ad0a6f45aebdd6b538b7e515c0d313a68508d7d8434053e6ebe0927e4b5
[11:21:20] [Worker-Main-1/DEBUG] (Mod Menu/Update Checker) Hash for fabric-rendering-data-attachment-v1 is 1063ebe5870fe04fbfd2f60e97ca3e3b11eef6f15554d91d2e789ac69df74254765012f0e168fd9e7a6897a26c4e8f3829cd7bca04ecfa81cb7655ac8dc14972
[11:21:20] [Worker-Main-1/DEBUG] (Mod Menu/Update Checker) Hash for fabric-model-loading-api-v1 is df67740296c921d81a8bd45d9ca57571749c6dbb5b4feaaa66a4d554b2271b11e9b6bfce726e2ee385ce9b8bec5c135058defde44d620af617ed32e98c1e20e5
[11:21:20] [Worker-Main-1/DEBUG] (Mod Menu/Update Checker) Hash for mixinextras is 6ab94b7d310dd0af8b18c626cfa29fcd3008910db0d3937e07dc32af611d7fcea5e7ef938f76823c28e0ca230bb268662f6effb92beed3b68ca98d2dbfee80e2
[11:21:20] [Worker-Main-1/DEBUG] (Mod Menu/Update Checker) Hash for fabric-data-attachment-api-v1 is 2c2475b45df603b9db3399de98ecd7e6bf497a6e812cf06ea9c015aef3a5174dec58e14c59edda56e99262475c863b4cd75ff379ba7441a57d6f8ed26f033746
[11:21:20] [Worker-Main-1/DEBUG] (Mod Menu/Update Checker) Hash for fabric-rendering-fluids-v1 is f39fd1e20ee6fb21788cd09511a88a80d98bc749688bfd3f9e1d1a4b32ec354e80920083360f831f0b015180ebf7e2acddce6519b7e708eaa62b70234608f5ea
[11:21:20] [Worker-Main-1/DEBUG] (Mod Menu/Update Checker) Hash for fabric-blockrenderlayer-v1 is 4e0019291e353c5a667f861276eb0e841341b0fc0518d848a84d708641e0b31ac21d2e03ff5e50d9e7333c5b605517a39fa7b4d96af875cb7f3dcbfc55d4da07
[11:21:20] [Worker-Main-1/DEBUG] (Mod Menu/Update Checker) Hash for fabric-lifecycle-events-v1 is 8e63c8ca68940eac53920d1c5481100322d50536ccf3db3a172abc42a3fd5f2a096a5cf4f15aa8726108f4a871f7f50a542efcdf6894bd931b53ae447cfd0626
[11:21:20] [Worker-Main-1/DEBUG] (Mod Menu/Update Checker) Hash for fabric-renderer-registries-v1 is a73d9372a630ce39ea3426976316a4ee77db86b95f23b8905b1f8a953d6b4095e0e7f8e7409f5cde12cff5412a3eba2fb519a1867783133497427cd66205200c
[11:21:20] [Worker-Main-1/DEBUG] (Mod Menu/Update Checker) Hash for fabric-loot-tables-v1 is fad56be59154b10a6023a039c1503fd49060cf9c21cdde0547ca7f48d3d147ef099302af0de1d90c63b230a23fb60a2dd99c03473369ff6db546d576097b874e
[11:21:20] [Worker-Main-1/DEBUG] (Mod Menu/Update Checker) Hash for fabric-particles-v1 is 5b0b88b771f0d3787f48af8829ca443338f2365f8a71dbf9c1be515f80c34c38e722debd3dab293161853743edba3e62622ef7338cf2f79bcf07d6f16298a250
[11:21:20] [Worker-Main-1/DEBUG] (Mod Menu/Update Checker) Hash for fabric-data-generation-api-v1 is 7037ec860089b7b1decf689738f3d78c2c473019b46c79005ba24b82d819a2243b2d7793abbbfb320c25b2ea434874d8e0bb3ad5dd88373a8a72fa6d8f1083ed
[11:21:20] [Worker-Main-1/DEBUG] (Mod Menu/Update Checker) Hash for fabric-networking-v0 is f2ce73ad1620f10c7b544dff5bf808a87c78328119d0525ccd450078dca5782500da9b23e1bdb9d0753a139694f6fa44aa998e8de7602d6086812bef367ed64d
[11:21:20] [Worker-Main-1/DEBUG] (Mod Menu/Update Checker) Hash for fabric-api-lookup-api-v1 is a24589076101c13872799a8dfa1da29d731743d660c222cd0ba2befc2d2fce122ab71d43ebb1a8409d5aceb7851a4565c296ee9a04024d409b40b7247eb969c9
[11:21:20] [Worker-Main-1/DEBUG] (Mod Menu/Update Checker) Hash for fabric-screen-handler-api-v1 is 4bf2dd4a9e34d7aec15c8194fadf590f7c09e7a32b519b893a4fd984c77e176b528f6bfb2a0e5e75f9e76016e0da6e3b44d5a2a160fb2942244ea71e9c062e3d
[11:21:20] [Worker-Main-1/DEBUG] (Mod Menu/Update Checker) Hash for modmenu is 1b1c139758091b90423312dbf96f8d255c0535bc3ffd38bff882f48df41b249ae0eea25c3bf91da8169073dc3854e54e2e2faaef42744cae2686f67b9614101a
[11:21:20] [Worker-Main-1/DEBUG] (Mod Menu/Update Checker) Hash for fabric-command-api-v2 is 88eee08f70ff7fcc08a8c7d725a2ce96f13517b25b980df831b362f298803f7d018d976553f7c4d6675fa6cf658dcc73ca7968fa8b9572045af1bedd2a3cb6bd
[11:21:20] [Worker-Main-1/DEBUG] (Mod Menu/Update Checker) Hash for fabric-command-api-v1 is eb0adbdefa74f6cd91ae7326303519d2cac2689698d61c46a8ecc3bc46e1623f356debdbf6e3df416dd0106ac9217d86e55d5e250bdc5814daa5e76152fe869e
[11:21:20] [Worker-Main-1/DEBUG] (Mod Menu/Update Checker) Hash for fabric-block-api-v1 is c61f01eeddf0567036be005b5564d0fe085b4746df4efce94c8b038c4cc12ad16f578dfed6ff0ba6a3ee1142841dd17783e0863c012f885a4147993ff2244a97
[11:21:20] [Worker-Main-1/DEBUG] (Mod Menu/Update Checker) Hash for fabric-screen-api-v1 is afc2e0ab9a7e4db6364cbe11d8e31115ca69e39563fe79fde5993595202bca76db817a4e29603c6abedb47e733560322519b9b19f04f31e272fd6c87c3a54928
[11:21:20] [Worker-Main-1/DEBUG] (Mod Menu/Update Checker) Hash for fabric-renderer-indigo is 9588fb1608eb591d350cb88ffd083bf595a4e323be1c70d21ed44318bb85c7deb0d2b7fc60acbd6db18c6d184efc34dbad5ee3ec9d0782b2bfd695bad6cd2ce9
[11:21:20] [Render thread/DEBUG] (FabricLoader/Mixin) Mixing ClientPlayNetworkHandlerMixin from fabric-message-api-v1.client.mixins.json into net.minecraft.client.network.ClientPlayNetworkHandler
[11:21:20] [Render thread/DEBUG] (FabricLoader/Mixin) Mixing ClientPlayNetworkHandlerMixin from fabric-networking-api-v1.client.mixins.json into net.minecraft.client.network.ClientPlayNetworkHandler
[11:21:20] [Render thread/DEBUG] (FabricLoader/Mixin) fabric-networking-api-v1.client.mixins.json:ClientPlayNetworkHandlerMixin from mod fabric-networking-api-v1: Class version 61 required is higher than the class version supported by the current version of Mixin (JAVA_16 supports class version 60)
[11:21:20] [Worker-Main-1/DEBUG] (Mod Menu/Update Checker) Hash for fabric-api is 0eb20494c1d87b6a7ed90d21997974a641faf3ce38a9f525afcff2c2c2c830cf07a6e15dc8f3ccda10d0e6754eb32598460267be56c9712f7f527c44df325b1e
[11:21:20] [Worker-Main-1/DEBUG] (Mod Menu/Update Checker) Hash for fabric-item-api-v1 is cfc0154ef96280001fd298163bbe70c7890971f2343b3e001e48a4aca42687d4ebd83fd7c7c04d5729070f5b936daff05da1e527904b355472890eb0bc7b1461
[11:21:20] [Worker-Main-1/DEBUG] (Mod Menu/Update Checker) Hash for fabric-crash-report-info-v1 is 1d9a47730480539860400aa5aa0d9fa856d68764be5596e5654da436d1001813284cca58f2bc34e6027079977767b9d1098f1f09fd2ca41ce9a918193f32dea4
[11:21:20] [Worker-Main-1/DEBUG] (Mod Menu/Update Checker) Hash for fabric-events-interaction-v0 is f85f258a47de7d8eed66748840536d5c99e048d7ce189e33f390a1de1dc65cdb829bc4aefc8788c4ffaefa6db6d66097574d30dc089a55d8e1777da4929ea513
[11:21:20] [Worker-Main-1/DEBUG] (Mod Menu/Update Checker) Hash for fabric-convention-tags-v1 is f5c475311a7ed29bd74d23ec3044036d130653983f5ff88c0b8bcc2549d582bda74353a4dab7cb503b16dcaf721927435665bcaa78a8d21faf65be9840a225f8
[11:21:20] [Render thread/DEBUG] (FabricLoader/Mixin) Mixing ClientPlayNetworkHandlerMixin from fabric-command-api-v2.client.mixins.json into net.minecraft.client.network.ClientPlayNetworkHandler
[11:21:20] [Render thread/DEBUG] (FabricLoader/Mixin) fabric-command-api-v2.client.mixins.json:ClientPlayNetworkHandlerMixin from mod fabric-command-api-v2: Class version 61 required is higher than the class version supported by the current version of Mixin (JAVA_16 supports class version 60)
[11:21:20] [Worker-Main-1/DEBUG] (Mod Menu/Update Checker) Hash for fabric-item-group-api-v1 is c9f1fd48bddac2e222c974486d1ea90a84f565b98a533dd84a4f52e07dc4e1262aaac9e06e9d7d996322526be11d2d87d40a188ccc443fc868d89cad972d1ac8
[11:21:20] [Worker-Main-1/DEBUG] (Mod Menu/Update Checker) Hash for fabric-recipe-api-v1 is 6b4d35a1c6bfded84becb80008e956e4fb99150cf1ed12d425545268767837a34dae0450e153eefea715f68b3bb5910a8f24673865ef1e814eefaace6eec59d4
[11:21:20] [Worker-Main-1/DEBUG] (Mod Menu/Update Checker) Hash for fabric-entity-events-v1 is d407e677049f347bdc17d559cb69b9b3f8580996abbbeba9df076f0342b7db04c1e10d15bf2c1107147eecdab47da3513a695e675e67b621f4f9ab4cc721ddd8
[11:21:20] [Worker-Main-1/DEBUG] (Mod Menu/Update Checker) Hash for fabric-rendering-v0 is d51ee65f69cc76171e4ccc1fa97714c33d27a231ddacd0725475a02fb5c468de1a5f82b023a2927a5de36387add1e108cd6712c80f3832f333c5c3ff364241e9
[11:21:20] [Worker-Main-1/DEBUG] (Mod Menu/Update Checker) Hash for fabric-key-binding-api-v1 is d5421a441e30b0ac3476e6c9afe126f45244cef929e101ad8ec1403f0c93f294a8fd12993c66009976b75d9584549fd83bdf26a75d7e593ae876e14dd1b91edd
[11:21:20] [Worker-Main-1/DEBUG] (Mod Menu/Update Checker) Hash for fabric-rendering-v1 is c9d848cd5770efcdf5d27c2126ba4ccaede615ea667659ed4e033f76919cd587ba3b82f45481805e9be981a44dc1dc244b09c768b6c9a923648ea45efb58fab5
[11:21:20] [Render thread/DEBUG] (FabricLoader/Mixin) Mixing ClientPlayNetworkHandlerMixin from fabric-lifecycle-events-v1.client.mixins.json into net.minecraft.client.network.ClientPlayNetworkHandler
[11:21:20] [Render thread/DEBUG] (FabricLoader/Mixin) fabric-lifecycle-events-v1.client.mixins.json:ClientPlayNetworkHandlerMixin from mod fabric-lifecycle-events-v1: Class version 61 required is higher than the class version supported by the current version of Mixin (JAVA_16 supports class version 60)
[11:21:20] [Worker-Main-1/DEBUG] (Mod Menu/Update Checker) Hash for fabric-resource-loader-v0 is 8297f71f7974bd983573c9f51ec1bbb72d464dd3130bb405143265dbf37b23b9aa6d74c90c269dfdebc6e62c47ee5320c40d865bfc5798e4cf5f0c19dd591b34
[11:21:20] [Worker-Main-1/DEBUG] (Mod Menu/Update Checker) Hash for fabric-content-registries-v0 is 68058e041800d56626e0f7d6a7a79a7e57e42cc291a2ec12ac900be28e14d5445d51d5ccc6ab3426ea0999b7987f6f5ef3f44d075ff2622cdf72cbf3edc98a90
[11:21:20] [Worker-Main-1/DEBUG] (Mod Menu/Update Checker) Hash for fabric-block-view-api-v2 is ad34f9f15ce06ac211912856e7ec876281dc957761e7f0fee1277f70c097d7e00e11472f22edcdbb116fe09fe7eebf4a325e1489c58d0a3f1fc69f3e31f8e520
[11:21:20] [Worker-Main-1/DEBUG] (Mod Menu/Update Checker) Hash for fabric-gametest-api-v1 is 903a55d67d46b2f4aae41b9fe42ba7e09d20892b0e8a6554a82b6227835606883c84f20b50975ff46637fb4853dc665748cd6cf7379d1a56320c29e18f1ecb71
[11:21:20] [Worker-Main-1/DEBUG] (Mod Menu/Update Checker) Hash for fabric-client-tags-api-v1 is 43315c774c96a2278a9e45831cd42e9b41b99b9a2ef1b3ba4bdb365569f9b8a479be9127ee035f381bfdcd3c33f0a2e893e6e60213118347ef496ac70e42b373
[11:21:20] [Render thread/DEBUG] (FabricLoader/Mixin) Mixing ClientPlayNetworkHandlerMixin from fabric-data-attachment-api-v1.client.mixins.json into net.minecraft.client.network.ClientPlayNetworkHandler
[11:21:20] [Worker-Main-1/DEBUG] (Mod Menu/Update Checker) Hash for fabric-biome-api-v1 is d5c4472363f37a5739e9ca3526e2021120605bb1c0b0964156f2668f7d563265a344465a667d066d53c4709465bb2ab340c525107eb4d595fee5d7ed8f943481
[11:21:20] [Worker-Main-1/DEBUG] (Mod Menu/Update Checker) Hash for fabric-loot-api-v2 is 6ae581df4b81167a68beb3d1a66286ef3d5f84a0525799718cb956a5657115fc381a39558df5cc3b6e51f4394623a5d49d465faa12c4f65909af77b2f578640d
[11:21:20] [Worker-Main-1/DEBUG] (Mod Menu/Update Checker) Hash for fabric-commands-v0 is 6a78c70b3dff15710f3ccf2467e772900ab265306bdda7e9529011a681c110d0d66170c8ba124615ff607cf5add4dc8ca1d94d9948c4ab08e995b70d423ede6c
[11:21:20] [Worker-Main-1/DEBUG] (Mod Menu/Update Checker) Hash for fabric-message-api-v1 is dca1d3d08f7eab9809547cd35e17060bd2c2a5317adff4d4c83cba224344c8ea71c9ed67ce14bb6abf624867fac7afaca65a4632728bec136e010ce354df8dc3
[11:21:20] [Worker-Main-1/DEBUG] (Mod Menu/Update Checker) Hash for fabric-registry-sync-v0 is b3e6cbc8de422f54b1a8b079afbc02792872e1d395bec61b1aed07d123b8da2e51dd1ea127173a67a2e89563cb7a154987725fdf2513dc5e26a2e6ade4865921
[11:21:20] [Worker-Main-1/DEBUG] (Mod Menu/Update Checker) Hash for fabric-transitive-access-wideners-v1 is f4e00ea47bc9f8e5a16f1aa9b5c8346e333168570163ae7252a84aee7e562c684185fccb90a970b59ca150972a87401a2815ee9cf3516324acd4c186733b8c23
[11:21:20] [Worker-Main-1/DEBUG] (Mod Menu/Update Checker) Hash for fabric-networking-api-v1 is 47cba49e9995a5f37c2f3faaf62272e24f11bc8d7744eb41cd1a5de6ae84b3c3c03a32910bd68d6def7b7090317fec151fd95fc9bb28fc38d23d445c5e22112d
[11:21:20] [Worker-Main-1/DEBUG] (Mod Menu/Update Checker) Hash for fabric-events-lifecycle-v0 is 75df533301cc7f84504a84226f626661db9cc61039d2732efda714770f09a93d40a40d66b64a0c87e3c461f44d9bfdb746f1c1c1e64bf81a3e85c108fd0fbc1c
[11:21:20] [Worker-Main-1/DEBUG] (Mod Menu/Update Checker) Hash for fabric-models-v0 is cc62219b27eb0d2cef5dc10322bbeb8257be10fe675969e64c438cd271590c54d95da722a850f1e868b38e5b25a18be1b81dc3196ea3b89514048ef7e05da8ca
[11:21:20] [Render thread/DEBUG] (FabricLoader/Mixin) fabric-message-api-v1.client.mixins.json:ClientPlayNetworkHandlerMixin from mod fabric-message-api-v1->@Inject::fabric_allowSendChatMessage(Ljava/lang/String;Lorg/spongepowered/asm/mixin/injection/callback/CallbackInfo;)V does use it's CallbackInfo
[11:21:20] [Render thread/DEBUG] (FabricLoader/Mixin) fabric-message-api-v1.client.mixins.json:ClientPlayNetworkHandlerMixin from mod fabric-message-api-v1->@Inject::fabric_allowSendCommandMessage(Ljava/lang/String;Lorg/spongepowered/asm/mixin/injection/callback/CallbackInfo;)V does use it's CallbackInfo
[11:21:20] [Render thread/DEBUG] (FabricLoader/Mixin) fabric-networking-api-v1.client.mixins.json:ClientPlayNetworkHandlerMixin from mod fabric-networking-api-v1->@Inject::initAddon(Lorg/spongepowered/asm/mixin/injection/callback/CallbackInfo;)V doesn't use it's CallbackInfo
[11:21:20] [Render thread/DEBUG] (FabricLoader/Mixin) fabric-networking-api-v1.client.mixins.json:ClientPlayNetworkHandlerMixin from mod fabric-networking-api-v1->@Inject::initAddon(Lorg/spongepowered/asm/mixin/injection/callback/CallbackInfo;)V has 0 override(s) in child classes
[11:21:20] [Render thread/DEBUG] (FabricLoader/Mixin) fabric-networking-api-v1.client.mixins.json:ClientPlayNetworkHandlerMixin from mod fabric-networking-api-v1->@Inject::initAddon(Lorg/spongepowered/asm/mixin/injection/callback/CallbackInfo;)V won't be passed a CallbackInfo as a result
[11:21:20] [Render thread/DEBUG] (FabricLoader/Mixin) fabric-networking-api-v1.client.mixins.json:ClientPlayNetworkHandlerMixin from mod fabric-networking-api-v1->@Inject::handleServerPlayReady(Lnet/minecraft/network/packet/s2c/play/GameJoinS2CPacket;Lorg/spongepowered/asm/mixin/injection/callback/CallbackInfo;)V doesn't use it's CallbackInfo
[11:21:20] [Render thread/DEBUG] (FabricLoader/Mixin) fabric-networking-api-v1.client.mixins.json:ClientPlayNetworkHandlerMixin from mod fabric-networking-api-v1->@Inject::handleServerPlayReady(Lnet/minecraft/network/packet/s2c/play/GameJoinS2CPacket;Lorg/spongepowered/asm/mixin/injection/callback/CallbackInfo;)V has 0 override(s) in child classes
[11:21:20] [Render thread/DEBUG] (FabricLoader/Mixin) fabric-networking-api-v1.client.mixins.json:ClientPlayNetworkHandlerMixin from mod fabric-networking-api-v1->@Inject::handleServerPlayReady(Lnet/minecraft/network/packet/s2c/play/GameJoinS2CPacket;Lorg/spongepowered/asm/mixin/injection/callback/CallbackInfo;)V won't be passed a CallbackInfo as a result
[11:21:20] [Render thread/DEBUG] (FabricLoader/Mixin) fabric-networking-api-v1.client.mixins.json:ClientPlayNetworkHandlerMixin from mod fabric-networking-api-v1->@Inject::handleCustomPayload(Lnet/minecraft/network/packet/s2c/play/CustomPayloadS2CPacket;Lorg/spongepowered/asm/mixin/injection/callback/CallbackInfo;)V does use it's CallbackInfo
[11:21:20] [Render thread/DEBUG] (FabricLoader/Mixin) fabric-networking-api-v1.client.mixins.json:ClientPlayNetworkHandlerMixin from mod fabric-networking-api-v1->@Inject::handleDisconnection(Lnet/minecraft/text/Text;Lorg/spongepowered/asm/mixin/injection/callback/CallbackInfo;)V doesn't use it's CallbackInfo
[11:21:20] [Render thread/DEBUG] (FabricLoader/Mixin) fabric-networking-api-v1.client.mixins.json:ClientPlayNetworkHandlerMixin from mod fabric-networking-api-v1->@Inject::handleDisconnection(Lnet/minecraft/text/Text;Lorg/spongepowered/asm/mixin/injection/callback/CallbackInfo;)V has 0 override(s) in child classes
[11:21:20] [Render thread/DEBUG] (FabricLoader/Mixin) fabric-networking-api-v1.client.mixins.json:ClientPlayNetworkHandlerMixin from mod fabric-networking-api-v1->@Inject::handleDisconnection(Lnet/minecraft/text/Text;Lorg/spongepowered/asm/mixin/injection/callback/CallbackInfo;)V won't be passed a CallbackInfo as a result
[11:21:20] [Render thread/DEBUG] (FabricLoader/Mixin) fabric-command-api-v2.client.mixins.json:ClientPlayNetworkHandlerMixin from mod fabric-command-api-v2->@Inject::onGameJoin(Lnet/minecraft/network/packet/s2c/play/GameJoinS2CPacket;Lorg/spongepowered/asm/mixin/injection/callback/CallbackInfo;)V doesn't use it's CallbackInfo
[11:21:20] [Render thread/DEBUG] (FabricLoader/Mixin) fabric-command-api-v2.client.mixins.json:ClientPlayNetworkHandlerMixin from mod fabric-command-api-v2->@Inject::onGameJoin(Lnet/minecraft/network/packet/s2c/play/GameJoinS2CPacket;Lorg/spongepowered/asm/mixin/injection/callback/CallbackInfo;)V has 0 override(s) in child classes
[11:21:20] [Render thread/DEBUG] (FabricLoader/Mixin) fabric-command-api-v2.client.mixins.json:ClientPlayNetworkHandlerMixin from mod fabric-command-api-v2->@Inject::onGameJoin(Lnet/minecraft/network/packet/s2c/play/GameJoinS2CPacket;Lorg/spongepowered/asm/mixin/injection/callback/CallbackInfo;)V won't be passed a CallbackInfo as a result
[11:21:20] [Render thread/DEBUG] (FabricLoader/Mixin) fabric-command-api-v2.client.mixins.json:ClientPlayNetworkHandlerMixin from mod fabric-command-api-v2->@Inject::onOnCommandTree(Lnet/minecraft/network/packet/s2c/play/CommandTreeS2CPacket;Lorg/spongepowered/asm/mixin/injection/callback/CallbackInfo;)V doesn't use it's CallbackInfo
[11:21:20] [Render thread/DEBUG] (FabricLoader/Mixin) fabric-command-api-v2.client.mixins.json:ClientPlayNetworkHandlerMixin from mod fabric-command-api-v2->@Inject::onOnCommandTree(Lnet/minecraft/network/packet/s2c/play/CommandTreeS2CPacket;Lorg/spongepowered/asm/mixin/injection/callback/CallbackInfo;)V has 0 override(s) in child classes
[11:21:20] [Render thread/DEBUG] (FabricLoader/Mixin) fabric-command-api-v2.client.mixins.json:ClientPlayNetworkHandlerMixin from mod fabric-command-api-v2->@Inject::onOnCommandTree(Lnet/minecraft/network/packet/s2c/play/CommandTreeS2CPacket;Lorg/spongepowered/asm/mixin/injection/callback/CallbackInfo;)V won't be passed a CallbackInfo as a result
[11:21:20] [Render thread/DEBUG] (FabricLoader/Mixin) fabric-command-api-v2.client.mixins.json:ClientPlayNetworkHandlerMixin from mod fabric-command-api-v2->@Inject::onSendCommand(Ljava/lang/String;Lorg/spongepowered/asm/mixin/injection/callback/CallbackInfoReturnable;)V does use it's CallbackInfoReturnable
[11:21:20] [Render thread/DEBUG] (FabricLoader/Mixin) fabric-command-api-v2.client.mixins.json:ClientPlayNetworkHandlerMixin from mod fabric-command-api-v2->@Inject::onSendCommand(Ljava/lang/String;Lorg/spongepowered/asm/mixin/injection/callback/CallbackInfo;)V does use it's CallbackInfo
[11:21:20] [Render thread/DEBUG] (FabricLoader/Mixin) fabric-lifecycle-events-v1.client.mixins.json:ClientPlayNetworkHandlerMixin from mod fabric-lifecycle-events-v1->@Inject::onPlayerRespawn(Lnet/minecraft/network/packet/s2c/play/PlayerRespawnS2CPacket;Lorg/spongepowered/asm/mixin/injection/callback/CallbackInfo;)V doesn't use it's CallbackInfo
[11:21:20] [Render thread/DEBUG] (FabricLoader/Mixin) fabric-lifecycle-events-v1.client.mixins.json:ClientPlayNetworkHandlerMixin from mod fabric-lifecycle-events-v1->@Inject::onPlayerRespawn(Lnet/minecraft/network/packet/s2c/play/PlayerRespawnS2CPacket;Lorg/spongepowered/asm/mixin/injection/callback/CallbackInfo;)V has 0 override(s) in child classes
[11:21:20] [Render thread/DEBUG] (FabricLoader/Mixin) fabric-lifecycle-events-v1.client.mixins.json:ClientPlayNetworkHandlerMixin from mod fabric-lifecycle-events-v1->@Inject::onPlayerRespawn(Lnet/minecraft/network/packet/s2c/play/PlayerRespawnS2CPacket;Lorg/spongepowered/asm/mixin/injection/callback/CallbackInfo;)V won't be passed a CallbackInfo as a result
[11:21:20] [Render thread/DEBUG] (FabricLoader/Mixin) fabric-lifecycle-events-v1.client.mixins.json:ClientPlayNetworkHandlerMixin from mod fabric-lifecycle-events-v1->@Inject::onGameJoin(Lnet/minecraft/network/packet/s2c/play/GameJoinS2CPacket;Lorg/spongepowered/asm/mixin/injection/callback/CallbackInfo;)V doesn't use it's CallbackInfo
[11:21:20] [Render thread/DEBUG] (FabricLoader/Mixin) fabric-lifecycle-events-v1.client.mixins.json:ClientPlayNetworkHandlerMixin from mod fabric-lifecycle-events-v1->@Inject::onGameJoin(Lnet/minecraft/network/packet/s2c/play/GameJoinS2CPacket;Lorg/spongepowered/asm/mixin/injection/callback/CallbackInfo;)V has 0 override(s) in child classes
[11:21:20] [Render thread/DEBUG] (FabricLoader/Mixin) fabric-lifecycle-events-v1.client.mixins.json:ClientPlayNetworkHandlerMixin from mod fabric-lifecycle-events-v1->@Inject::onGameJoin(Lnet/minecraft/network/packet/s2c/play/GameJoinS2CPacket;Lorg/spongepowered/asm/mixin/injection/callback/CallbackInfo;)V won't be passed a CallbackInfo as a result
[11:21:20] [Render thread/DEBUG] (FabricLoader/Mixin) fabric-lifecycle-events-v1.client.mixins.json:ClientPlayNetworkHandlerMixin from mod fabric-lifecycle-events-v1->@Inject::onClearWorld(Lorg/spongepowered/asm/mixin/injection/callback/CallbackInfo;)V doesn't use it's CallbackInfo
[11:21:20] [Render thread/DEBUG] (FabricLoader/Mixin) fabric-lifecycle-events-v1.client.mixins.json:ClientPlayNetworkHandlerMixin from mod fabric-lifecycle-events-v1->@Inject::onClearWorld(Lorg/spongepowered/asm/mixin/injection/callback/CallbackInfo;)V has 0 override(s) in child classes
[11:21:20] [Render thread/DEBUG] (FabricLoader/Mixin) fabric-lifecycle-events-v1.client.mixins.json:ClientPlayNetworkHandlerMixin from mod fabric-lifecycle-events-v1->@Inject::onClearWorld(Lorg/spongepowered/asm/mixin/injection/callback/CallbackInfo;)V won't be passed a CallbackInfo as a result
[11:21:20] [Render thread/DEBUG] (FabricLoader/Mixin) fabric-lifecycle-events-v1.client.mixins.json:ClientPlayNetworkHandlerMixin from mod fabric-lifecycle-events-v1->@Inject::hookOnSynchronizeTags(Lnet/minecraft/network/packet/s2c/play/SynchronizeTagsS2CPacket;Lorg/spongepowered/asm/mixin/injection/callback/CallbackInfo;)V doesn't use it's CallbackInfo
[11:21:20] [Render thread/DEBUG] (FabricLoader/Mixin) fabric-lifecycle-events-v1.client.mixins.json:ClientPlayNetworkHandlerMixin from mod fabric-lifecycle-events-v1->@Inject::hookOnSynchronizeTags(Lnet/minecraft/network/packet/s2c/play/SynchronizeTagsS2CPacket;Lorg/spongepowered/asm/mixin/injection/callback/CallbackInfo;)V has 0 override(s) in child classes
[11:21:20] [Render thread/DEBUG] (FabricLoader/Mixin) fabric-lifecycle-events-v1.client.mixins.json:ClientPlayNetworkHandlerMixin from mod fabric-lifecycle-events-v1->@Inject::hookOnSynchronizeTags(Lnet/minecraft/network/packet/s2c/play/SynchronizeTagsS2CPacket;Lorg/spongepowered/asm/mixin/injection/callback/CallbackInfo;)V won't be passed a CallbackInfo as a result
[11:21:21] [Worker-Main-1/DEBUG] (Mod Menu/Update Checker) User agent: TerraformersMC/ModMenu/7.2.2 (1.20.1/fabric/development)
[11:21:21] [Worker-Main-1/DEBUG] (Mod Menu/Update Checker) Body: {"hashes":["6b4d35a1c6bfded84becb80008e956e4fb99150cf1ed12d425545268767837a34dae0450e153eefea715f68b3bb5910a8f24673865ef1e814eefaace6eec59d4","1b1c139758091b90423312dbf96f8d255c0535bc3ffd38bff882f48df41b249ae0eea25c3bf91da8169073dc3854e54e2e2faaef42744cae2686f67b9614101a","486d78a31a7016a1c971c9ad2f5e637f22eff1f1056477f9a5a4e356a0fc63a9dbaa39f0a3bab94a751069aee08bd9ea4f6c7d18699fd469fd62e89b10d41005","f4e00ea47bc9f8e5a16f1aa9b5c8346e333168570163ae7252a84aee7e562c684185fccb90a970b59ca150972a87401a2815ee9cf3516324acd4c186733b8c23","d5421a441e30b0ac3476e6c9afe126f45244cef929e101ad8ec1403f0c93f294a8fd12993c66009976b75d9584549fd83bdf26a75d7e593ae876e14dd1b91edd","8e63c8ca68940eac53920d1c5481100322d50536ccf3db3a172abc42a3fd5f2a096a5cf4f15aa8726108f4a871f7f50a542efcdf6894bd931b53ae447cfd0626","88eee08f70ff7fcc08a8c7d725a2ce96f13517b25b980df831b362f298803f7d018d976553f7c4d6675fa6cf658dcc73ca7968fa8b9572045af1bedd2a3cb6bd","8297f71f7974bd983573c9f51ec1bbb72d464dd3130bb405143265dbf37b23b9aa6d74c90c269dfdebc6e62c47ee5320c40d865bfc5798e4cf5f0c19dd591b34","d5c4472363f37a5739e9ca3526e2021120605bb1c0b0964156f2668f7d563265a344465a667d066d53c4709465bb2ab340c525107eb4d595fee5d7ed8f943481","cc62219b27eb0d2cef5dc10322bbeb8257be10fe675969e64c438cd271590c54d95da722a850f1e868b38e5b25a18be1b81dc3196ea3b89514048ef7e05da8ca","afc2e0ab9a7e4db6364cbe11d8e31115ca69e39563fe79fde5993595202bca76db817a4e29603c6abedb47e733560322519b9b19f04f31e272fd6c87c3a54928","e556256abb0803ceb09d09252eabfdff7455dcab9dfc7bee6f20d3a858a2a4a319f53f40ab48767f30e864d6c0eada2b737928c94239ffc6faeba33c432be67d","338395b113c63b7af6bd34889137213d2e6af71ca271c28c5b3a64866157a3aeb8160d25dcf9132a738854bcd99b671c2ecafffd35b6fd2c42b0794fcc5766fc","43315c774c96a2278a9e45831cd42e9b41b99b9a2ef1b3ba4bdb365569f9b8a479be9127ee035f381bfdcd3c33f0a2e893e6e60213118347ef496ac70e42b373","f2ce73ad1620f10c7b544dff5bf808a87c78328119d0525ccd450078dca5782500da9b23e1bdb9d0753a139694f6fa44aa998e8de7602d6086812bef367ed64d","dca1d3d08f7eab9809547cd35e17060bd2c2a5317adff4d4c83cba224344c8ea71c9ed67ce14bb6abf624867fac7afaca65a4632728bec136e010ce354df8dc3","0eb20494c1d87b6a7ed90d21997974a641faf3ce38a9f525afcff2c2c2c830cf07a6e15dc8f3ccda10d0e6754eb32598460267be56c9712f7f527c44df325b1e","fad56be59154b10a6023a039c1503fd49060cf9c21cdde0547ca7f48d3d147ef099302af0de1d90c63b230a23fb60a2dd99c03473369ff6db546d576097b874e","cfc0154ef96280001fd298163bbe70c7890971f2343b3e001e48a4aca42687d4ebd83fd7c7c04d5729070f5b936daff05da1e527904b355472890eb0bc7b1461","d407e677049f347bdc17d559cb69b9b3f8580996abbbeba9df076f0342b7db04c1e10d15bf2c1107147eecdab47da3513a695e675e67b621f4f9ab4cc721ddd8","b063169abbf879cfcc785cbf898f152d7cd9a282fe345551fdd4dbd38fff11e232bee04386dd47f6ca2affe2c4e837ab14c8927dcf88c17383aa0c52371dad4c","b3e6cbc8de422f54b1a8b079afbc02792872e1d395bec61b1aed07d123b8da2e51dd1ea127173a67a2e89563cb7a154987725fdf2513dc5e26a2e6ade4865921","a5540619d58c991083c74b19d46392198e8b7bb3678c439906bbdc26bd7071c3d98bf8ae2090afd9450682812eda7683ccd92b94ca891aa4971d5daecb93661f","7037ec860089b7b1decf689738f3d78c2c473019b46c79005ba24b82d819a2243b2d7793abbbfb320c25b2ea434874d8e0bb3ad5dd88373a8a72fa6d8f1083ed","1063ebe5870fe04fbfd2f60e97ca3e3b11eef6f15554d91d2e789ac69df74254765012f0e168fd9e7a6897a26c4e8f3829cd7bca04ecfa81cb7655ac8dc14972","c365f148ccd46f698d35982e078b25fcbf74fb366bc6c0a59ec6c7c3d58bf8724f79c93e604250a15039749e6ac7cb6a4c8200fef73b195ea79350103e4d9026","4bf2dd4a9e34d7aec15c8194fadf590f7c09e7a32b519b893a4fd984c77e176b528f6bfb2a0e5e75f9e76016e0da6e3b44d5a2a160fb2942244ea71e9c062e3d","f5c475311a7ed29bd74d23ec3044036d130653983f5ff88c0b8bcc2549d582bda74353a4dab7cb503b16dcaf721927435665bcaa78a8d21faf65be9840a225f8","f85f258a47de7d8eed66748840536d5c99e048d7ce189e33f390a1de1dc65cdb829bc4aefc8788c4ffaefa6db6d66097574d30dc089a55d8e1777da4929ea513","c9f1fd48bddac2e222c974486d1ea90a84f565b98a533dd84a4f52e07dc4e1262aaac9e06e9d7d996322526be11d2d87d40a188ccc443fc868d89cad972d1ac8","a73d9372a630ce39ea3426976316a4ee77db86b95f23b8905b1f8a953d6b4095e0e7f8e7409f5cde12cff5412a3eba2fb519a1867783133497427cd66205200c","c61f01eeddf0567036be005b5564d0fe085b4746df4efce94c8b038c4cc12ad16f578dfed6ff0ba6a3ee1142841dd17783e0863c012f885a4147993ff2244a97","6a78c70b3dff15710f3ccf2467e772900ab265306bdda7e9529011a681c110d0d66170c8ba124615ff607cf5add4dc8ca1d94d9948c4ab08e995b70d423ede6c","47cba49e9995a5f37c2f3faaf62272e24f11bc8d7744eb41cd1a5de6ae84b3c3c03a32910bd68d6def7b7090317fec151fd95fc9bb28fc38d23d445c5e22112d","eb0adbdefa74f6cd91ae7326303519d2cac2689698d61c46a8ecc3bc46e1623f356debdbf6e3df416dd0106ac9217d86e55d5e250bdc5814daa5e76152fe869e","9771e2a183e0f5fd20ef734072442b2bf3264455e6ca3ad3dfd30bfa696a3b7e530203309adaf014ce88e8a7a13ae9e64d40720aa47ae5ccda9f936e08df8d68","75df533301cc7f84504a84226f626661db9cc61039d2732efda714770f09a93d40a40d66b64a0c87e3c461f44d9bfdb746f1c1c1e64bf81a3e85c108fd0fbc1c","903a55d67d46b2f4aae41b9fe42ba7e09d20892b0e8a6554a82b6227835606883c84f20b50975ff46637fb4853dc665748cd6cf7379d1a56320c29e18f1ecb71","5b0b88b771f0d3787f48af8829ca443338f2365f8a71dbf9c1be515f80c34c38e722debd3dab293161853743edba3e62622ef7338cf2f79bcf07d6f16298a250","c9d848cd5770efcdf5d27c2126ba4ccaede615ea667659ed4e033f76919cd587ba3b82f45481805e9be981a44dc1dc244b09c768b6c9a923648ea45efb58fab5","d51ee65f69cc76171e4ccc1fa97714c33d27a231ddacd0725475a02fb5c468de1a5f82b023a2927a5de36387add1e108cd6712c80f3832f333c5c3ff364241e9","68058e041800d56626e0f7d6a7a79a7e57e42cc291a2ec12ac900be28e14d5445d51d5ccc6ab3426ea0999b7987f6f5ef3f44d075ff2622cdf72cbf3edc98a90","1d9a47730480539860400aa5aa0d9fa856d68764be5596e5654da436d1001813284cca58f2bc34e6027079977767b9d1098f1f09fd2ca41ce9a918193f32dea4","4e0019291e353c5a667f861276eb0e841341b0fc0518d848a84d708641e0b31ac21d2e03ff5e50d9e7333c5b605517a39fa7b4d96af875cb7f3dcbfc55d4da07","a24589076101c13872799a8dfa1da29d731743d660c222cd0ba2befc2d2fce122ab71d43ebb1a8409d5aceb7851a4565c296ee9a04024d409b40b7247eb969c9","df67740296c921d81a8bd45d9ca57571749c6dbb5b4feaaa66a4d554b2271b11e9b6bfce726e2ee385ce9b8bec5c135058defde44d620af617ed32e98c1e20e5","50777136495cfdd5fb6ce73e99f945a0c0af849254df9b5dd8350e194579da59891649784a6375f16279f6179f83a143f809542ffcc888914b12d557d725c533","4c314edae9cb2004e347a4554263335318e0c0a7936e5ebb35a4638c279863f600d9f46e3a85bba010466a52fbd1148b9ef779878b41a5313a1c08dee56c848e","2c2475b45df603b9db3399de98ecd7e6bf497a6e812cf06ea9c015aef3a5174dec58e14c59edda56e99262475c863b4cd75ff379ba7441a57d6f8ed26f033746","9588fb1608eb591d350cb88ffd083bf595a4e323be1c70d21ed44318bb85c7deb0d2b7fc60acbd6db18c6d184efc34dbad5ee3ec9d0782b2bfd695bad6cd2ce9","81a12fae8d054b34d78746202b4883a2db94e08800b0517b6f0a7f9227ab28d20e3c6ad0a6f45aebdd6b538b7e515c0d313a68508d7d8434053e6ebe0927e4b5","6ab94b7d310dd0af8b18c626cfa29fcd3008910db0d3937e07dc32af611d7fcea5e7ef938f76823c28e0ca230bb268662f6effb92beed3b68ca98d2dbfee80e2","ad34f9f15ce06ac211912856e7ec876281dc957761e7f0fee1277f70c097d7e00e11472f22edcdbb116fe09fe7eebf4a325e1489c58d0a3f1fc69f3e31f8e520","20c3b68cc2471d64de4ae781ff13788ca1938779fab9c3563ac0f3f486c4f2caf2f156fe6df6b86feaa3ba3e13e6008ab68720e6bcf99d236a33d206f4125d13","f39fd1e20ee6fb21788cd09511a88a80d98bc749688bfd3f9e1d1a4b32ec354e80920083360f831f0b015180ebf7e2acddce6519b7e708eaa62b70234608f5ea","6ae581df4b81167a68beb3d1a66286ef3d5f84a0525799718cb956a5657115fc381a39558df5cc3b6e51f4394623a5d49d465faa12c4f65909af77b2f578640d"],"algorithm":"sha512","loaders":["fabric"],"game_versions":["1.20.1"]}
[11:21:21] [Render thread/INFO] (net.minecraft.util.logging.LoggerPrintStream) [STDOUT]: [Nebula] Cliente inicializando...
[11:21:21] [Render thread/INFO] (net.minecraft.util.logging.LoggerPrintStream) [STDOUT]: [Nebula] Configurações carregadas!
[11:21:21] [Render thread/INFO] (net.minecraft.util.logging.LoggerPrintStream) [STDOUT]: [Nebula] 📚 NebulaAPI (lib) inicializada!
[11:21:21] [Render thread/INFO] (net.minecraft.util.logging.LoggerPrintStream) [STDOUT]: 🎨 [Nebula] Shader Manager inicializado com 4 presets.
[11:21:21] [Render thread/INFO] (net.minecraft.util.logging.LoggerPrintStream) [STDOUT]: [Nebula] 🖥️ Perfil detectado: Low-End (2 núcleos, 688MB heap)
[11:21:21] [Render thread/INFO] (net.minecraft.util.logging.LoggerPrintStream) [STDOUT]: [Nebula] ===============================
[11:21:21] [Render thread/INFO] (net.minecraft.util.logging.LoggerPrintStream) [STDOUT]: [Nebula] Starting Nebula Engine...
[11:21:21] [Render thread/INFO] (net.minecraft.util.logging.LoggerPrintStream) [STDOUT]: [Nebula] ===============================
[11:21:21] [Render thread/INFO] (net.minecraft.util.logging.LoggerPrintStream) [STDOUT]: 💤 [Nebula] Smart AFK Detection inicializado!
[11:21:21] [Render thread/INFO] (net.minecraft.util.logging.LoggerPrintStream) [STDOUT]: 🎯 [Nebula] Adaptive Entity LOD inicializado!
[11:21:21] [Render thread/INFO] (net.minecraft.util.logging.LoggerPrintStream) [STDOUT]: 👻 [Nebula] Anti-Ghost Block inicializado!
[11:21:21] [Render thread/INFO] (net.minecraft.util.logging.LoggerPrintStream) [STDOUT]: 🔊 [Nebula] Audio Optimizer inicializado!
[11:21:21] [Render thread/INFO] (net.minecraft.util.logging.LoggerPrintStream) [STDOUT]: 🎯 [Nebula] Auto-Optimizer inicializado!
[11:21:21] [Render thread/INFO] (net.minecraft.util.logging.LoggerPrintStream) [STDOUT]: 📈 [Nebula] Auto-Tuner inicializado!
[11:21:21] [Render thread/INFO] (net.minecraft.util.logging.LoggerPrintStream) [STDOUT]: 📈 [Nebula] Hardware detectado:
[11:21:21] [Render thread/INFO] (net.minecraft.util.logging.LoggerPrintStream) [STDOUT]: 📈 [Nebula]   Processadores: 2
[11:21:21] [Render thread/INFO] (net.minecraft.util.logging.LoggerPrintStream) [STDOUT]: 📈 [Nebula]   Memória máxima: 688 MB
[11:21:21] [Render thread/INFO] (net.minecraft.util.logging.LoggerPrintStream) [STDOUT]: 📈 [Nebula] Perfil de hardware: low
[11:21:21] [Render thread/INFO] (net.minecraft.util.logging.LoggerPrintStream) [STDOUT]: 🔋 [Nebula] Battery Saver inicializado!
[11:21:21] [Render thread/INFO] (net.minecraft.util.logging.LoggerPrintStream) [STDOUT]: 🔍 [Nebula] Bottleneck Detector inicializado!
[11:21:21] [Render thread/INFO] (net.minecraft.util.logging.LoggerPrintStream) [STDOUT]: 🗺️ [Nebula] Chunk Loader Optimizer inicializado!
[11:21:21] [Render thread/INFO] (net.minecraft.util.logging.LoggerPrintStream) [STDOUT]: 🗺️ [Nebula] ✅ Carregamento de chunks otimizado!
[11:21:21] [Render thread/INFO] (net.minecraft.util.logging.LoggerPrintStream) [STDOUT]: 📍 [Nebula] Coordinates Display inicializado!
[11:21:21] [Render thread/INFO] (net.minecraft.util.logging.LoggerPrintStream) [STDOUT]: 📍 [Nebula] ✅ Coordenadas ativadas!
[11:21:21] [Render thread/INFO] (net.minecraft.util.logging.LoggerPrintStream) [STDOUT]: 🌓 [Nebula] Day/Night Optimizer inicializado!
[11:21:21] [Render thread/INFO] (net.minecraft.util.logging.LoggerPrintStream) [STDOUT]: 🌍 [Nebula] Dimension Optimizer inicializado!
[11:21:21] [Render thread/INFO] (net.minecraft.util.logging.LoggerPrintStream) [STDOUT]: 🗺️ [Nebula] Dynamic Chunk Loader inicializado!
[11:21:21] [Render thread/INFO] (net.minecraft.util.logging.LoggerPrintStream) [STDOUT]: 🎨 [Nebula] Dynamic Shaders inicializado!
[11:21:21] [Render thread/INFO] (net.minecraft.util.logging.LoggerPrintStream) [STDOUT]: 🧹 [Nebula] Entity Cleanup inicializado!
[11:21:21] [Render thread/INFO] (net.minecraft.util.logging.LoggerPrintStream) [STDOUT]: 🧹 [Nebula] ✅ Limpeza de entidades ativada!
[11:21:21] [Render thread/INFO] (net.minecraft.util.logging.LoggerPrintStream) [STDOUT]: 🎯 [Nebula] Entity LOD System inicializado!
[11:21:21] [Render thread/INFO] (net.minecraft.util.logging.LoggerPrintStream) [STDOUT]: ⚡ [Nebula] FPS Boost Mode inicializado!
[11:21:21] [Render thread/INFO] (net.minecraft.util.logging.LoggerPrintStream) [STDOUT]: ⚡ [Nebula] ✅ Pressione F para ativar/desativar o Boost
[11:21:21] [Render thread/INFO] (net.minecraft.util.logging.LoggerPrintStream) [STDOUT]: ⚡ [Nebula] ✅ Boost automático em FPS < 20
[11:21:21] [Render thread/INFO] (net.minecraft.util.logging.LoggerPrintStream) [STDOUT]: 📡 [Nebula] Far Entity Simplifier inicializado!
[11:21:21] [Render thread/INFO] (net.minecraft.util.logging.LoggerPrintStream) [STDOUT]: 📡 [Nebula] ✅ Simplificação de entidades ativada!
[11:21:21] [Render thread/INFO] (net.minecraft.util.logging.LoggerPrintStream) [STDOUT]: ⚡ [Nebula] Faster Block Breaking inicializado!
[11:21:21] [Render thread/INFO] (net.minecraft.util.logging.LoggerPrintStream) [STDOUT]: ⚡ [Nebula] ✅ Quebra de blocos acelerada!
[11:21:21] [Render thread/INFO] (net.minecraft.util.logging.LoggerPrintStream) [STDOUT]: 🔥 [Nebula] Fire Overlay Opacity inicializado!
[11:21:21] [Render thread/INFO] (net.minecraft.util.logging.LoggerPrintStream) [STDOUT]: 🔥 [Nebula] ✅ Opacidade do fogo reduzida!
[11:21:21] [Render thread/INFO] (net.minecraft.util.logging.LoggerPrintStream) [STDOUT]: 🌙 [Nebula] Fullbright Toggle inicializado!
[11:21:21] [Render thread/INFO] (net.minecraft.util.logging.LoggerPrintStream) [STDOUT]: 🌙 [Nebula] ✅ Fullbright ativado! Pressione B para alternar
[11:21:21] [Render thread/INFO] (net.minecraft.util.logging.LoggerPrintStream) [STDOUT]: 🎮 [Nebula] Game Mode Profiles inicializado!
[11:21:21] [Render thread/INFO] (net.minecraft.util.logging.LoggerPrintStream) [STDOUT]: 🎮 [Nebula] ✅ Perfis de modo ativados!
[11:21:21] [Render thread/INFO] (net.minecraft.util.logging.LoggerPrintStream) [STDOUT]: 📦 [Nebula] Game State Compressor inicializado!
[11:21:21] [Render thread/INFO] (net.minecraft.util.logging.LoggerPrintStream) [STDOUT]: 🔧 [Nebula] Generic Mod Adapter inicializado!
[11:21:21] [Render thread/INFO] (net.minecraft.util.logging.LoggerPrintStream) [STDOUT]: 🔧 [Nebula] ⚠️ Nenhum mod adicional detectado.
[11:21:21] [Render thread/INFO] (net.minecraft.util.logging.LoggerPrintStream) [STDOUT]: 🚀 [Nebula] Launch Accelerator inicializado!
[11:21:21] [Render thread/INFO] (net.minecraft.util.logging.LoggerPrintStream) [STDOUT]: 🚀 [Nebula] ✅ Aceleração de inicialização ativada!
[11:21:21] [Render thread/INFO] (net.minecraft.util.logging.LoggerPrintStream) [STDOUT]: 💡 [Nebula] Light Updates Optimizer inicializado!
[11:21:21] [Render thread/INFO] (net.minecraft.util.logging.LoggerPrintStream) [STDOUT]: 💡 [Nebula] ✅ Otimização de luz ativada!
[11:21:21] [Render thread/INFO] (net.minecraft.util.logging.LoggerPrintStream) [STDOUT]: ⚡ [Nebula] Lighting Optimizer inicializado!
[11:21:21] [Render thread/INFO] (net.minecraft.util.logging.LoggerPrintStream) [STDOUT]: ⚡ [Nebula] ✅ Otimização de iluminação ativada!
[11:21:21] [Render thread/INFO] (net.minecraft.util.logging.LoggerPrintStream) [STDOUT]: 🧠 [Nebula] Logic Optimizer inicializado!
[11:21:21] [Render thread/INFO] (net.minecraft.util.logging.LoggerPrintStream) [STDOUT]: 🧠 [Nebula] ✅ Otimização da lógica ativada!
[11:21:21] [Render thread/INFO] (net.minecraft.util.logging.LoggerPrintStream) [STDOUT]: 💾 [Nebula] Memory Manager inicializado!
[11:21:21] [Render thread/INFO] (net.minecraft.util.logging.LoggerPrintStream) [STDOUT]: 💾 [Nebula] Memória máxima: 688 MB
[11:21:21] [Render thread/INFO] (net.minecraft.util.logging.LoggerPrintStream) [STDOUT]: 📱 [Nebula] Mobile Touch Controls inicializado!
[11:21:21] [Render thread/INFO] (net.minecraft.util.logging.LoggerPrintStream) [STDOUT]: 📱 [Nebula] 💻 Modo desktop detectado.
[11:21:21] [Render thread/INFO] (net.minecraft.util.logging.LoggerPrintStream) [STDOUT]: 🔌 [Nebula] Mod Compatibility inicializado!
[11:21:21] [Render thread/INFO] (net.minecraft.util.logging.LoggerPrintStream) [STDOUT]: 🔌 [Nebula] ✅ ModMenu v7.2.2 detectado!
[11:21:21] [Render thread/INFO] (net.minecraft.util.logging.LoggerPrintStream) [STDOUT]: 🔌 [Nebula] ✅ Compatibilidades aplicadas!
[11:21:21] [Render thread/INFO] (net.minecraft.util.logging.LoggerPrintStream) [STDOUT]: 🖥️ [Nebula] Network Optimizer inicializado!
[11:21:21] [Render thread/INFO] (net.minecraft.util.logging.LoggerPrintStream) [STDOUT]: 🖥️ [Nebula] ✅ Otimização de rede ativada!
[11:21:21] [Render thread/INFO] (net.minecraft.util.logging.LoggerPrintStream) [STDOUT]: 🧠 [Nebula] Neural Frame Predictor inicializado!
[11:21:21] [Render thread/INFO] (net.minecraft.util.logging.LoggerPrintStream) [STDOUT]: 🌙 [Nebula] Night Vision Optimizer inicializado!
[11:21:21] [Render thread/INFO] (net.minecraft.util.logging.LoggerPrintStream) [STDOUT]: 💀 [Nebula] Particle Killer inicializado!
[11:21:21] [Render thread/INFO] (net.minecraft.util.logging.LoggerPrintStream) [STDOUT]: 💀 [Nebula] ⚠️ Todas as partículas serão removidas!
[11:21:21] [Render thread/DEBUG] (FabricLoader/Mixin) Mixing ParticleMixin from nebula.mixins.json into net.minecraft.client.particle.ParticleManager
[11:21:21] [Render thread/DEBUG] (FabricLoader/Mixin) Mixing ParticleManagerMixin from fabric-particles-v1.client.mixins.json into net.minecraft.client.particle.ParticleManager
[11:21:21] [Render thread/DEBUG] (FabricLoader/Mixin) fabric-particles-v1.client.mixins.json:ParticleManagerMixin from mod fabric-particles-v1: Class version 61 required is higher than the class version supported by the current version of Mixin (JAVA_16 supports class version 60)
[11:21:21] [Render thread/DEBUG] (FabricLoader/Mixin) Mixing ParticleManagerAccessor from fabric-particles-v1.client.mixins.json into net.minecraft.client.particle.ParticleManager
[11:21:21] [Render thread/DEBUG] (FabricLoader/Mixin) fabric-particles-v1.client.mixins.json:ParticleManagerAccessor from mod fabric-particles-v1: Class version 61 required is higher than the class version supported by the current version of Mixin (JAVA_16 supports class version 60)
[11:21:21] [Render thread/DEBUG] (FabricLoader/Mixin) Mixing ParticleManagerMixin from fabric-registry-sync-v0.client.mixins.json into net.minecraft.client.particle.ParticleManager
[11:21:21] [Render thread/DEBUG] (FabricLoader/Mixin) fabric-registry-sync-v0.client.mixins.json:ParticleManagerMixin from mod fabric-registry-sync-v0: Class version 61 required is higher than the class version supported by the current version of Mixin (JAVA_16 supports class version 60)
[11:21:21] [Render thread/DEBUG] (FabricLoader/Mixin) nebula.mixins.json:ParticleMixin from mod nebula->@Inject::nebula$throttleParticles(Lorg/spongepowered/asm/mixin/injection/callback/CallbackInfo;)V does use it's CallbackInfo
[11:21:21] [Render thread/DEBUG] (FabricLoader/Mixin) fabric-particles-v1.client.mixins.json:ParticleManagerMixin from mod fabric-particles-v1->@Inject::onRegisterDefaultFactories(Lorg/spongepowered/asm/mixin/injection/callback/CallbackInfo;)V doesn't use it's CallbackInfo
[11:21:21] [Render thread/DEBUG] (FabricLoader/Mixin) fabric-particles-v1.client.mixins.json:ParticleManagerMixin from mod fabric-particles-v1->@Inject::onRegisterDefaultFactories(Lorg/spongepowered/asm/mixin/injection/callback/CallbackInfo;)V has 0 override(s) in child classes
[11:21:21] [Render thread/DEBUG] (FabricLoader/Mixin) fabric-particles-v1.client.mixins.json:ParticleManagerMixin from mod fabric-particles-v1->@Inject::onRegisterDefaultFactories(Lorg/spongepowered/asm/mixin/injection/callback/CallbackInfo;)V won't be passed a CallbackInfo as a result
[11:21:21] [Render thread/DEBUG] (FabricLoader/Mixin) fabric-registry-sync-v0.client.mixins.json:ParticleManagerMixin from mod fabric-registry-sync-v0->@Inject::onInit(Lnet/minecraft/client/world/ClientWorld;Lnet/minecraft/client/texture/TextureManager;Lorg/spongepowered/asm/mixin/injection/callback/CallbackInfo;)V doesn't use it's CallbackInfo
[11:21:21] [Render thread/DEBUG] (FabricLoader/Mixin) fabric-registry-sync-v0.client.mixins.json:ParticleManagerMixin from mod fabric-registry-sync-v0->@Inject::onInit(Lnet/minecraft/client/world/ClientWorld;Lnet/minecraft/client/texture/TextureManager;Lorg/spongepowered/asm/mixin/injection/callback/CallbackInfo;)V has 0 override(s) in child classes
[11:21:21] [Render thread/DEBUG] (FabricLoader/Mixin) fabric-registry-sync-v0.client.mixins.json:ParticleManagerMixin from mod fabric-registry-sync-v0->@Inject::onInit(Lnet/minecraft/client/world/ClientWorld;Lnet/minecraft/client/texture/TextureManager;Lorg/spongepowered/asm/mixin/injection/callback/CallbackInfo;)V won't be passed a CallbackInfo as a result
[11:21:21] [Render thread/DEBUG] (FabricLoader/Mixin) Mixing BlockDustParticleMixin from fabric-particles-v1.client.mixins.json into net.minecraft.client.particle.BlockDustParticle
[11:21:21] [Render thread/DEBUG] (FabricLoader/Mixin) fabric-particles-v1.client.mixins.json:BlockDustParticleMixin from mod fabric-particles-v1: Class version 61 required is higher than the class version supported by the current version of Mixin (JAVA_16 supports class version 60)
[11:21:21] [Render thread/DEBUG] (FabricLoader/Mixin) Mixing KeyedResourceReloadListenerClientMixin from fabric-resource-loader-v0.client.mixins.json into net.minecraft.client.texture.TextureManager
[11:21:21] [Render thread/DEBUG] (FabricLoader/Mixin) fabric-resource-loader-v0.client.mixins.json:KeyedResourceReloadListenerClientMixin from mod fabric-resource-loader-v0: Class version 61 required is higher than the class version supported by the current version of Mixin (JAVA_16 supports class version 60)
[11:21:21] [Render thread/INFO] (net.minecraft.util.logging.LoggerPrintStream) [STDOUT]: 💀 [Nebula] ✅ Reflection preparado!
[11:21:21] [Render thread/INFO] (net.minecraft.util.logging.LoggerPrintStream) [STDOUT]: 🎮 [Nebula] Pixelmon Adapter inicializado!
[11:21:21] [Render thread/INFO] (net.minecraft.util.logging.LoggerPrintStream) [STDOUT]: 🎮 [Nebula] ⚠️ Pixelmon não detectado. Modo normal.
[11:21:21] [Render thread/INFO] (net.minecraft.util.logging.LoggerPrintStream) [STDOUT]: 🎃 [Nebula] Pumpkin Overlay Disabler inicializado!
[11:21:21] [Render thread/INFO] (net.minecraft.util.logging.LoggerPrintStream) [STDOUT]: 🎃 [Nebula] ✅ Overlay de abóbora desativado!
[11:21:21] [Render thread/INFO] (net.minecraft.util.logging.LoggerPrintStream) [STDOUT]: 🎯 [Nebula] Reduce Shake & Bobbing inicializado!
[11:21:21] [Render thread/INFO] (net.minecraft.util.logging.LoggerPrintStream) [STDOUT]: 🎯 [Nebula] Reduced Collisions inicializado!
[11:21:21] [Render thread/INFO] (net.minecraft.util.logging.LoggerPrintStream) [STDOUT]: 🎯 [Nebula] ✅ Colisões reduzidas ativadas!
[11:21:21] [Render thread/INFO] (net.minecraft.util.logging.LoggerPrintStream) [STDOUT]: 🧩 [Nebula] Selective Culling inicializado!
[11:21:21] [Render thread/INFO] (net.minecraft.util.logging.LoggerPrintStream) [STDOUT]: 🔮 [Nebula] Smart Chunk Loader inicializado!
[11:21:21] [Render thread/INFO] (net.minecraft.util.logging.LoggerPrintStream) [STDOUT]: 🧹 [Nebula] Smart Cleanup inicializado!
[11:21:21] [Render thread/INFO] (net.minecraft.util.logging.LoggerPrintStream) [STDOUT]: 🧹 [Nebula] ✅ Limpeza inteligente ativada!
[11:21:21] [Render thread/INFO] (net.minecraft.util.logging.LoggerPrintStream) [STDOUT]: 📊 [Nebula] Smart Resource Preloader inicializado!
[11:21:21] [Render thread/INFO] (net.minecraft.util.logging.LoggerPrintStream) [STDOUT]: 💤 [Nebula] Smart Sleep Mode inicializado!
[11:21:21] [Render thread/INFO] (net.minecraft.util.logging.LoggerPrintStream) [STDOUT]: 🎯 [Nebula] Smooth FPS inicializado!
[11:21:21] [Render thread/INFO] (net.minecraft.util.logging.LoggerPrintStream) [STDOUT]: 🎯 [Nebula] ✅ Smooth FPS aguardando inicialização do jogo...
[11:21:21] [Render thread/INFO] (net.minecraft.util.logging.LoggerPrintStream) [STDOUT]: 🗺️ [Nebula] Smooth World Loading inicializado!
[11:21:21] [Render thread/DEBUG] (FabricLoader/Mixin) Mixing KeyedResourceReloadListenerClientMixin from fabric-resource-loader-v0.client.mixins.json into net.minecraft.client.render.WorldRenderer
[11:21:21] [Render thread/DEBUG] (FabricLoader/Mixin) fabric-resource-loader-v0.client.mixins.json:KeyedResourceReloadListenerClientMixin from mod fabric-resource-loader-v0: Class version 61 required is higher than the class version supported by the current version of Mixin (JAVA_16 supports class version 60)
[11:21:21] [Render thread/DEBUG] (FabricLoader/Mixin) Mixing WorldRendererMixin from fabric-rendering-v1.mixins.json into net.minecraft.client.render.WorldRenderer
[11:21:21] [Render thread/DEBUG] (FabricLoader/Mixin) fabric-rendering-v1.mixins.json:WorldRendererMixin from mod fabric-rendering-v1: Class version 61 required is higher than the class version supported by the current version of Mixin (JAVA_16 supports class version 60)
[11:21:22] [Render thread/DEBUG] (FabricLoader/Mixin) fabric-rendering-v1.mixins.json:WorldRendererMixin from mod fabric-rendering-v1->@Inject::beforeRender(Lnet/minecraft/client/util/math/MatrixStack;FJZLnet/minecraft/client/render/Camera;Lnet/minecraft/client/render/GameRenderer;Lnet/minecraft/client/render/LightmapTextureManager;Lorg/joml/Matrix4f;Lorg/spongepowered/asm/mixin/injection/callback/CallbackInfo;)V doesn't use it's CallbackInfo
[11:21:22] [Render thread/DEBUG] (FabricLoader/Mixin) fabric-rendering-v1.mixins.json:WorldRendererMixin from mod fabric-rendering-v1->@Inject::beforeRender(Lnet/minecraft/client/util/math/MatrixStack;FJZLnet/minecraft/client/render/Camera;Lnet/minecraft/client/render/GameRenderer;Lnet/minecraft/client/render/LightmapTextureManager;Lorg/joml/Matrix4f;Lorg/spongepowered/asm/mixin/injection/callback/CallbackInfo;)V has 0 override(s) in child classes
[11:21:22] [Render thread/DEBUG] (FabricLoader/Mixin) fabric-rendering-v1.mixins.json:WorldRendererMixin from mod fabric-rendering-v1->@Inject::beforeRender(Lnet/minecraft/client/util/math/MatrixStack;FJZLnet/minecraft/client/render/Camera;Lnet/minecraft/client/render/GameRenderer;Lnet/minecraft/client/render/LightmapTextureManager;Lorg/joml/Matrix4f;Lorg/spongepowered/asm/mixin/injection/callback/CallbackInfo;)V won't be passed a CallbackInfo as a result
[11:21:22] [Render thread/DEBUG] (FabricLoader/Mixin) fabric-rendering-v1.mixins.json:WorldRendererMixin from mod fabric-rendering-v1->@Inject::afterTerrainSetup(Lnet/minecraft/client/render/Camera;Lnet/minecraft/client/render/Frustum;ZZLorg/spongepowered/asm/mixin/injection/callback/CallbackInfo;)V doesn't use it's CallbackInfo
[11:21:22] [Render thread/DEBUG] (FabricLoader/Mixin) fabric-rendering-v1.mixins.json:WorldRendererMixin from mod fabric-rendering-v1->@Inject::afterTerrainSetup(Lnet/minecraft/client/render/Camera;Lnet/minecraft/client/render/Frustum;ZZLorg/spongepowered/asm/mixin/injection/callback/CallbackInfo;)V has 0 override(s) in child classes
[11:21:22] [Render thread/DEBUG] (FabricLoader/Mixin) fabric-rendering-v1.mixins.json:WorldRendererMixin from mod fabric-rendering-v1->@Inject::afterTerrainSetup(Lnet/minecraft/client/render/Camera;Lnet/minecraft/client/render/Frustum;ZZLorg/spongepowered/asm/mixin/injection/callback/CallbackInfo;)V won't be passed a CallbackInfo as a result
[11:21:22] [Render thread/DEBUG] (FabricLoader/Mixin) fabric-rendering-v1.mixins.json:WorldRendererMixin from mod fabric-rendering-v1->@Inject::afterTerrainSolid(Lorg/spongepowered/asm/mixin/injection/callback/CallbackInfo;)V doesn't use it's CallbackInfo
[11:21:22] [Render thread/DEBUG] (FabricLoader/Mixin) fabric-rendering-v1.mixins.json:WorldRendererMixin from mod fabric-rendering-v1->@Inject::afterTerrainSolid(Lorg/spongepowered/asm/mixin/injection/callback/CallbackInfo;)V has 0 override(s) in child classes
[11:21:22] [Render thread/DEBUG] (FabricLoader/Mixin) fabric-rendering-v1.mixins.json:WorldRendererMixin from mod fabric-rendering-v1->@Inject::afterTerrainSolid(Lorg/spongepowered/asm/mixin/injection/callback/CallbackInfo;)V won't be passed a CallbackInfo as a result
[11:21:22] [Render thread/DEBUG] (FabricLoader/Mixin) fabric-rendering-v1.mixins.json:WorldRendererMixin from mod fabric-rendering-v1->@Inject::afterEntities(Lorg/spongepowered/asm/mixin/injection/callback/CallbackInfo;)V doesn't use it's CallbackInfo
[11:21:22] [Render thread/DEBUG] (FabricLoader/Mixin) fabric-rendering-v1.mixins.json:WorldRendererMixin from mod fabric-rendering-v1->@Inject::afterEntities(Lorg/spongepowered/asm/mixin/injection/callback/CallbackInfo;)V has 0 override(s) in child classes
[11:21:22] [Render thread/DEBUG] (FabricLoader/Mixin) fabric-rendering-v1.mixins.json:WorldRendererMixin from mod fabric-rendering-v1->@Inject::afterEntities(Lorg/spongepowered/asm/mixin/injection/callback/CallbackInfo;)V won't be passed a CallbackInfo as a result
[11:21:22] [Render thread/DEBUG] (FabricLoader/Mixin) fabric-rendering-v1.mixins.json:WorldRendererMixin from mod fabric-rendering-v1->@Inject::beforeRenderOutline(Lorg/spongepowered/asm/mixin/injection/callback/CallbackInfo;)V doesn't use it's CallbackInfo
[11:21:22] [Render thread/DEBUG] (FabricLoader/Mixin) fabric-rendering-v1.mixins.json:WorldRendererMixin from mod fabric-rendering-v1->@Inject::beforeRenderOutline(Lorg/spongepowered/asm/mixin/injection/callback/CallbackInfo;)V has 0 override(s) in child classes
[11:21:22] [Render thread/DEBUG] (FabricLoader/Mixin) fabric-rendering-v1.mixins.json:WorldRendererMixin from mod fabric-rendering-v1->@Inject::beforeRenderOutline(Lorg/spongepowered/asm/mixin/injection/callback/CallbackInfo;)V won't be passed a CallbackInfo as a result
[11:21:22] [Render thread/DEBUG] (FabricLoader/Mixin) fabric-rendering-v1.mixins.json:WorldRendererMixin from mod fabric-rendering-v1->@Inject::onDrawBlockOutline(Lnet/minecraft/client/util/math/MatrixStack;Lnet/minecraft/client/render/VertexConsumer;Lnet/minecraft/entity/Entity;DDDLnet/minecraft/util/math/BlockPos;Lnet/minecraft/block/BlockState;Lorg/spongepowered/asm/mixin/injection/callback/CallbackInfo;)V does use it's CallbackInfo
[11:21:22] [Render thread/DEBUG] (FabricLoader/Mixin) fabric-rendering-v1.mixins.json:WorldRendererMixin from mod fabric-rendering-v1->@Inject::beforeDebugRender(Lorg/spongepowered/asm/mixin/injection/callback/CallbackInfo;)V doesn't use it's CallbackInfo
[11:21:22] [Render thread/DEBUG] (FabricLoader/Mixin) fabric-rendering-v1.mixins.json:WorldRendererMixin from mod fabric-rendering-v1->@Inject::beforeDebugRender(Lorg/spongepowered/asm/mixin/injection/callback/CallbackInfo;)V has 0 override(s) in child classes
[11:21:22] [Render thread/DEBUG] (FabricLoader/Mixin) fabric-rendering-v1.mixins.json:WorldRendererMixin from mod fabric-rendering-v1->@Inject::beforeDebugRender(Lorg/spongepowered/asm/mixin/injection/callback/CallbackInfo;)V won't be passed a CallbackInfo as a result
[11:21:22] [Render thread/DEBUG] (FabricLoader/Mixin) fabric-rendering-v1.mixins.json:WorldRendererMixin from mod fabric-rendering-v1->@Inject::onRenderParticles(Lorg/spongepowered/asm/mixin/injection/callback/CallbackInfo;)V doesn't use it's CallbackInfo
[11:21:22] [Render thread/DEBUG] (FabricLoader/Mixin) fabric-rendering-v1.mixins.json:WorldRendererMixin from mod fabric-rendering-v1->@Inject::onRenderParticles(Lorg/spongepowered/asm/mixin/injection/callback/CallbackInfo;)V has 0 override(s) in child classes
[11:21:22] [Render thread/DEBUG] (FabricLoader/Mixin) fabric-rendering-v1.mixins.json:WorldRendererMixin from mod fabric-rendering-v1->@Inject::onRenderParticles(Lorg/spongepowered/asm/mixin/injection/callback/CallbackInfo;)V won't be passed a CallbackInfo as a result
[11:21:22] [Render thread/DEBUG] (FabricLoader/Mixin) fabric-rendering-v1.mixins.json:WorldRendererMixin from mod fabric-rendering-v1->@Inject::onRenderParticles(Lorg/spongepowered/asm/mixin/injection/callback/CallbackInfo;)V doesn't use it's CallbackInfo
[11:21:22] [Render thread/DEBUG] (FabricLoader/Mixin) fabric-rendering-v1.mixins.json:WorldRendererMixin from mod fabric-rendering-v1->@Inject::onRenderParticles(Lorg/spongepowered/asm/mixin/injection/callback/CallbackInfo;)V has 0 override(s) in child classes
[11:21:22] [Render thread/DEBUG] (FabricLoader/Mixin) fabric-rendering-v1.mixins.json:WorldRendererMixin from mod fabric-rendering-v1->@Inject::onRenderParticles(Lorg/spongepowered/asm/mixin/injection/callback/CallbackInfo;)V won't be passed a CallbackInfo as a result
[11:21:22] [Render thread/DEBUG] (FabricLoader/Mixin) fabric-rendering-v1.mixins.json:WorldRendererMixin from mod fabric-rendering-v1->@Inject::beforeClouds(Lorg/spongepowered/asm/mixin/injection/callback/CallbackInfo;)V doesn't use it's CallbackInfo
[11:21:22] [Render thread/DEBUG] (FabricLoader/Mixin) fabric-rendering-v1.mixins.json:WorldRendererMixin from mod fabric-rendering-v1->@Inject::beforeClouds(Lorg/spongepowered/asm/mixin/injection/callback/CallbackInfo;)V has 0 override(s) in child classes
[11:21:22] [Render thread/DEBUG] (FabricLoader/Mixin) fabric-rendering-v1.mixins.json:WorldRendererMixin from mod fabric-rendering-v1->@Inject::beforeClouds(Lorg/spongepowered/asm/mixin/injection/callback/CallbackInfo;)V won't be passed a CallbackInfo as a result
[11:21:22] [Render thread/DEBUG] (FabricLoader/Mixin) fabric-rendering-v1.mixins.json:WorldRendererMixin from mod fabric-rendering-v1->@Inject::beforeClouds(Lorg/spongepowered/asm/mixin/injection/callback/CallbackInfo;)V doesn't use it's CallbackInfo
[11:21:22] [Render thread/DEBUG] (FabricLoader/Mixin) fabric-rendering-v1.mixins.json:WorldRendererMixin from mod fabric-rendering-v1->@Inject::beforeClouds(Lorg/spongepowered/asm/mixin/injection/callback/CallbackInfo;)V has 0 override(s) in child classes
[11:21:22] [Render thread/DEBUG] (FabricLoader/Mixin) fabric-rendering-v1.mixins.json:WorldRendererMixin from mod fabric-rendering-v1->@Inject::beforeClouds(Lorg/spongepowered/asm/mixin/injection/callback/CallbackInfo;)V won't be passed a CallbackInfo as a result
[11:21:22] [Render thread/DEBUG] (FabricLoader/Mixin) fabric-rendering-v1.mixins.json:WorldRendererMixin from mod fabric-rendering-v1->@Inject::beforeClouds(Lorg/spongepowered/asm/mixin/injection/callback/CallbackInfo;)V doesn't use it's CallbackInfo
[11:21:22] [Render thread/DEBUG] (FabricLoader/Mixin) fabric-rendering-v1.mixins.json:WorldRendererMixin from mod fabric-rendering-v1->@Inject::beforeClouds(Lorg/spongepowered/asm/mixin/injection/callback/CallbackInfo;)V has 0 override(s) in child classes
[11:21:22] [Render thread/DEBUG] (FabricLoader/Mixin) fabric-rendering-v1.mixins.json:WorldRendererMixin from mod fabric-rendering-v1->@Inject::beforeClouds(Lorg/spongepowered/asm/mixin/injection/callback/CallbackInfo;)V won't be passed a CallbackInfo as a result
[11:21:22] [Render thread/DEBUG] (FabricLoader/Mixin) fabric-rendering-v1.mixins.json:WorldRendererMixin from mod fabric-rendering-v1->@Inject::beforeClouds(Lorg/spongepowered/asm/mixin/injection/callback/CallbackInfo;)V doesn't use it's CallbackInfo
[11:21:22] [Render thread/DEBUG] (FabricLoader/Mixin) fabric-rendering-v1.mixins.json:WorldRendererMixin from mod fabric-rendering-v1->@Inject::beforeClouds(Lorg/spongepowered/asm/mixin/injection/callback/CallbackInfo;)V has 0 override(s) in child classes
[11:21:22] [Render thread/DEBUG] (FabricLoader/Mixin) fabric-rendering-v1.mixins.json:WorldRendererMixin from mod fabric-rendering-v1->@Inject::beforeClouds(Lorg/spongepowered/asm/mixin/injection/callback/CallbackInfo;)V won't be passed a CallbackInfo as a result
[11:21:22] [Render thread/DEBUG] (FabricLoader/Mixin) fabric-rendering-v1.mixins.json:WorldRendererMixin from mod fabric-rendering-v1->@Inject::onChunkDebugRender(Lorg/spongepowered/asm/mixin/injection/callback/CallbackInfo;)V doesn't use it's CallbackInfo
[11:21:22] [Render thread/DEBUG] (FabricLoader/Mixin) fabric-rendering-v1.mixins.json:WorldRendererMixin from mod fabric-rendering-v1->@Inject::onChunkDebugRender(Lorg/spongepowered/asm/mixin/injection/callback/CallbackInfo;)V has 0 override(s) in child classes
[11:21:22] [Render thread/DEBUG] (FabricLoader/Mixin) fabric-rendering-v1.mixins.json:WorldRendererMixin from mod fabric-rendering-v1->@Inject::onChunkDebugRender(Lorg/spongepowered/asm/mixin/injection/callback/CallbackInfo;)V won't be passed a CallbackInfo as a result
[11:21:22] [Render thread/DEBUG] (FabricLoader/Mixin) fabric-rendering-v1.mixins.json:WorldRendererMixin from mod fabric-rendering-v1->@Inject::afterRender(Lorg/spongepowered/asm/mixin/injection/callback/CallbackInfo;)V doesn't use it's CallbackInfo
[11:21:22] [Render thread/DEBUG] (FabricLoader/Mixin) fabric-rendering-v1.mixins.json:WorldRendererMixin from mod fabric-rendering-v1->@Inject::afterRender(Lorg/spongepowered/asm/mixin/injection/callback/CallbackInfo;)V has 0 override(s) in child classes
[11:21:22] [Render thread/DEBUG] (FabricLoader/Mixin) fabric-rendering-v1.mixins.json:WorldRendererMixin from mod fabric-rendering-v1->@Inject::afterRender(Lorg/spongepowered/asm/mixin/injection/callback/CallbackInfo;)V won't be passed a CallbackInfo as a result
[11:21:22] [Render thread/DEBUG] (FabricLoader/Mixin) fabric-rendering-v1.mixins.json:WorldRendererMixin from mod fabric-rendering-v1->@Inject::onReload(Lorg/spongepowered/asm/mixin/injection/callback/CallbackInfo;)V doesn't use it's CallbackInfo
[11:21:22] [Render thread/DEBUG] (FabricLoader/Mixin) fabric-rendering-v1.mixins.json:WorldRendererMixin from mod fabric-rendering-v1->@Inject::onReload(Lorg/spongepowered/asm/mixin/injection/callback/CallbackInfo;)V has 0 override(s) in child classes
[11:21:22] [Render thread/DEBUG] (FabricLoader/Mixin) fabric-rendering-v1.mixins.json:WorldRendererMixin from mod fabric-rendering-v1->@Inject::onReload(Lorg/spongepowered/asm/mixin/injection/callback/CallbackInfo;)V won't be passed a CallbackInfo as a result
[11:21:22] [Render thread/DEBUG] (FabricLoader/Mixin) fabric-rendering-v1.mixins.json:WorldRendererMixin from mod fabric-rendering-v1->@Inject::renderWeather(Lnet/minecraft/client/render/LightmapTextureManager;FDDDLorg/spongepowered/asm/mixin/injection/callback/CallbackInfo;)V does use it's CallbackInfo
[11:21:22] [Render thread/DEBUG] (FabricLoader/Mixin) fabric-rendering-v1.mixins.json:WorldRendererMixin from mod fabric-rendering-v1->@Inject::renderCloud(Lnet/minecraft/client/util/math/MatrixStack;Lorg/joml/Matrix4f;FDDDLorg/spongepowered/asm/mixin/injection/callback/CallbackInfo;)V does use it's CallbackInfo
[11:21:22] [Render thread/DEBUG] (FabricLoader/Mixin) fabric-rendering-v1.mixins.json:WorldRendererMixin from mod fabric-rendering-v1->@Inject::renderSky(Lnet/minecraft/client/util/math/MatrixStack;Lorg/joml/Matrix4f;FLnet/minecraft/client/render/Camera;ZLjava/lang/Runnable;Lorg/spongepowered/asm/mixin/injection/callback/CallbackInfo;)V does use it's CallbackInfo
[11:21:22] [Render thread/DEBUG] (FabricLoader/Mixin) Mixing SoundInstanceMixin from fabric-sound-api-v1.mixins.json into net.minecraft.client.sound.SoundInstance
[11:21:22] [Render thread/DEBUG] (FabricLoader/Mixin) Mixing EntityRenderDispatcherMixin from nebula.mixins.json into net.minecraft.client.render.entity.EntityRenderDispatcher
[11:21:22] [Render thread/DEBUG] (FabricLoader/Mixin) nebula.mixins.json:EntityRenderDispatcherMixin from mod nebula->@Inject::nebula$cullFarEntities(Lnet/minecraft/entity/Entity;DDDFFLnet/minecraft/client/util/math/MatrixStack;Lnet/minecraft/client/render/VertexConsumerProvider;ILorg/spongepowered/asm/mixin/injection/callback/CallbackInfo;)V does use it's CallbackInfo
[11:21:22] [Render thread/DEBUG] (FabricLoader/Mixin) Mixing BlockEntityRenderDispatcherMixin from nebula.mixins.json into net.minecraft.client.render.block.entity.BlockEntityRenderDispatcher
[11:21:22] [Render thread/DEBUG] (FabricLoader/Mixin) nebula.mixins.json:BlockEntityRenderDispatcherMixin from mod nebula->@Inject::nebula$cullBlockEntity(Lnet/minecraft/block/entity/BlockEntity;FLnet/minecraft/client/util/math/MatrixStack;Lnet/minecraft/client/render/VertexConsumerProvider;Lorg/spongepowered/asm/mixin/injection/callback/CallbackInfo;)V does use it's CallbackInfo
[11:21:22] [Worker-Main-1/DEBUG] (Mod Menu/Update Checker) Status: 200
[11:21:22] [Worker-Main-1/DEBUG] (Mod Menu/Update Checker) {}
[11:21:22] [Render thread/INFO] (net.minecraft.util.logging.LoggerPrintStream) [STDOUT]: 🗺️ [Nebula] ✅ Carregamento suave ativado!
[11:21:22] [Render thread/INFO] (net.minecraft.util.logging.LoggerPrintStream) [STDOUT]: 🏃 [Nebula] Sprint Optimizer inicializado!
[11:21:22] [Render thread/INFO] (net.minecraft.util.logging.LoggerPrintStream) [STDOUT]: 🔄 [Nebula] State-based Renderer inicializado!
[11:21:22] [Render thread/INFO] (net.minecraft.util.logging.LoggerPrintStream) [STDOUT]: 🖼️ [Nebula] Texture Streaming Module inicializado!
[11:21:22] [Render thread/INFO] (net.minecraft.util.logging.LoggerPrintStream) [STDOUT]: 🎨 [Nebula] AI Texture Upscaler inicializado!
[11:21:22] [Render thread/INFO] (net.minecraft.util.logging.LoggerPrintStream) [STDOUT]: ⚡ [Nebula] Thread Pool inicializado com 2 threads!
[11:21:22] [Render thread/INFO] (net.minecraft.util.logging.LoggerPrintStream) [STDOUT]: ⏱️ [Nebula] Tick Scheduling Module inicializado!
[11:21:22] [Render thread/INFO] (net.minecraft.util.logging.LoggerPrintStream) [STDOUT]: 🎨 [Nebula] Vignette Disabler inicializado!
[11:21:22] [Render thread/INFO] (net.minecraft.util.logging.LoggerPrintStream) [STDOUT]: 🎨 [Nebula] ✅ Vignette desativado!
[11:21:22] [Render thread/INFO] (net.minecraft.util.logging.LoggerPrintStream) [STDOUT]: 🔍 [Nebula] Zoom Feature inicializado!
[11:21:22] [Render thread/INFO] (net.minecraft.util.logging.LoggerPrintStream) [STDOUT]: 🔍 [Nebula] ✅ Zoom ativado! Pressione C para zoom
[11:21:22] [Render thread/INFO] (net.minecraft.util.logging.LoggerPrintStream) [STDOUT]: [Nebula] Smart Redstone Engine inicializado.
[11:21:22] [Render thread/INFO] (net.minecraft.util.logging.LoggerPrintStream) [STDOUT]: [Nebula] Falling Block Batcher inicializado.
[11:21:22] [Render thread/INFO] (net.minecraft.util.logging.LoggerPrintStream) [STDOUT]: [Nebula] Hopper Optimizer inicializado.
[11:21:22] [Render thread/INFO] (net.minecraft.util.logging.LoggerPrintStream) [STDOUT]: [Nebula] Dropped Item Optimizer inicializado.
[11:21:22] [Render thread/INFO] (net.minecraft.util.logging.LoggerPrintStream) [STDOUT]: [Nebula] Thermal Culler inicializado.
[11:21:22] [Render thread/INFO] (net.minecraft.util.logging.LoggerPrintStream) [STDOUT]: [Nebula] Animation Throttler inicializado.
[11:21:22] [Render thread/INFO] (net.minecraft.util.logging.LoggerPrintStream) [STDOUT]: [Nebula] Engine Ready!
[11:21:22] [Render thread/INFO] (net.minecraft.util.logging.LoggerPrintStream) [STDOUT]: [Nebula] ✅ Cliente carregado! 62 módulos registrados.
[11:21:22] [Render thread/INFO] (net.minecraft.util.logging.LoggerPrintStream) [STDOUT]: [Nebula] Profile: Low-End
[11:21:22] [Render thread/DEBUG] (FabricLoader/Mixin) Mixing accessor.ClientLoginNetworkHandlerAccessor from fabric-networking-api-v1.client.mixins.json into net.minecraft.client.network.ClientLoginNetworkHandler
[11:21:22] [Render thread/DEBUG] (FabricLoader/Mixin) fabric-networking-api-v1.client.mixins.json:accessor.ClientLoginNetworkHandlerAccessor from mod fabric-networking-api-v1: Class version 61 required is higher than the class version supported by the current version of Mixin (JAVA_16 supports class version 60)
[11:21:22] [Render thread/DEBUG] (FabricLoader/Mixin) Mixing ClientLoginNetworkHandlerMixin from fabric-networking-api-v1.client.mixins.json into net.minecraft.client.network.ClientLoginNetworkHandler
[11:21:22] [Render thread/DEBUG] (FabricLoader/Mixin) fabric-networking-api-v1.client.mixins.json:ClientLoginNetworkHandlerMixin from mod fabric-networking-api-v1: Class version 61 required is higher than the class version supported by the current version of Mixin (JAVA_16 supports class version 60)
[11:21:22] [Render thread/DEBUG] (FabricLoader/Mixin) fabric-networking-api-v1.client.mixins.json:ClientLoginNetworkHandlerMixin from mod fabric-networking-api-v1->@Inject::initAddon(Lorg/spongepowered/asm/mixin/injection/callback/CallbackInfo;)V doesn't use it's CallbackInfo
[11:21:22] [Render thread/DEBUG] (FabricLoader/Mixin) fabric-networking-api-v1.client.mixins.json:ClientLoginNetworkHandlerMixin from mod fabric-networking-api-v1->@Inject::initAddon(Lorg/spongepowered/asm/mixin/injection/callback/CallbackInfo;)V has 0 override(s) in child classes
[11:21:22] [Render thread/DEBUG] (FabricLoader/Mixin) fabric-networking-api-v1.client.mixins.json:ClientLoginNetworkHandlerMixin from mod fabric-networking-api-v1->@Inject::initAddon(Lorg/spongepowered/asm/mixin/injection/callback/CallbackInfo;)V won't be passed a CallbackInfo as a result
[11:21:22] [Render thread/DEBUG] (FabricLoader/Mixin) fabric-networking-api-v1.client.mixins.json:ClientLoginNetworkHandlerMixin from mod fabric-networking-api-v1->@Inject::handleQueryRequest(Lnet/minecraft/network/packet/s2c/login/LoginQueryRequestS2CPacket;Lorg/spongepowered/asm/mixin/injection/callback/CallbackInfo;)V does use it's CallbackInfo
[11:21:22] [Render thread/DEBUG] (FabricLoader/Mixin) fabric-networking-api-v1.client.mixins.json:ClientLoginNetworkHandlerMixin from mod fabric-networking-api-v1->@Inject::invokeLoginDisconnectEvent(Lnet/minecraft/text/Text;Lorg/spongepowered/asm/mixin/injection/callback/CallbackInfo;)V doesn't use it's CallbackInfo
[11:21:22] [Render thread/DEBUG] (FabricLoader/Mixin) fabric-networking-api-v1.client.mixins.json:ClientLoginNetworkHandlerMixin from mod fabric-networking-api-v1->@Inject::invokeLoginDisconnectEvent(Lnet/minecraft/text/Text;Lorg/spongepowered/asm/mixin/injection/callback/CallbackInfo;)V has 0 override(s) in child classes
[11:21:22] [Render thread/DEBUG] (FabricLoader/Mixin) fabric-networking-api-v1.client.mixins.json:ClientLoginNetworkHandlerMixin from mod fabric-networking-api-v1->@Inject::invokeLoginDisconnectEvent(Lnet/minecraft/text/Text;Lorg/spongepowered/asm/mixin/injection/callback/CallbackInfo;)V won't be passed a CallbackInfo as a result
[11:21:22] [Render thread/DEBUG] (FabricLoader/Mixin) fabric-networking-api-v1.client.mixins.json:ClientLoginNetworkHandlerMixin from mod fabric-networking-api-v1->@Inject::handlePlayTransition(Lorg/spongepowered/asm/mixin/injection/callback/CallbackInfo;)V doesn't use it's CallbackInfo
[11:21:22] [Render thread/DEBUG] (FabricLoader/Mixin) fabric-networking-api-v1.client.mixins.json:ClientLoginNetworkHandlerMixin from mod fabric-networking-api-v1->@Inject::handlePlayTransition(Lorg/spongepowered/asm/mixin/injection/callback/CallbackInfo;)V has 0 override(s) in child classes
[11:21:22] [Render thread/DEBUG] (FabricLoader/Mixin) fabric-networking-api-v1.client.mixins.json:ClientLoginNetworkHandlerMixin from mod fabric-networking-api-v1->@Inject::handlePlayTransition(Lorg/spongepowered/asm/mixin/injection/callback/CallbackInfo;)V won't be passed a CallbackInfo as a result
[11:21:22] [Render thread/DEBUG] (FabricLoader/Mixin) Mixing ClientConnectionMixin from fabric-networking-api-v1.mixins.json into net.minecraft.network.ClientConnection
[11:21:22] [Render thread/DEBUG] (FabricLoader/Mixin) fabric-networking-api-v1.mixins.json:ClientConnectionMixin from mod fabric-networking-api-v1: Class version 61 required is higher than the class version supported by the current version of Mixin (JAVA_16 supports class version 60)
[11:21:22] [Render thread/DEBUG] (FabricLoader/Mixin) fabric-networking-api-v1.mixins.json:ClientConnectionMixin from mod fabric-networking-api-v1->@Inject::initAddedFields(Lnet/minecraft/network/NetworkSide;Lorg/spongepowered/asm/mixin/injection/callback/CallbackInfo;)V doesn't use it's CallbackInfo
[11:21:22] [Render thread/DEBUG] (FabricLoader/Mixin) fabric-networking-api-v1.mixins.json:ClientConnectionMixin from mod fabric-networking-api-v1->@Inject::initAddedFields(Lnet/minecraft/network/NetworkSide;Lorg/spongepowered/asm/mixin/injection/callback/CallbackInfo;)V has 0 override(s) in child classes
[11:21:22] [Render thread/DEBUG] (FabricLoader/Mixin) fabric-networking-api-v1.mixins.json:ClientConnectionMixin from mod fabric-networking-api-v1->@Inject::initAddedFields(Lnet/minecraft/network/NetworkSide;Lorg/spongepowered/asm/mixin/injection/callback/CallbackInfo;)V won't be passed a CallbackInfo as a result
[11:21:22] [Render thread/DEBUG] (FabricLoader/Mixin) fabric-networking-api-v1.mixins.json:ClientConnectionMixin from mod fabric-networking-api-v1->@Inject::checkPacket(Lnet/minecraft/network/packet/Packet;Lnet/minecraft/network/PacketCallbacks;Lorg/spongepowered/asm/mixin/injection/callback/CallbackInfo;)V doesn't use it's CallbackInfo
[11:21:22] [Render thread/DEBUG] (FabricLoader/Mixin) fabric-networking-api-v1.mixins.json:ClientConnectionMixin from mod fabric-networking-api-v1->@Inject::checkPacket(Lnet/minecraft/network/packet/Packet;Lnet/minecraft/network/PacketCallbacks;Lorg/spongepowered/asm/mixin/injection/callback/CallbackInfo;)V has 0 override(s) in child classes
[11:21:22] [Render thread/DEBUG] (FabricLoader/Mixin) fabric-networking-api-v1.mixins.json:ClientConnectionMixin from mod fabric-networking-api-v1->@Inject::checkPacket(Lnet/minecraft/network/packet/Packet;Lnet/minecraft/network/PacketCallbacks;Lorg/spongepowered/asm/mixin/injection/callback/CallbackInfo;)V won't be passed a CallbackInfo as a result
[11:21:22] [Render thread/DEBUG] (FabricLoader/Mixin) fabric-networking-api-v1.mixins.json:ClientConnectionMixin from mod fabric-networking-api-v1->@Inject::checkPacket(Lnet/minecraft/network/packet/Packet;Lnet/minecraft/network/PacketCallbacks;Lorg/spongepowered/asm/mixin/injection/callback/CallbackInfo;)V doesn't use it's CallbackInfo
[11:21:22] [Render thread/DEBUG] (FabricLoader/Mixin) fabric-networking-api-v1.mixins.json:ClientConnectionMixin from mod fabric-networking-api-v1->@Inject::checkPacket(Lnet/minecraft/network/packet/Packet;Lnet/minecraft/network/PacketCallbacks;Lorg/spongepowered/asm/mixin/injection/callback/CallbackInfo;)V has 0 override(s) in child classes
[11:21:22] [Render thread/DEBUG] (FabricLoader/Mixin) fabric-networking-api-v1.mixins.json:ClientConnectionMixin from mod fabric-networking-api-v1->@Inject::checkPacket(Lnet/minecraft/network/packet/Packet;Lnet/minecraft/network/PacketCallbacks;Lorg/spongepowered/asm/mixin/injection/callback/CallbackInfo;)V won't be passed a CallbackInfo as a result
[11:21:22] [Render thread/DEBUG] (FabricLoader/Mixin) fabric-networking-api-v1.mixins.json:ClientConnectionMixin from mod fabric-networking-api-v1->@Inject::handleDisconnect(Lio/netty/channel/ChannelHandlerContext;Lorg/spongepowered/asm/mixin/injection/callback/CallbackInfo;)V doesn't use it's CallbackInfo
[11:21:22] [Render thread/DEBUG] (FabricLoader/Mixin) fabric-networking-api-v1.mixins.json:ClientConnectionMixin from mod fabric-networking-api-v1->@Inject::handleDisconnect(Lio/netty/channel/ChannelHandlerContext;Lorg/spongepowered/asm/mixin/injection/callback/CallbackInfo;)V has 0 override(s) in child classes
[11:21:22] [Render thread/DEBUG] (FabricLoader/Mixin) fabric-networking-api-v1.mixins.json:ClientConnectionMixin from mod fabric-networking-api-v1->@Inject::handleDisconnect(Lio/netty/channel/ChannelHandlerContext;Lorg/spongepowered/asm/mixin/injection/callback/CallbackInfo;)V won't be passed a CallbackInfo as a result
[11:21:22] [Render thread/DEBUG] (FabricLoader/Mixin) fabric-networking-api-v1.mixins.json:ClientConnectionMixin from mod fabric-networking-api-v1->@Inject::sendInternal(Lnet/minecraft/network/packet/Packet;Lnet/minecraft/network/PacketCallbacks;Lnet/minecraft/network/NetworkState;Lnet/minecraft/network/NetworkState;Lorg/spongepowered/asm/mixin/injection/callback/CallbackInfo;Lio/netty/channel/ChannelFuture;)V does use it's CallbackInfo
[11:21:22] [Render thread/DEBUG] (FabricLoader/Mixin) Mixing GameOptionsMixin from fabric-key-binding-api-v1.mixins.json into net.minecraft.client.option.GameOptions
[11:21:22] [Render thread/DEBUG] (FabricLoader/Mixin) fabric-key-binding-api-v1.mixins.json:GameOptionsMixin from mod fabric-key-binding-api-v1: Class version 61 required is higher than the class version supported by the current version of Mixin (JAVA_16 supports class version 60)
[11:21:22] [Render thread/DEBUG] (FabricLoader/Mixin) Mixing GameOptionsMixin from fabric-resource-loader-v0.client.mixins.json into net.minecraft.client.option.GameOptions
[11:21:22] [Render thread/DEBUG] (FabricLoader/Mixin) fabric-resource-loader-v0.client.mixins.json:GameOptionsMixin from mod fabric-resource-loader-v0: Class version 61 required is higher than the class version supported by the current version of Mixin (JAVA_16 supports class version 60)
[11:21:22] [Render thread/DEBUG] (FabricLoader/Mixin) fabric-key-binding-api-v1.mixins.json:GameOptionsMixin from mod fabric-key-binding-api-v1->@Inject::loadHook(Lorg/spongepowered/asm/mixin/injection/callback/CallbackInfo;)V doesn't use it's CallbackInfo
[11:21:22] [Render thread/DEBUG] (FabricLoader/Mixin) fabric-key-binding-api-v1.mixins.json:GameOptionsMixin from mod fabric-key-binding-api-v1->@Inject::loadHook(Lorg/spongepowered/asm/mixin/injection/callback/CallbackInfo;)V has 0 override(s) in child classes
[11:21:22] [Render thread/DEBUG] (FabricLoader/Mixin) fabric-key-binding-api-v1.mixins.json:GameOptionsMixin from mod fabric-key-binding-api-v1->@Inject::loadHook(Lorg/spongepowered/asm/mixin/injection/callback/CallbackInfo;)V won't be passed a CallbackInfo as a result
[11:21:22] [Render thread/DEBUG] (FabricLoader/Mixin) fabric-resource-loader-v0.client.mixins.json:GameOptionsMixin from mod fabric-resource-loader-v0->@Inject::onLoad(Lorg/spongepowered/asm/mixin/injection/callback/CallbackInfo;)V doesn't use it's CallbackInfo
[11:21:22] [Render thread/DEBUG] (FabricLoader/Mixin) fabric-resource-loader-v0.client.mixins.json:GameOptionsMixin from mod fabric-resource-loader-v0->@Inject::onLoad(Lorg/spongepowered/asm/mixin/injection/callback/CallbackInfo;)V has 0 override(s) in child classes
[11:21:22] [Render thread/DEBUG] (FabricLoader/Mixin) fabric-resource-loader-v0.client.mixins.json:GameOptionsMixin from mod fabric-resource-loader-v0->@Inject::onLoad(Lorg/spongepowered/asm/mixin/injection/callback/CallbackInfo;)V won't be passed a CallbackInfo as a result
[11:21:22] [Render thread/DEBUG] (FabricLoader/Mixin) fabric-resource-loader-v0.client.mixins.json:GameOptionsMixin from mod fabric-resource-loader-v0->@Inject::onLoad(Lorg/spongepowered/asm/mixin/injection/callback/CallbackInfo;)V doesn't use it's CallbackInfo
[11:21:22] [Render thread/DEBUG] (FabricLoader/Mixin) fabric-resource-loader-v0.client.mixins.json:GameOptionsMixin from mod fabric-resource-loader-v0->@Inject::onLoad(Lorg/spongepowered/asm/mixin/injection/callback/CallbackInfo;)V has 0 override(s) in child classes
[11:21:22] [Render thread/DEBUG] (FabricLoader/Mixin) fabric-resource-loader-v0.client.mixins.json:GameOptionsMixin from mod fabric-resource-loader-v0->@Inject::onLoad(Lorg/spongepowered/asm/mixin/injection/callback/CallbackInfo;)V won't be passed a CallbackInfo as a result
[11:21:23] [Render thread/DEBUG] (FabricLoader/Mixin) Mixing ResourcePackProfileMixin from fabric-resource-loader-v0.mixins.json into net.minecraft.resource.ResourcePackProfile
[11:21:23] [Render thread/DEBUG] (FabricLoader/Mixin) fabric-resource-loader-v0.mixins.json:ResourcePackProfileMixin from mod fabric-resource-loader-v0: Class version 61 required is higher than the class version supported by the current version of Mixin (JAVA_16 supports class version 60)
[11:21:23] [Render thread/DEBUG] (FabricLoader/Mixin) fabric-resource-loader-v0.mixins.json:ResourcePackProfileMixin from mod fabric-resource-loader-v0->@Inject::onCreateResourcePack(Lorg/spongepowered/asm/mixin/injection/callback/CallbackInfoReturnable;)V does use it's CallbackInfoReturnable
[11:21:23] [Render thread/INFO] (net.minecraft.client.MinecraftClient) Backend library: LWJGL version 3.3.2-snapshot
[11:21:24] [Render thread/INFO] (net.minecraft.util.logging.LoggerPrintStream) [STDERR]: [LWJGL] [ThreadLocalUtil] Unsupported JNI version detected, this may result in a crash. Please inform LWJGL developers.
[11:21:25] [Render thread/DEBUG] (FabricLoader/Mixin) Mixing MouseMixin from fabric-screen-api-v1.mixins.json into net.minecraft.client.Mouse
[11:21:25] [Render thread/DEBUG] (FabricLoader/Mixin) fabric-screen-api-v1.mixins.json:MouseMixin from mod fabric-screen-api-v1: Class version 61 required is higher than the class version supported by the current version of Mixin (JAVA_16 supports class version 60)
[11:21:25] [Render thread/DEBUG] (FabricLoader/Mixin) fabric-screen-api-v1.mixins.json:MouseMixin from mod fabric-screen-api-v1->@Inject::beforeMouseClickedEvent([ZLnet/minecraft/client/gui/screen/Screen;DDILorg/spongepowered/asm/mixin/injection/callback/CallbackInfo;)V does use it's CallbackInfo
[11:21:25] [Render thread/DEBUG] (FabricLoader/Mixin) fabric-screen-api-v1.mixins.json:MouseMixin from mod fabric-screen-api-v1->@Inject::afterMouseClickedEvent([ZLnet/minecraft/client/gui/screen/Screen;DDILorg/spongepowered/asm/mixin/injection/callback/CallbackInfo;)V doesn't use it's CallbackInfo
[11:21:25] [Render thread/DEBUG] (FabricLoader/Mixin) fabric-screen-api-v1.mixins.json:MouseMixin from mod fabric-screen-api-v1->@Inject::beforeMouseReleasedEvent([ZLnet/minecraft/client/gui/screen/Screen;DDILorg/spongepowered/asm/mixin/injection/callback/CallbackInfo;)V does use it's CallbackInfo
[11:21:25] [Render thread/DEBUG] (FabricLoader/Mixin) fabric-screen-api-v1.mixins.json:MouseMixin from mod fabric-screen-api-v1->@Inject::afterMouseReleasedEvent([ZLnet/minecraft/client/gui/screen/Screen;DDILorg/spongepowered/asm/mixin/injection/callback/CallbackInfo;)V doesn't use it's CallbackInfo
[11:21:25] [Render thread/DEBUG] (FabricLoader/Mixin) fabric-screen-api-v1.mixins.json:MouseMixin from mod fabric-screen-api-v1->@Inject::beforeMouseScrollEvent(JDDLorg/spongepowered/asm/mixin/injection/callback/CallbackInfo;DDD)V does use it's CallbackInfo
[11:21:25] [Render thread/DEBUG] (FabricLoader/Mixin) fabric-screen-api-v1.mixins.json:MouseMixin from mod fabric-screen-api-v1->@Inject::afterMouseScrollEvent(JDDLorg/spongepowered/asm/mixin/injection/callback/CallbackInfo;DDD)V doesn't use it's CallbackInfo
[11:21:25] [Render thread/DEBUG] (FabricLoader/Mixin) fabric-screen-api-v1.mixins.json:MouseMixin from mod fabric-screen-api-v1->@Inject::afterMouseScrollEvent(JDDLorg/spongepowered/asm/mixin/injection/callback/CallbackInfo;DDD)V has 0 override(s) in child classes
[11:21:25] [Render thread/DEBUG] (FabricLoader/Mixin) fabric-screen-api-v1.mixins.json:MouseMixin from mod fabric-screen-api-v1->@Inject::afterMouseScrollEvent(JDDLorg/spongepowered/asm/mixin/injection/callback/CallbackInfo;DDD)V won't be passed a CallbackInfo as a result
[11:21:25] [Render thread/DEBUG] (FabricLoader/Mixin) Mixing KeyboardMixin from fabric-screen-api-v1.mixins.json into net.minecraft.client.Keyboard
[11:21:25] [Render thread/DEBUG] (FabricLoader/Mixin) fabric-screen-api-v1.mixins.json:KeyboardMixin from mod fabric-screen-api-v1: Class version 61 required is higher than the class version supported by the current version of Mixin (JAVA_16 supports class version 60)
[11:21:25] [Render thread/DEBUG] (FabricLoader/Mixin) fabric-screen-api-v1.mixins.json:KeyboardMixin from mod fabric-screen-api-v1->@Inject::beforeKeyPressedEvent(ILnet/minecraft/client/gui/screen/Screen;[ZIIILorg/spongepowered/asm/mixin/injection/callback/CallbackInfo;)V does use it's CallbackInfo
[11:21:25] [Render thread/DEBUG] (FabricLoader/Mixin) fabric-screen-api-v1.mixins.json:KeyboardMixin from mod fabric-screen-api-v1->@Inject::afterKeyPressedEvent(ILnet/minecraft/client/gui/screen/Screen;[ZIIILorg/spongepowered/asm/mixin/injection/callback/CallbackInfo;)V doesn't use it's CallbackInfo
[11:21:25] [Render thread/DEBUG] (FabricLoader/Mixin) fabric-screen-api-v1.mixins.json:KeyboardMixin from mod fabric-screen-api-v1->@Inject::beforeKeyReleasedEvent(ILnet/minecraft/client/gui/screen/Screen;[ZIIILorg/spongepowered/asm/mixin/injection/callback/CallbackInfo;)V does use it's CallbackInfo
[11:21:25] [Render thread/DEBUG] (FabricLoader/Mixin) fabric-screen-api-v1.mixins.json:KeyboardMixin from mod fabric-screen-api-v1->@Inject::afterKeyReleasedEvent(ILnet/minecraft/client/gui/screen/Screen;[ZIIILorg/spongepowered/asm/mixin/injection/callback/CallbackInfo;)V doesn't use it's CallbackInfo
[11:21:25] [Render thread/DEBUG] (oshi.util.FileUtil) Reading file /sys/devices/system/cpu/cpu0/topology/core_id
[11:21:25] [Render thread/DEBUG] (oshi.util.FileUtil) Reading file /sys/devices/system/cpu/cpu0/topology/core_id
[11:21:25] [Render thread/DEBUG] (oshi.util.FileUtil) Reading file /sys/devices/system/cpu/cpu0/topology/physical_package_id
[11:21:25] [Render thread/DEBUG] (oshi.util.FileUtil) Reading file /sys/devices/system/cpu/cpu0/topology/physical_package_id
[11:21:25] [Render thread/DEBUG] (oshi.util.FileUtil) Reading file /sys/devices/system/cpu/cpu0/cpu_capacity
[11:21:25] [Render thread/DEBUG] (oshi.util.FileUtil) Reading file /sys/devices/system/cpu/cpu1/topology/core_id
[11:21:25] [Render thread/DEBUG] (oshi.util.FileUtil) Reading file /sys/devices/system/cpu/cpu1/topology/core_id
[11:21:25] [Render thread/DEBUG] (oshi.util.FileUtil) Reading file /sys/devices/system/cpu/cpu1/topology/physical_package_id
[11:21:25] [Render thread/DEBUG] (oshi.util.FileUtil) Reading file /sys/devices/system/cpu/cpu1/topology/physical_package_id
[11:21:25] [Render thread/DEBUG] (oshi.util.FileUtil) Reading file /sys/devices/system/cpu/cpu1/cpu_capacity
[11:21:25] [Render thread/DEBUG] (oshi.util.FileUtil) Reading file /proc/cpuinfo
[11:21:25] [Render thread/DEBUG] (oshi.util.FileUtil) Reading file /proc/self/auxv
[11:21:25] [Render thread/DEBUG] (FabricLoader/Mixin) Mixing ReloadableResourceManagerImplMixin from fabric-resource-loader-v0.mixins.json into net.minecraft.resource.ReloadableResourceManagerImpl
[11:21:25] [Render thread/DEBUG] (FabricLoader/Mixin) fabric-resource-loader-v0.mixins.json:ReloadableResourceManagerImplMixin from mod fabric-resource-loader-v0: Class version 61 required is higher than the class version supported by the current version of Mixin (JAVA_16 supports class version 60)
[11:21:25] [Render thread/DEBUG] (FabricLoader/Mixin) Renaming synthetic method lambda$getResourcePackNames$0(Lnet/minecraft/resource/ResourcePack;)Ljava/lang/String; to md5ebeb3$fabric-resource-loader-v0$lambda$getResourcePackNames$0$0 in fabric-resource-loader-v0.mixins.json:ReloadableResourceManagerImplMixin from mod fabric-resource-loader-v0
[11:21:25] [Render thread/DEBUG] (FabricLoader/Mixin) fabric-resource-loader-v0.mixins.json:ReloadableResourceManagerImplMixin from mod fabric-resource-loader-v0->@Inject::getResourcePackNames(Ljava/util/List;Lorg/spongepowered/asm/mixin/injection/callback/CallbackInfoReturnable;)V does use it's CallbackInfoReturnable
[11:21:25] [Render thread/DEBUG] (FabricLoader/Mixin) Mixing LifecycledResourceManagerImplMixin from fabric-resource-loader-v0.mixins.json into net.minecraft.resource.LifecycledResourceManagerImpl
[11:21:25] [Render thread/DEBUG] (FabricLoader/Mixin) fabric-resource-loader-v0.mixins.json:LifecycledResourceManagerImplMixin from mod fabric-resource-loader-v0: Class version 61 required is higher than the class version supported by the current version of Mixin (JAVA_16 supports class version 60)
[11:21:25] [Render thread/DEBUG] (FabricLoader/Mixin) fabric-resource-loader-v0.mixins.json:LifecycledResourceManagerImplMixin from mod fabric-resource-loader-v0->@Inject::init(Lnet/minecraft/resource/ResourceType;Ljava/util/List;Lorg/spongepowered/asm/mixin/injection/callback/CallbackInfo;)V doesn't use it's CallbackInfo
[11:21:25] [Render thread/DEBUG] (FabricLoader/Mixin) fabric-resource-loader-v0.mixins.json:LifecycledResourceManagerImplMixin from mod fabric-resource-loader-v0->@Inject::init(Lnet/minecraft/resource/ResourceType;Ljava/util/List;Lorg/spongepowered/asm/mixin/injection/callback/CallbackInfo;)V has 0 override(s) in child classes
[11:21:25] [Render thread/DEBUG] (FabricLoader/Mixin) fabric-resource-loader-v0.mixins.json:LifecycledResourceManagerImplMixin from mod fabric-resource-loader-v0->@Inject::init(Lnet/minecraft/resource/ResourceType;Ljava/util/List;Lorg/spongepowered/asm/mixin/injection/callback/CallbackInfo;)V won't be passed a CallbackInfo as a result
[11:21:25] [Render thread/DEBUG] (FabricLoader/Mixin) Mixing KeyedResourceReloadListenerClientMixin from fabric-resource-loader-v0.client.mixins.json into net.minecraft.client.resource.language.LanguageManager
[11:21:25] [Render thread/DEBUG] (FabricLoader/Mixin) fabric-resource-loader-v0.client.mixins.json:KeyedResourceReloadListenerClientMixin from mod fabric-resource-loader-v0: Class version 61 required is higher than the class version supported by the current version of Mixin (JAVA_16 supports class version 60)
[11:21:26] [Render thread/DEBUG] (FabricLoader/Mixin) Mixing KeyedResourceReloadListenerClientMixin from fabric-resource-loader-v0.client.mixins.json into net.minecraft.client.sound.SoundManager
[11:21:26] [Render thread/DEBUG] (FabricLoader/Mixin) fabric-resource-loader-v0.client.mixins.json:KeyedResourceReloadListenerClientMixin from mod fabric-resource-loader-v0: Class version 61 required is higher than the class version supported by the current version of Mixin (JAVA_16 supports class version 60)
[11:21:26] [Render thread/DEBUG] (FabricLoader/Mixin) Mixing SoundSystemMixin from fabric-sound-api-v1.mixins.json into net.minecraft.client.sound.SoundSystem
[11:21:26] [Render thread/DEBUG] (FabricLoader/Mixin) Mixing FontManagerMixin from fabric-resource-loader-v0.client.mixins.json into net.minecraft.client.font.FontManager
[11:21:26] [Render thread/DEBUG] (FabricLoader/Mixin) fabric-resource-loader-v0.client.mixins.json:FontManagerMixin from mod fabric-resource-loader-v0: Class version 61 required is higher than the class version supported by the current version of Mixin (JAVA_16 supports class version 60)
[11:21:26] [Render thread/DEBUG] (FabricLoader/Mixin) Mixing BlockColorsMixin from fabric-rendering-v1.mixins.json into net.minecraft.client.color.block.BlockColors
[11:21:26] [Render thread/DEBUG] (FabricLoader/Mixin) fabric-rendering-v1.mixins.json:BlockColorsMixin from mod fabric-rendering-v1: Class version 61 required is higher than the class version supported by the current version of Mixin (JAVA_16 supports class version 60)
[11:21:26] [Render thread/DEBUG] (FabricLoader/Mixin) Mixing BlockColorsMixin from fabric-registry-sync-v0.client.mixins.json into net.minecraft.client.color.block.BlockColors
[11:21:26] [Render thread/DEBUG] (FabricLoader/Mixin) fabric-registry-sync-v0.client.mixins.json:BlockColorsMixin from mod fabric-registry-sync-v0: Class version 61 required is higher than the class version supported by the current version of Mixin (JAVA_16 supports class version 60)
[11:21:26] [Render thread/DEBUG] (FabricLoader/Mixin) fabric-rendering-v1.mixins.json:BlockColorsMixin from mod fabric-rendering-v1->@Inject::create(Lorg/spongepowered/asm/mixin/injection/callback/CallbackInfoReturnable;)V does use it's CallbackInfoReturnable
[11:21:26] [Render thread/DEBUG] (FabricLoader/Mixin) fabric-registry-sync-v0.client.mixins.json:BlockColorsMixin from mod fabric-registry-sync-v0->@Inject::create(Lorg/spongepowered/asm/mixin/injection/callback/CallbackInfo;)V doesn't use it's CallbackInfo
[11:21:26] [Render thread/DEBUG] (FabricLoader/Mixin) fabric-registry-sync-v0.client.mixins.json:BlockColorsMixin from mod fabric-registry-sync-v0->@Inject::create(Lorg/spongepowered/asm/mixin/injection/callback/CallbackInfo;)V has 0 override(s) in child classes
[11:21:26] [Render thread/DEBUG] (FabricLoader/Mixin) fabric-registry-sync-v0.client.mixins.json:BlockColorsMixin from mod fabric-registry-sync-v0->@Inject::create(Lorg/spongepowered/asm/mixin/injection/callback/CallbackInfo;)V won't be passed a CallbackInfo as a result
[11:21:26] [Render thread/DEBUG] (FabricLoader/Mixin) Mixing ItemColorsMixin from fabric-rendering-v1.mixins.json into net.minecraft.client.color.item.ItemColors
[11:21:26] [Render thread/DEBUG] (FabricLoader/Mixin) fabric-rendering-v1.mixins.json:ItemColorsMixin from mod fabric-rendering-v1: Class version 61 required is higher than the class version supported by the current version of Mixin (JAVA_16 supports class version 60)
[11:21:26] [Render thread/DEBUG] (FabricLoader/Mixin) Mixing ItemColorsMixin from fabric-registry-sync-v0.client.mixins.json into net.minecraft.client.color.item.ItemColors
[11:21:26] [Render thread/DEBUG] (FabricLoader/Mixin) fabric-registry-sync-v0.client.mixins.json:ItemColorsMixin from mod fabric-registry-sync-v0: Class version 61 required is higher than the class version supported by the current version of Mixin (JAVA_16 supports class version 60)
[11:21:26] [Render thread/DEBUG] (FabricLoader/Mixin) fabric-rendering-v1.mixins.json:ItemColorsMixin from mod fabric-rendering-v1->@Inject::create(Lnet/minecraft/client/color/block/BlockColors;Lorg/spongepowered/asm/mixin/injection/callback/CallbackInfoReturnable;)V does use it's CallbackInfoReturnable
[11:21:26] [Render thread/DEBUG] (FabricLoader/Mixin) fabric-registry-sync-v0.client.mixins.json:ItemColorsMixin from mod fabric-registry-sync-v0->@Inject::create(Lorg/spongepowered/asm/mixin/injection/callback/CallbackInfo;)V doesn't use it's CallbackInfo
[11:21:26] [Render thread/DEBUG] (FabricLoader/Mixin) fabric-registry-sync-v0.client.mixins.json:ItemColorsMixin from mod fabric-registry-sync-v0->@Inject::create(Lorg/spongepowered/asm/mixin/injection/callback/CallbackInfo;)V has 0 override(s) in child classes
[11:21:26] [Render thread/DEBUG] (FabricLoader/Mixin) fabric-registry-sync-v0.client.mixins.json:ItemColorsMixin from mod fabric-registry-sync-v0->@Inject::create(Lorg/spongepowered/asm/mixin/injection/callback/CallbackInfo;)V won't be passed a CallbackInfo as a result
[11:21:26] [Render thread/DEBUG] (FabricLoader/Mixin) Mixing BakedModelManagerMixin from fabric-model-loading-api-v1.mixins.json into net.minecraft.client.render.model.BakedModelManager
[11:21:26] [Render thread/DEBUG] (FabricLoader/Mixin) Renaming synthetic method lambda$loadModelPluginData$0(Ljava/util/function/BiFunction;Lnet/minecraft/util/Pair;Ljava/util/List;)Lnet/minecraft/client/render/model/ModelLoader; to md5ebeb3$fabric-model-loading-api-v1$lambda$loadModelPluginData$0$0 in fabric-model-loading-api-v1.mixins.json:BakedModelManagerMixin from mod fabric-model-loading-api-v1
[11:21:26] [Render thread/DEBUG] (FabricLoader/Mixin) Mixing KeyedResourceReloadListenerClientMixin from fabric-resource-loader-v0.client.mixins.json into net.minecraft.client.render.model.BakedModelManager
[11:21:26] [Render thread/DEBUG] (FabricLoader/Mixin) fabric-resource-loader-v0.client.mixins.json:KeyedResourceReloadListenerClientMixin from mod fabric-resource-loader-v0: Class version 61 required is higher than the class version supported by the current version of Mixin (JAVA_16 supports class version 60)
[11:21:26] [Render thread/DEBUG] (FabricLoader/Mixin) Mixing TexturedRenderLayersMixin from fabric-object-builder-v1.client.mixins.json into net.minecraft.client.render.TexturedRenderLayers
[11:21:26] [Render thread/DEBUG] (FabricLoader/Mixin) fabric-object-builder-v1.client.mixins.json:TexturedRenderLayersMixin from mod fabric-object-builder-api-v1: Class version 61 required is higher than the class version supported by the current version of Mixin (JAVA_16 supports class version 60)
[11:21:27] [Render thread/DEBUG] (FabricLoader/Mixin) fabric-object-builder-v1.client.mixins.json:TexturedRenderLayersMixin from mod fabric-object-builder-api-v1->@Inject::modifyTextureId(Lnet/minecraft/block/WoodType;Lorg/spongepowered/asm/mixin/injection/callback/CallbackInfoReturnable;)V does use it's CallbackInfoReturnable
[11:21:27] [Render thread/DEBUG] (FabricLoader/Mixin) fabric-object-builder-v1.client.mixins.json:TexturedRenderLayersMixin from mod fabric-object-builder-api-v1->@Inject::modifyHangingTextureId(Lnet/minecraft/block/WoodType;Lorg/spongepowered/asm/mixin/injection/callback/CallbackInfoReturnable;)V does use it's CallbackInfoReturnable
[11:21:27] [Render thread/DEBUG] (FabricLoader/Mixin) Mixing KeyedResourceReloadListenerClientMixin from fabric-resource-loader-v0.client.mixins.json into net.minecraft.client.render.block.BlockRenderManager
[11:21:27] [Render thread/DEBUG] (FabricLoader/Mixin) fabric-resource-loader-v0.client.mixins.json:KeyedResourceReloadListenerClientMixin from mod fabric-resource-loader-v0: Class version 61 required is higher than the class version supported by the current version of Mixin (JAVA_16 supports class version 60)
[11:21:27] [Render thread/DEBUG] (FabricLoader/Mixin) Mixing BuiltinModelItemRendererMixin from fabric-rendering-v1.mixins.json into net.minecraft.client.render.item.BuiltinModelItemRenderer
[11:21:27] [Render thread/DEBUG] (FabricLoader/Mixin) fabric-rendering-v1.mixins.json:BuiltinModelItemRendererMixin from mod fabric-rendering-v1: Class version 61 required is higher than the class version supported by the current version of Mixin (JAVA_16 supports class version 60)
[11:21:27] [Render thread/DEBUG] (FabricLoader/Mixin) fabric-rendering-v1.mixins.json:BuiltinModelItemRendererMixin from mod fabric-rendering-v1->@Inject::fabric_onRender(Lnet/minecraft/item/ItemStack;Lnet/minecraft/client/render/model/json/ModelTransformationMode;Lnet/minecraft/client/util/math/MatrixStack;Lnet/minecraft/client/render/VertexConsumerProvider;IILorg/spongepowered/asm/mixin/injection/callback/CallbackInfo;)V does use it's CallbackInfo
[11:21:27] [Render thread/DEBUG] (FabricLoader/Mixin) Mixing ItemModelsMixin from fabric-registry-sync-v0.client.mixins.json into net.minecraft.client.render.item.ItemModels
[11:21:27] [Render thread/DEBUG] (FabricLoader/Mixin) fabric-registry-sync-v0.client.mixins.json:ItemModelsMixin from mod fabric-registry-sync-v0: Class version 61 required is higher than the class version supported by the current version of Mixin (JAVA_16 supports class version 60)
[11:21:27] [Render thread/DEBUG] (FabricLoader/Mixin) fabric-registry-sync-v0.client.mixins.json:ItemModelsMixin from mod fabric-registry-sync-v0->@Inject::onInit(Lnet/minecraft/client/render/model/BakedModelManager;Lorg/spongepowered/asm/mixin/injection/callback/CallbackInfo;)V doesn't use it's CallbackInfo
[11:21:27] [Render thread/DEBUG] (FabricLoader/Mixin) fabric-registry-sync-v0.client.mixins.json:ItemModelsMixin from mod fabric-registry-sync-v0->@Inject::onInit(Lnet/minecraft/client/render/model/BakedModelManager;Lorg/spongepowered/asm/mixin/injection/callback/CallbackInfo;)V has 0 override(s) in child classes
[11:21:27] [Render thread/DEBUG] (FabricLoader/Mixin) fabric-registry-sync-v0.client.mixins.json:ItemModelsMixin from mod fabric-registry-sync-v0->@Inject::onInit(Lnet/minecraft/client/render/model/BakedModelManager;Lorg/spongepowered/asm/mixin/injection/callback/CallbackInfo;)V won't be passed a CallbackInfo as a result
[11:21:27] [Render thread/DEBUG] (FabricLoader/Mixin) Mixing ModelLoaderMixin from fabric-model-loading-api-v1.mixins.json into net.minecraft.client.render.model.ModelLoader
[11:21:27] [Render thread/DEBUG] (FabricLoader/Mixin) fabric-model-loading-api-v1.mixins.json:ModelLoaderMixin from mod fabric-model-loading-api-v1->@Inject::afterMissingModelInit(Lnet/minecraft/client/color/block/BlockColors;Lnet/minecraft/util/profiler/Profiler;Ljava/util/Map;Ljava/util/Map;Lorg/spongepowered/asm/mixin/injection/callback/CallbackInfo;)V doesn't use it's CallbackInfo
[11:21:27] [Render thread/DEBUG] (FabricLoader/Mixin) fabric-model-loading-api-v1.mixins.json:ModelLoaderMixin from mod fabric-model-loading-api-v1->@Inject::afterMissingModelInit(Lnet/minecraft/client/color/block/BlockColors;Lnet/minecraft/util/profiler/Profiler;Ljava/util/Map;Ljava/util/Map;Lorg/spongepowered/asm/mixin/injection/callback/CallbackInfo;)V has 0 override(s) in child classes
[11:21:27] [Render thread/DEBUG] (FabricLoader/Mixin) fabric-model-loading-api-v1.mixins.json:ModelLoaderMixin from mod fabric-model-loading-api-v1->@Inject::afterMissingModelInit(Lnet/minecraft/client/color/block/BlockColors;Lnet/minecraft/util/profiler/Profiler;Ljava/util/Map;Ljava/util/Map;Lorg/spongepowered/asm/mixin/injection/callback/CallbackInfo;)V won't be passed a CallbackInfo as a result
[11:21:27] [Render thread/DEBUG] (FabricLoader/Mixin) fabric-model-loading-api-v1.mixins.json:ModelLoaderMixin from mod fabric-model-loading-api-v1->@Inject::fabric_preventNestedGetOrLoadModel(Lnet/minecraft/util/Identifier;Lorg/spongepowered/asm/mixin/injection/callback/CallbackInfoReturnable;)V doesn't use it's CallbackInfoReturnable
[11:21:27] [Render thread/DEBUG] (FabricLoader/Mixin) fabric-model-loading-api-v1.mixins.json:ModelLoaderMixin from mod fabric-model-loading-api-v1->@Inject::fabric_preventNestedGetOrLoadModel(Lnet/minecraft/util/Identifier;Lorg/spongepowered/asm/mixin/injection/callback/CallbackInfoReturnable;)V has 0 override(s) in child classes
[11:21:27] [Render thread/DEBUG] (FabricLoader/Mixin) fabric-model-loading-api-v1.mixins.json:ModelLoaderMixin from mod fabric-model-loading-api-v1->@Inject::fabric_preventNestedGetOrLoadModel(Lnet/minecraft/util/Identifier;Lorg/spongepowered/asm/mixin/injection/callback/CallbackInfoReturnable;)V won't be passed a CallbackInfoReturnable as a result
[11:21:27] [Render thread/DEBUG] (FabricLoader/Mixin) fabric-model-loading-api-v1.mixins.json:ModelLoaderMixin from mod fabric-model-loading-api-v1->@Inject::onLoadModel(Lnet/minecraft/util/Identifier;Lorg/spongepowered/asm/mixin/injection/callback/CallbackInfo;)V does use it's CallbackInfo
[11:21:27] [Render thread/DEBUG] (FabricLoader/Mixin) Mixing BakedModelMixin from fabric-renderer-indigo.mixins.json into net.minecraft.client.render.model.BakedModel
[11:21:27] [Render thread/DEBUG] (FabricLoader/Mixin) fabric-renderer-indigo.mixins.json:BakedModelMixin from mod fabric-renderer-indigo: Class version 61 required is higher than the class version supported by the current version of Mixin (JAVA_16 supports class version 60)
[11:21:27] [Render thread/DEBUG] (FabricLoader/Mixin) Mixing client.BakedModelMixin from fabric-renderer-api-v1.mixins.json into net.minecraft.client.render.model.BakedModel
[11:21:27] [Render thread/DEBUG] (FabricLoader/Mixin) fabric-renderer-api-v1.mixins.json:client.BakedModelMixin from mod fabric-renderer-api-v1: Class version 61 required is higher than the class version supported by the current version of Mixin (JAVA_16 supports class version 60)
[11:21:27] [Render thread/DEBUG] (FabricLoader/Mixin) Mixing BlockModelRendererMixin from fabric-renderer-indigo.mixins.json into net.minecraft.client.render.block.BlockModelRenderer
[11:21:27] [Render thread/DEBUG] (FabricLoader/Mixin) fabric-renderer-indigo.mixins.json:BlockModelRendererMixin from mod fabric-renderer-indigo: Class version 61 required is higher than the class version supported by the current version of Mixin (JAVA_16 supports class version 60)
[11:21:27] [Render thread/DEBUG] (FabricLoader/Mixin) fabric-renderer-indigo.mixins.json:BlockModelRendererMixin from mod fabric-renderer-indigo->@Inject::hookRender(Lnet/minecraft/world/BlockRenderView;Lnet/minecraft/client/render/model/BakedModel;Lnet/minecraft/block/BlockState;Lnet/minecraft/util/math/BlockPos;Lnet/minecraft/client/util/math/MatrixStack;Lnet/minecraft/client/render/VertexConsumer;ZLnet/minecraft/util/math/random/Random;JILorg/spongepowered/asm/mixin/injection/callback/CallbackInfo;)V does use it's CallbackInfo
[11:21:27] [Render thread/DEBUG] (FabricLoader/Mixin) fabric-renderer-indigo.mixins.json:BlockModelRendererMixin from mod fabric-renderer-indigo->@Inject::onInit(Lorg/spongepowered/asm/mixin/injection/callback/CallbackInfo;)V doesn't use it's CallbackInfo
[11:21:27] [Render thread/DEBUG] (FabricLoader/Mixin) fabric-renderer-indigo.mixins.json:BlockModelRendererMixin from mod fabric-renderer-indigo->@Inject::onInit(Lorg/spongepowered/asm/mixin/injection/callback/CallbackInfo;)V has 0 override(s) in child classes
[11:21:27] [Render thread/DEBUG] (FabricLoader/Mixin) fabric-renderer-indigo.mixins.json:BlockModelRendererMixin from mod fabric-renderer-indigo->@Inject::onInit(Lorg/spongepowered/asm/mixin/injection/callback/CallbackInfo;)V won't be passed a CallbackInfo as a result
[11:21:27] [Render thread/DEBUG] (FabricLoader/Mixin) Mixing FluidRendererMixin from fabric-rendering-fluids-v1.mixins.json into net.minecraft.client.render.block.FluidRenderer
[11:21:27] [Render thread/DEBUG] (FabricLoader/Mixin) fabric-rendering-fluids-v1.mixins.json:FluidRendererMixin from mod fabric-rendering-fluids-v1: Class version 61 required is higher than the class version supported by the current version of Mixin (JAVA_16 supports class version 60)
[11:21:27] [Render thread/DEBUG] (FabricLoader/Mixin) Renaming synthetic method lambda$new$0()Ljava/lang/Boolean; to md5ebeb3$fabric-rendering-fluids-v1$lambda$new$0$0 in fabric-rendering-fluids-v1.mixins.json:FluidRendererMixin from mod fabric-rendering-fluids-v1
[11:21:27] [Render thread/DEBUG] (FabricLoader/Mixin) fabric-rendering-fluids-v1.mixins.json:FluidRendererMixin from mod fabric-rendering-fluids-v1->@Inject::onResourceReloadReturn(Lorg/spongepowered/asm/mixin/injection/callback/CallbackInfo;)V doesn't use it's CallbackInfo
[11:21:27] [Render thread/DEBUG] (FabricLoader/Mixin) fabric-rendering-fluids-v1.mixins.json:FluidRendererMixin from mod fabric-rendering-fluids-v1->@Inject::onResourceReloadReturn(Lorg/spongepowered/asm/mixin/injection/callback/CallbackInfo;)V has 0 override(s) in child classes
[11:21:27] [Render thread/DEBUG] (FabricLoader/Mixin) fabric-rendering-fluids-v1.mixins.json:FluidRendererMixin from mod fabric-rendering-fluids-v1->@Inject::onResourceReloadReturn(Lorg/spongepowered/asm/mixin/injection/callback/CallbackInfo;)V won't be passed a CallbackInfo as a result
[11:21:27] [Render thread/DEBUG] (FabricLoader/Mixin) fabric-rendering-fluids-v1.mixins.json:FluidRendererMixin from mod fabric-rendering-fluids-v1->@Inject::tesselate(Lnet/minecraft/world/BlockRenderView;Lnet/minecraft/util/math/BlockPos;Lnet/minecraft/client/render/VertexConsumer;Lnet/minecraft/block/BlockState;Lnet/minecraft/fluid/FluidState;Lorg/spongepowered/asm/mixin/injection/callback/CallbackInfo;)V does use it's CallbackInfo
[11:21:27] [Render thread/DEBUG] (FabricLoader/Mixin) fabric-rendering-fluids-v1.mixins.json:FluidRendererMixin from mod fabric-rendering-fluids-v1->@Inject::tesselateReturn(Lnet/minecraft/world/BlockRenderView;Lnet/minecraft/util/math/BlockPos;Lnet/minecraft/client/render/VertexConsumer;Lnet/minecraft/block/BlockState;Lnet/minecraft/fluid/FluidState;Lorg/spongepowered/asm/mixin/injection/callback/CallbackInfo;)V doesn't use it's CallbackInfo
[11:21:27] [Render thread/DEBUG] (FabricLoader/Mixin) fabric-rendering-fluids-v1.mixins.json:FluidRendererMixin from mod fabric-rendering-fluids-v1->@Inject::tesselateReturn(Lnet/minecraft/world/BlockRenderView;Lnet/minecraft/util/math/BlockPos;Lnet/minecraft/client/render/VertexConsumer;Lnet/minecraft/block/BlockState;Lnet/minecraft/fluid/FluidState;Lorg/spongepowered/asm/mixin/injection/callback/CallbackInfo;)V has 0 override(s) in child classes
[11:21:27] [Render thread/DEBUG] (FabricLoader/Mixin) fabric-rendering-fluids-v1.mixins.json:FluidRendererMixin from mod fabric-rendering-fluids-v1->@Inject::tesselateReturn(Lnet/minecraft/world/BlockRenderView;Lnet/minecraft/util/math/BlockPos;Lnet/minecraft/client/render/VertexConsumer;Lnet/minecraft/block/BlockState;Lnet/minecraft/fluid/FluidState;Lorg/spongepowered/asm/mixin/injection/callback/CallbackInfo;)V won't be passed a CallbackInfo as a result
[11:21:27] [Render thread/DEBUG] (FabricLoader/Mixin) fabric-rendering-fluids-v1.mixins.json:FluidRendererMixin from mod fabric-rendering-fluids-v1->@Inject::tesselateReturn(Lnet/minecraft/world/BlockRenderView;Lnet/minecraft/util/math/BlockPos;Lnet/minecraft/client/render/VertexConsumer;Lnet/minecraft/block/BlockState;Lnet/minecraft/fluid/FluidState;Lorg/spongepowered/asm/mixin/injection/callback/CallbackInfo;)V doesn't use it's CallbackInfo
[11:21:27] [Render thread/DEBUG] (FabricLoader/Mixin) fabric-rendering-fluids-v1.mixins.json:FluidRendererMixin from mod fabric-rendering-fluids-v1->@Inject::tesselateReturn(Lnet/minecraft/world/BlockRenderView;Lnet/minecraft/util/math/BlockPos;Lnet/minecraft/client/render/VertexConsumer;Lnet/minecraft/block/BlockState;Lnet/minecraft/fluid/FluidState;Lorg/spongepowered/asm/mixin/injection/callback/CallbackInfo;)V has 0 override(s) in child classes
[11:21:27] [Render thread/DEBUG] (FabricLoader/Mixin) fabric-rendering-fluids-v1.mixins.json:FluidRendererMixin from mod fabric-rendering-fluids-v1->@Inject::tesselateReturn(Lnet/minecraft/world/BlockRenderView;Lnet/minecraft/util/math/BlockPos;Lnet/minecraft/client/render/VertexConsumer;Lnet/minecraft/block/BlockState;Lnet/minecraft/fluid/FluidState;Lorg/spongepowered/asm/mixin/injection/callback/CallbackInfo;)V won't be passed a CallbackInfo as a result
[11:21:27] [Render thread/DEBUG] (FabricLoader/Mixin) Mixing HeldItemRendererMixin from fabric-item-api-v1.client.mixins.json into net.minecraft.client.render.item.HeldItemRenderer
[11:21:27] [Render thread/DEBUG] (FabricLoader/Mixin) fabric-item-api-v1.client.mixins.json:HeldItemRendererMixin from mod fabric-item-api-v1: Class version 61 required is higher than the class version supported by the current version of Mixin (JAVA_16 supports class version 60)
[11:21:27] [Render thread/DEBUG] (FabricLoader/Mixin) fabric-item-api-v1.client.mixins.json:HeldItemRendererMixin from mod fabric-item-api-v1->@Inject::modifyProgressAnimation(Lorg/spongepowered/asm/mixin/injection/callback/CallbackInfo;)V doesn't use it's CallbackInfo
[11:21:27] [Render thread/DEBUG] (FabricLoader/Mixin) fabric-item-api-v1.client.mixins.json:HeldItemRendererMixin from mod fabric-item-api-v1->@Inject::modifyProgressAnimation(Lorg/spongepowered/asm/mixin/injection/callback/CallbackInfo;)V has 0 override(s) in child classes
[11:21:27] [Render thread/DEBUG] (FabricLoader/Mixin) fabric-item-api-v1.client.mixins.json:HeldItemRendererMixin from mod fabric-item-api-v1->@Inject::modifyProgressAnimation(Lorg/spongepowered/asm/mixin/injection/callback/CallbackInfo;)V won't be passed a CallbackInfo as a result
[11:21:27] [Render thread/DEBUG] (FabricLoader/Mixin) Mixing LightmapMixin from nebula.mixins.json into net.minecraft.client.render.LightmapTextureManager
[11:21:27] [Render thread/DEBUG] (FabricLoader/Mixin) nebula.mixins.json:LightmapMixin from mod nebula->@Inject::nebula$throttleLightmap(FLorg/spongepowered/asm/mixin/injection/callback/CallbackInfo;)V does use it's CallbackInfo
[11:21:28] [Render thread/DEBUG] (com.mojang.blaze3d.systems.RenderSystem) Growing IndexBuffer: Old limit 0, new limit 9360.
[11:21:28] [Render thread/DEBUG] (com.mojang.blaze3d.systems.RenderSystem) Growing IndexBuffer: Old limit 0, new limit 20.
[11:21:28] [Render thread/DEBUG] (FabricLoader/Mixin) Mixing ParticleManagerAccessor$SimpleSpriteProviderAccessor from fabric-particles-v1.client.mixins.json into net.minecraft.client.particle.ParticleManager$SimpleSpriteProvider
[11:21:28] [Render thread/DEBUG] (FabricLoader/Mixin) fabric-particles-v1.client.mixins.json:ParticleManagerAccessor$SimpleSpriteProviderAccessor from mod fabric-particles-v1: Class version 61 required is higher than the class version supported by the current version of Mixin (JAVA_16 supports class version 60)
[11:21:28] [Render thread/DEBUG] (FabricLoader/Mixin) Mixing OverlayMixin from nebula.mixins.json into net.minecraft.client.gui.hud.InGameHud
[11:21:28] [Render thread/DEBUG] (FabricLoader/Mixin) Mixing InGameHudMixin from fabric-rendering-v1.mixins.json into net.minecraft.client.gui.hud.InGameHud
[11:21:28] [Render thread/DEBUG] (FabricLoader/Mixin) fabric-rendering-v1.mixins.json:InGameHudMixin from mod fabric-rendering-v1: Class version 61 required is higher than the class version supported by the current version of Mixin (JAVA_16 supports class version 60)
[11:21:28] [Render thread/ERROR] (FabricLoader/Mixin) Mixin apply for mod nebula failed nebula.mixins.json:OverlayMixin from mod nebula -> net.minecraft.client.gui.hud.InGameHud: org.spongepowered.asm.mixin.injection.throwables.InvalidInjectionException Critical injection failure: @Inject annotation on nebula$removeVignette could not find any targets matching 'renderVignette(Lnet/minecraft/client/gui/DrawContext;Lnet/minecraft/entity/Entity;)V' in net.minecraft.client.gui.hud.InGameHud. No refMap loaded. [PREINJECT Applicator Phase -> nebula.mixins.json:OverlayMixin from mod nebula -> Prepare Injections ->  -> handler$zcf000$nebula$removeVignette(Lnet/minecraft/client/gui/DrawContext;Lnet/minecraft/entity/Entity;Lorg/spongepowered/asm/mixin/injection/callback/CallbackInfo;)V -> Parse]
org.spongepowered.asm.mixin.injection.throwables.InvalidInjectionException: Critical injection failure: @Inject annotation on nebula$removeVignette could not find any targets matching 'renderVignette(Lnet/minecraft/client/gui/DrawContext;Lnet/minecraft/entity/Entity;)V' in net.minecraft.client.gui.hud.InGameHud. No refMap loaded. [PREINJECT Applicator Phase -> nebula.mixins.json:OverlayMixin from mod nebula -> Prepare Injections ->  -> handler$zcf000$nebula$removeVignette(Lnet/minecraft/client/gui/DrawContext;Lnet/minecraft/entity/Entity;Lorg/spongepowered/asm/mixin/injection/callback/CallbackInfo;)V -> Parse]
	at org.spongepowered.asm.mixin.injection.struct.InjectionInfo.validateTargets(InjectionInfo.java:658) ~[sponge-mixin-0.13.3+mixin.0.8.5.jar:0.13.3+mixin.0.8.5]
	at org.spongepowered.asm.mixin.injection.struct.InjectionInfo.findTargets(InjectionInfo.java:589) ~[sponge-mixin-0.13.3+mixin.0.8.5.jar:0.13.3+mixin.0.8.5]
	at org.spongepowered.asm.mixin.injection.struct.InjectionInfo.readAnnotation(InjectionInfo.java:330) ~[sponge-mixin-0.13.3+mixin.0.8.5.jar:0.13.3+mixin.0.8.5]
	at org.spongepowered.asm.mixin.injection.struct.InjectionInfo.<init>(InjectionInfo.java:316) ~[sponge-mixin-0.13.3+mixin.0.8.5.jar:0.13.3+mixin.0.8.5]
	at org.spongepowered.asm.mixin.injection.struct.InjectionInfo.<init>(InjectionInfo.java:308) ~[sponge-mixin-0.13.3+mixin.0.8.5.jar:0.13.3+mixin.0.8.5]
	at org.spongepowered.asm.mixin.injection.struct.CallbackInjectionInfo.<init>(CallbackInjectionInfo.java:46) ~[sponge-mixin-0.13.3+mixin.0.8.5.jar:0.13.3+mixin.0.8.5]
	at jdk.internal.reflect.DirectConstructorHandleAccessor.newInstance(DirectConstructorHandleAccessor.java:62) ~[?:?]
	at java.lang.reflect.Constructor.newInstanceWithCaller(Constructor.java:502) ~[?:?]
	at java.lang.reflect.Constructor.newInstance(Constructor.java:486) ~[?:?]
	at org.spongepowered.asm.mixin.injection.struct.InjectionInfo$InjectorEntry.create(InjectionInfo.java:149) ~[sponge-mixin-0.13.3+mixin.0.8.5.jar:0.13.3+mixin.0.8.5]
	at org.spongepowered.asm.mixin.injection.struct.InjectionInfo.parse(InjectionInfo.java:710) ~[sponge-mixin-0.13.3+mixin.0.8.5.jar:0.13.3+mixin.0.8.5]
	at org.spongepowered.asm.mixin.transformer.MixinTargetContext.prepareInjections(MixinTargetContext.java:1329) ~[sponge-mixin-0.13.3+mixin.0.8.5.jar:0.13.3+mixin.0.8.5]
	at org.spongepowered.asm.mixin.transformer.MixinApplicatorStandard.prepareInjections(MixinApplicatorStandard.java:1053) ~[sponge-mixin-0.13.3+mixin.0.8.5.jar:0.13.3+mixin.0.8.5]
	at org.spongepowered.asm.mixin.transformer.MixinApplicatorStandard.applyMixin(MixinApplicatorStandard.java:395) ~[sponge-mixin-0.13.3+mixin.0.8.5.jar:0.13.3+mixin.0.8.5]
	at org.spongepowered.asm.mixin.transformer.MixinApplicatorStandard.apply(MixinApplicatorStandard.java:327) ~[sponge-mixin-0.13.3+mixin.0.8.5.jar:0.13.3+mixin.0.8.5]
	at org.spongepowered.asm.mixin.transformer.TargetClassContext.apply(TargetClassContext.java:422) ~[sponge-mixin-0.13.3+mixin.0.8.5.jar:0.13.3+mixin.0.8.5]
	at org.spongepowered.asm.mixin.transformer.TargetClassContext.applyMixins(TargetClassContext.java:403) ~[sponge-mixin-0.13.3+mixin.0.8.5.jar:0.13.3+mixin.0.8.5]
	at org.spongepowered.asm.mixin.transformer.MixinProcessor.applyMixins(MixinProcessor.java:363) ~[sponge-mixin-0.13.3+mixin.0.8.5.jar:0.13.3+mixin.0.8.5]
	at org.spongepowered.asm.mixin.transformer.MixinTransformer.transformClass(MixinTransformer.java:234) ~[sponge-mixin-0.13.3+mixin.0.8.5.jar:0.13.3+mixin.0.8.5]
	at org.spongepowered.asm.mixin.transformer.MixinTransformer.transformClassBytes(MixinTransformer.java:202) ~[sponge-mixin-0.13.3+mixin.0.8.5.jar:0.13.3+mixin.0.8.5]
	at net.fabricmc.loader.impl.launch.knot.KnotClassDelegate.getPostMixinClassByteArray(KnotClassDelegate.java:422) ~[fabric-loader-0.15.11.jar:?]
	at net.fabricmc.loader.impl.launch.knot.KnotClassDelegate.tryLoadClass(KnotClassDelegate.java:323) ~[fabric-loader-0.15.11.jar:?]
	at net.fabricmc.loader.impl.launch.knot.KnotClassDelegate.loadClass(KnotClassDelegate.java:218) ~[fabric-loader-0.15.11.jar:?]
	at net.fabricmc.loader.impl.launch.knot.KnotClassLoader.loadClass(KnotClassLoader.java:119) ~[fabric-loader-0.15.11.jar:?]
	at java.lang.ClassLoader.loadClass(ClassLoader.java:526) ~[?:?]
	at net.minecraft.client.MinecraftClient.<init>(MinecraftClient.java:603) ~[minecraft-merged-7787b014d4-1.20.1-net.fabricmc.yarn.1_20_1.1.20.1+build.10-v2.jar:?]
	at net.minecraft.client.main.Main.main(Main.java:211) ~[minecraft-merged-7787b014d4-1.20.1-net.fabricmc.yarn.1_20_1.1.20.1+build.10-v2.jar:?]
	at net.fabricmc.loader.impl.game.minecraft.MinecraftGameProvider.launch(MinecraftGameProvider.java:470) ~[fabric-loader-0.15.11.jar:?]
	at net.fabricmc.loader.impl.launch.knot.Knot.launch(Knot.java:74) ~[fabric-loader-0.15.11.jar:?]
	at net.fabricmc.loader.impl.launch.knot.KnotClient.main(KnotClient.java:23) ~[fabric-loader-0.15.11.jar:?]
	at net.fabricmc.devlaunchinjector.Main.main(Main.java:86) ~[dev-launch-injector-0.2.1+build.8.jar:?]
[11:21:28] [Render thread/DEBUG] (oshi.util.FileUtil) Reading file /sys/devices/system/cpu/cpu0/topology/core_id
[11:21:28] [Render thread/DEBUG] (oshi.util.FileUtil) Reading file /sys/devices/system/cpu/cpu0/topology/core_id
[11:21:28] [Render thread/DEBUG] (oshi.util.FileUtil) Reading file /sys/devices/system/cpu/cpu0/topology/physical_package_id
[11:21:28] [Render thread/DEBUG] (oshi.util.FileUtil) Reading file /sys/devices/system/cpu/cpu0/topology/physical_package_id
[11:21:28] [Render thread/DEBUG] (oshi.util.FileUtil) Reading file /sys/devices/system/cpu/cpu0/cpu_capacity
[11:21:28] [Render thread/DEBUG] (oshi.util.FileUtil) Reading file /sys/devices/system/cpu/cpu1/topology/core_id
[11:21:28] [Render thread/DEBUG] (oshi.util.FileUtil) Reading file /sys/devices/system/cpu/cpu1/topology/core_id
[11:21:28] [Render thread/DEBUG] (oshi.util.FileUtil) Reading file /sys/devices/system/cpu/cpu1/topology/physical_package_id
[11:21:28] [Render thread/DEBUG] (oshi.util.FileUtil) Reading file /sys/devices/system/cpu/cpu1/topology/physical_package_id
[11:21:28] [Render thread/DEBUG] (oshi.util.FileUtil) Reading file /sys/devices/system/cpu/cpu1/cpu_capacity
[11:21:28] [Render thread/DEBUG] (oshi.util.FileUtil) Reading file /proc/cpuinfo
[11:21:28] [Render thread/DEBUG] (oshi.util.FileUtil) Reading file /proc/self/auxv
[11:21:28] [Render thread/DEBUG] (oshi.util.FileUtil) Reading file /proc/meminfo
[11:21:28] [Render thread/DEBUG] (oshi.util.FileUtil) Reading file /proc/meminfo
